"../../../Engine/Plugins/Interchange/Runtime/Content/Pipelines/DefaultMaterialXPipeline.uasset" 0
"../../../Engine/Plugins/Interchange/Runtime/Content/Pipelines/DefaultMaterialXPipeline.uexp" 1
"../../../Engine/Plugins/Interchange/Runtime/Content/Pipelines/DefaultSceneAssetsPipeline.uasset" 2
"../../../Engine/Plugins/Interchange/Runtime/Content/Pipelines/DefaultSceneAssetsPipeline.uexp" 3
"../../../Engine/Plugins/Interchange/Runtime/Content/Pipelines/DefaultSceneLevelPipeline.uasset" 4
"../../../Engine/Plugins/Interchange/Runtime/Content/Pipelines/DefaultSceneLevelPipeline.uexp" 5
"../../../Engine/Plugins/Interchange/Runtime/Content/Pipelines/DefaultTexturePipeline.uasset" 6
"../../../Engine/Plugins/Interchange/Runtime/Content/Pipelines/DefaultTexturePipeline.uexp" 7
"../../../Engine/Plugins/2D/Paper2D/Content/PlaceholderTextures/DummySpriteTexture.ubulk" 8
"../../../Engine/Plugins/2D/Paper2D/Content/PlaceholderTextures/DummySpriteTexture.uasset" 9
"../../../Engine/Plugins/2D/Paper2D/Content/PlaceholderTextures/DummySpriteTexture.uexp" 10
"../../../Engine/Plugins/2D/Paper2D/Content/DummySprite.uasset" 11
"../../../Engine/Plugins/2D/Paper2D/Content/DummySprite.uexp" 12
"../../../Engine/Plugins/2D/Paper2D/Content/DefaultPaperTerrainMaterial.uasset" 13
"../../../Engine/Plugins/2D/Paper2D/Content/DefaultPaperTerrainMaterial.uexp" 14
"../../../Engine/Plugins/Animation/ACLPlugin/Content/ACLAnimBoneCompressionSettings.uasset" 15
"../../../Engine/Plugins/Animation/ACLPlugin/Content/ACLAnimBoneCompressionSettings.uexp" 16
"../../../Engine/Plugins/Animation/ACLPlugin/Content/ACLAnimCurveCompressionSettings.uasset" 17
"../../../Engine/Plugins/Animation/ACLPlugin/Content/ACLAnimCurveCompressionSettings.uexp" 18
"../../../Engine/Content/Functions/Engine_MaterialFunctions02/WorldPositionOffset/CameraOffset.uasset" 19
"../../../Engine/Content/Functions/Engine_MaterialFunctions02/WorldPositionOffset/CameraOffset.uexp" 20
"../../../Engine/Plugins/Animation/ControlRig/Content/M_Manip.uasset" 21
"../../../Engine/Plugins/Animation/ControlRig/Content/M_Manip.uexp" 22
"../../../Engine/Content/EngineMaterials/MiniFont.uasset" 23
"../../../Engine/Content/EngineMaterials/MiniFont.uexp" 24
"../../../Engine/Content/EngineMaterials/InvalidLightmapSettings.ubulk" 25
"../../../Engine/Content/EngineMaterials/InvalidLightmapSettings.uasset" 26
"../../../Engine/Content/EngineMaterials/InvalidLightmapSettings.uexp" 27
"../../../Engine/Content/EngineMaterials/M_InvalidLightmapSettings.uasset" 28
"../../../Engine/Content/EngineMaterials/M_InvalidLightmapSettings.uexp" 29
"../../../Engine/Content/EngineMaterials/NaniteHiddenSectionMaterial.uasset" 30
"../../../Engine/Content/EngineMaterials/NaniteHiddenSectionMaterial.uexp" 31
"../../../Engine/Content/EngineMaterials/PhAT_JointLimitMaterial.uasset" 32
"../../../Engine/Content/EngineMaterials/PhAT_JointLimitMaterial.uexp" 33
"../../../Engine/Content/EngineMaterials/DefaultCalibrationColor.uasset" 34
"../../../Engine/Content/EngineMaterials/DefaultCalibrationColor.uexp" 35
"../../../Engine/Content/EngineMaterials/PPM_DefaultCalibrationColor.uasset" 36
"../../../Engine/Content/EngineMaterials/PPM_DefaultCalibrationColor.uexp" 37
"../../../Engine/Content/EngineMaterials/DefaultCalibrationGrayscale.uasset" 38
"../../../Engine/Content/EngineMaterials/DefaultCalibrationGrayscale.uexp" 39
"../../../Engine/Content/EngineMaterials/PPM_DefaultCalibrationGrayscale.uasset" 40
"../../../Engine/Content/EngineMaterials/PPM_DefaultCalibrationGrayscale.uexp" 41
"../../../Engine/Plugins/Interchange/Assets/Content/Functions/MX_AbsorptionVDF.uasset" 42
"../../../Engine/Plugins/Interchange/Assets/Content/Functions/MX_AbsorptionVDF.uexp" 43
"../../../Engine/Content/EngineMaterials/PreintegratedSkinBRDF.uasset" 44
"../../../Engine/Content/EngineMaterials/PreintegratedSkinBRDF.uexp" 45
"../../../Engine/Plugins/Runtime/AudioWidgets/Content/Resources/ScrubHandleDown_Clamped.uasset" 46
"../../../Engine/Plugins/Runtime/AudioWidgets/Content/Resources/ScrubHandleDown_Clamped.uexp" 47
"../../../Engine/Content/EditorMaterials/PhAT_NoCollisionMaterial.uasset" 48
"../../../Engine/Content/EditorMaterials/PhAT_NoCollisionMaterial.uexp" 49
"../../../Engine/Plugins/Interchange/Assets/Content/Functions/MX_AnisotropicVDF.uasset" 50
"../../../Engine/Plugins/Interchange/Assets/Content/Functions/MX_AnisotropicVDF.uexp" 51
"../../../Engine/Content/EditorMaterials/PhAT_UnselectedMaterial.uasset" 52
"../../../Engine/Content/EditorMaterials/PhAT_UnselectedMaterial.uexp" 53
"../../../Engine/Plugins/Interchange/Assets/Content/Functions/MX_BurleyDiffuseBSDF.uasset" 54
"../../../Engine/Plugins/Interchange/Assets/Content/Functions/MX_BurleyDiffuseBSDF.uexp" 55
"../../../Engine/Content/EditorMaterials/PreviewShadowIndicator.ubulk" 56
"../../../Engine/Content/EditorMaterials/PreviewShadowIndicator.uasset" 57
"../../../Engine/Content/EditorMaterials/PreviewShadowIndicator.uexp" 58
"../../../Engine/Content/EditorMaterials/PreviewShadowIndicatorMaterial.uasset" 59
"../../../Engine/Content/EditorMaterials/PreviewShadowIndicatorMaterial.uexp" 60
"../../../Engine/Plugins/Runtime/HairStrands/Content/Materials/HairCardsDefaultMaterial.uasset" 61
"../../../Engine/Plugins/Runtime/HairStrands/Content/Materials/HairCardsDefaultMaterial.uexp" 62
"../../../Engine/Content/EngineMaterials/RemoveSurfaceMaterial.uasset" 63
"../../../Engine/Content/EngineMaterials/RemoveSurfaceMaterial.uexp" 64
"../../../Engine/Plugins/Interchange/Assets/Content/Functions/MX_ChiangHairBSDF.uasset" 65
"../../../Engine/Plugins/Interchange/Assets/Content/Functions/MX_ChiangHairBSDF.uexp" 66
"../../../Engine/Content/Functions/Engine_MaterialFunctions02/Utility/MakeFloat2.uasset" 67
"../../../Engine/Content/Functions/Engine_MaterialFunctions02/Utility/MakeFloat2.uexp" 68
"../../../Engine/Content/Functions/Engine_MaterialFunctions02/Utility/MakeFloat3.uasset" 69
"../../../Engine/Content/Functions/Engine_MaterialFunctions02/Utility/MakeFloat3.uexp" 70
"../../../Engine/Content/EngineMaterials/HairColorMap.uasset" 71
"../../../Engine/Content/EngineMaterials/HairColorMap.uexp" 72
"../../../Engine/Content/EngineMaterials/HairDebugColor.uasset" 73
"../../../Engine/Content/EngineMaterials/HairDebugColor.uexp" 74
"../../../Engine/Plugins/Runtime/HairStrands/Content/Materials/HairGroupColors.uasset" 75
"../../../Engine/Plugins/Runtime/HairStrands/Content/Materials/HairGroupColors.uexp" 76
"../../../Engine/Plugins/Runtime/HairStrands/Content/Materials/HairDebugMaterial.uasset" 77
"../../../Engine/Plugins/Runtime/HairStrands/Content/Materials/HairDebugMaterial.uexp" 78
"../../../Engine/Plugins/Runtime/HairStrands/Content/Materials/HairDefaultMaterial.uasset" 79
"../../../Engine/Plugins/Runtime/HairStrands/Content/Materials/HairDefaultMaterial.uexp" 80
"../../../Engine/Content/EngineMaterials/SMAAAreaTex.uasset" 81
"../../../Engine/Content/EngineMaterials/SMAAAreaTex.uexp" 82
"../../../Engine/Content/EngineMaterials/SMAASearchTex.uasset" 83
"../../../Engine/Content/EngineMaterials/SMAASearchTex.uexp" 84
"../../../Engine/Plugins/Runtime/HairStrands/Content/Materials/HairMeshesDefaultMaterial.uasset" 85
"../../../Engine/Plugins/Runtime/HairStrands/Content/Materials/HairMeshesDefaultMaterial.uexp" 86
"../../../Engine/Content/EngineMaterials/T_Default_Material_Grid_M.ubulk" 87
"../../../Engine/Content/EngineMaterials/T_Default_Material_Grid_M.uasset" 88
"../../../Engine/Content/EngineMaterials/T_Default_Material_Grid_M.uexp" 89
"../../../Engine/Content/EngineMaterials/T_Default_Material_Grid_N.ubulk" 90
"../../../Engine/Content/EngineMaterials/T_Default_Material_Grid_N.uasset" 91
"../../../Engine/Content/EngineMaterials/T_Default_Material_Grid_N.uexp" 92
"../../../Engine/Content/Functions/Engine_MaterialFunctions01/Opacity/CameraDepthFade.uasset" 93
"../../../Engine/Content/Functions/Engine_MaterialFunctions01/Opacity/CameraDepthFade.uexp" 94
"../../../Engine/Content/EngineMaterials/WorldGridMaterial.uasset" 95
"../../../Engine/Content/EngineMaterials/WorldGridMaterial.uexp" 96
"../../../Engine/Plugins/Media/MediaPlate/Content/SM_MediaPlateScreen.ubulk" 97
"../../../Engine/Plugins/Media/MediaPlate/Content/SM_MediaPlateScreen.uasset" 98
"../../../Engine/Plugins/Media/MediaPlate/Content/SM_MediaPlateScreen.uexp" 99
"../../../Engine/Plugins/NNE/NNEDenoiser/Content/NNEDIM_ColorAlbedoNormal_Alpha.uasset" 100
"../../../Engine/Plugins/NNE/NNEDenoiser/Content/NNEDIM_ColorAlbedoNormal_Alpha.uexp" 101
"../../../Engine/Plugins/Interchange/Assets/Content/Functions/MX_ConductorBSDF.uasset" 102
"../../../Engine/Plugins/Interchange/Assets/Content/Functions/MX_ConductorBSDF.uexp" 103
"../../../Engine/Plugins/NNE/NNEDenoiser/Content/NNEDIM_ColorAlbedoNormal_Default.uasset" 104
"../../../Engine/Plugins/NNE/NNEDenoiser/Content/NNEDIM_ColorAlbedoNormal_Default.uexp" 105
"../../../Engine/Plugins/NNE/NNEDenoiser/Content/NNEDIM_HighQuality_Alpha.uasset" 106
"../../../Engine/Plugins/NNE/NNEDenoiser/Content/NNEDIM_HighQuality_Alpha.uexp" 107
"../../../Engine/Plugins/Interchange/Assets/Content/Functions/MX_ConicalEDF.uasset" 108
"../../../Engine/Plugins/Interchange/Assets/Content/Functions/MX_ConicalEDF.uexp" 109
"../../../Engine/Plugins/NNE/NNEDenoiser/Content/NNEDIM_HighQuality_Default.uasset" 110
"../../../Engine/Plugins/NNE/NNEDenoiser/Content/NNEDIM_HighQuality_Default.uexp" 111
"../../../Engine/Plugins/NNE/NNEDenoiser/Content/NNEDOM_Output_Alpha.uasset" 112
"../../../Engine/Plugins/NNE/NNEDenoiser/Content/NNEDOM_Output_Alpha.uexp" 113
"../../../Engine/Plugins/NNE/NNEDenoiser/Content/NNEDOM_Output_Default.uasset" 114
"../../../Engine/Plugins/NNE/NNEDenoiser/Content/NNEDOM_Output_Default.uexp" 115
"../../../Engine/Plugins/NNE/NNEDenoiser/Content/NNEDTIM_ColorAlbedoNormal_Alpha.uasset" 116
"../../../Engine/Plugins/NNE/NNEDenoiser/Content/NNEDTIM_ColorAlbedoNormal_Alpha.uexp" 117
"../../../Engine/Plugins/NNE/NNEDenoiser/Content/NNEDTIM_ColorAlbedoNormal_Default.uasset" 118
"../../../Engine/Plugins/NNE/NNEDenoiser/Content/NNEDTIM_ColorAlbedoNormal_Default.uexp" 119
"../../../Engine/Plugins/NNE/NNEDenoiser/Content/NNEDTOM_Output_Alpha.uasset" 120
"../../../Engine/Plugins/NNE/NNEDenoiser/Content/NNEDTOM_Output_Alpha.uexp" 121
"../../../Engine/Plugins/NNE/NNEDenoiser/Content/NNEDTOM_Output_Default.uasset" 122
"../../../Engine/Plugins/NNE/NNEDenoiser/Content/NNEDTOM_Output_Default.uexp" 123
"../../../Engine/Plugins/Interchange/Assets/Content/Functions/MX_DielectricBSDF.uasset" 124
"../../../Engine/Plugins/Interchange/Assets/Content/Functions/MX_DielectricBSDF.uexp" 125
"../../../Engine/Plugins/Interchange/Assets/Content/Functions/MX_Displacement.uasset" 126
"../../../Engine/Plugins/Interchange/Assets/Content/Functions/MX_Displacement.uexp" 127
"../../../Engine/Plugins/Interchange/Assets/Content/Functions/MX_GeneralizedSchlickBSDF.uasset" 128
"../../../Engine/Plugins/Interchange/Assets/Content/Functions/MX_GeneralizedSchlickBSDF.uexp" 129
"../../../Engine/Content/Animation/DefaultRecorderBoneCompression.uasset" 130
"../../../Engine/Content/Animation/DefaultRecorderBoneCompression.uexp" 131
"../../../Engine/Content/Animation/DefaultVariableFrameStrippingSettings.uasset" 132
"../../../Engine/Content/Animation/DefaultVariableFrameStrippingSettings.uexp" 133
"../../../Engine/Plugins/Interchange/Assets/Content/Functions/MX_MeasuredEDF.uasset" 134
"../../../Engine/Plugins/Interchange/Assets/Content/Functions/MX_MeasuredEDF.uexp" 135
"../../../Engine/Plugins/Interchange/Assets/Content/Functions/MF_IridescenceNoLUT.uasset" 136
"../../../Engine/Plugins/Interchange/Assets/Content/Functions/MF_IridescenceNoLUT.uexp" 137
"../../../Engine/Plugins/Interchange/Assets/Content/Functions/MX_StandardSurface.uasset" 138
"../../../Engine/Plugins/Interchange/Assets/Content/Functions/MX_StandardSurface.uexp" 139
"../../../Engine/Plugins/Interchange/Assets/Content/Functions/MX_OpenPBR_Opaque.uasset" 140
"../../../Engine/Plugins/Interchange/Assets/Content/Functions/MX_OpenPBR_Opaque.uexp" 141
"../../../Engine/Plugins/Interchange/Assets/Content/Functions/MX_TransmissionSurface.uasset" 142
"../../../Engine/Plugins/Interchange/Assets/Content/Functions/MX_TransmissionSurface.uexp" 143
"../../../Engine/Plugins/Interchange/Assets/Content/Functions/MX_OpenPBR_Translucent.uasset" 144
"../../../Engine/Plugins/Interchange/Assets/Content/Functions/MX_OpenPBR_Translucent.uexp" 145
"../../../Engine/Plugins/Interchange/Assets/Content/Functions/MX_OrenNayarBSDF.uasset" 146
"../../../Engine/Plugins/Interchange/Assets/Content/Functions/MX_OrenNayarBSDF.uexp" 147
"../../../Engine/Content/EngineMaterials/DefaultMaterial.uasset" 148
"../../../Engine/Content/EngineMaterials/DefaultMaterial.uexp" 149
"../../../Engine/Content/BasicShapes/Cone.ubulk" 150
"../../../Engine/Content/BasicShapes/Cone.uasset" 151
"../../../Engine/Content/BasicShapes/Cone.uexp" 152
"../../../Engine/Content/BasicShapes/Cube.ubulk" 153
"../../../Engine/Content/BasicShapes/Cube.uasset" 154
"../../../Engine/Content/BasicShapes/Cube.uexp" 155
"../../../Engine/Plugins/Interchange/Assets/Content/Functions/MX_SheenBSDF.uasset" 156
"../../../Engine/Plugins/Interchange/Assets/Content/Functions/MX_SheenBSDF.uexp" 157
"../../../Engine/Content/BasicShapes/Cylinder.ubulk" 158
"../../../Engine/Content/BasicShapes/Cylinder.uasset" 159
"../../../Engine/Content/BasicShapes/Cylinder.uexp" 160
"../../../Engine/Content/BasicShapes/Plane.ubulk" 161
"../../../Engine/Content/BasicShapes/Plane.uasset" 162
"../../../Engine/Content/BasicShapes/Plane.uexp" 163
"../../../Engine/Plugins/Interchange/Assets/Content/Functions/MX_SubsurfaceBSDF.uasset" 164
"../../../Engine/Plugins/Interchange/Assets/Content/Functions/MX_SubsurfaceBSDF.uexp" 165
"../../../Engine/Plugins/Interchange/Assets/Content/Functions/MX_Surface.uasset" 166
"../../../Engine/Plugins/Interchange/Assets/Content/Functions/MX_Surface.uexp" 167
"../../../Engine/Plugins/Interchange/Assets/Content/Functions/MX_SurfaceUnlit.uasset" 168
"../../../Engine/Plugins/Interchange/Assets/Content/Functions/MX_SurfaceUnlit.uexp" 169
"../../../Engine/Plugins/Interchange/Assets/Content/Functions/MX_TranslucentBSDF.uasset" 170
"../../../Engine/Plugins/Interchange/Assets/Content/Functions/MX_TranslucentBSDF.uexp" 171
"../../../Engine/Content/EditorMaterials/Dataflow/DataflowTwoSidedVertexMaterial.uasset" 172
"../../../Engine/Content/EditorMaterials/Dataflow/DataflowTwoSidedVertexMaterial.uexp" 173
"../../../Engine/Content/EditorMaterials/Dataflow/DataflowVertexMaterial.uasset" 174
"../../../Engine/Content/EditorMaterials/Dataflow/DataflowVertexMaterial.uexp" 175
"../../../Engine/Content/EngineMeshes/Sphere.ubulk" 176
"../../../Engine/Content/EngineMeshes/Sphere.uasset" 177
"../../../Engine/Content/EngineMeshes/Sphere.uexp" 178
"../../../Engine/Plugins/Interchange/Assets/Content/Functions/MX_UniformEDF.uasset" 179
"../../../Engine/Plugins/Interchange/Assets/Content/Functions/MX_UniformEDF.uexp" 180
"../../../Engine/Plugins/Interchange/Assets/Content/Functions/MX_UsdPreviewSurface.uasset" 181
"../../../Engine/Plugins/Interchange/Assets/Content/Functions/MX_UsdPreviewSurface.uexp" 182
"../../../Engine/Content/EditorResources/BSPVertex.uasset" 183
"../../../Engine/Content/EditorResources/BSPVertex.uexp" 184
"../../../Engine/Content/EngineResources/Black.uasset" 185
"../../../Engine/Content/EngineResources/Black.uexp" 186
"../../../Engine/Content/EngineResources/GradientTexture0.uasset" 187
"../../../Engine/Content/EngineResources/GradientTexture0.uexp" 188
"../../../Engine/Content/EditorResources/S_Actor.ubulk" 189
"../../../Engine/Content/EditorResources/S_Actor.uasset" 190
"../../../Engine/Content/EditorResources/S_Actor.uexp" 191
"../../../Engine/Content/EditorResources/S_BoxReflectionCapture.uasset" 192
"../../../Engine/Content/EditorResources/S_BoxReflectionCapture.uexp" 193
"../../../Engine/Content/EngineSky/M_SimpleSkyDome.uasset" 194
"../../../Engine/Content/EngineSky/M_SimpleSkyDome.uexp" 195
"../../../Engine/Content/EngineSky/T_Sky_Blue.ubulk" 196
"../../../Engine/Content/EngineSky/T_Sky_Blue.uasset" 197
"../../../Engine/Content/EngineSky/T_Sky_Blue.uexp" 198
"../../../Engine/Content/EngineSky/T_Sky_Clouds_M.ubulk" 199
"../../../Engine/Content/EngineSky/T_Sky_Clouds_M.uasset" 200
"../../../Engine/Content/EngineSky/T_Sky_Clouds_M.uexp" 201
"../../../Engine/Content/EngineSky/T_Sky_Stars.ubulk" 202
"../../../Engine/Content/EngineSky/T_Sky_Stars.uasset" 203
"../../../Engine/Content/EngineSky/T_Sky_Stars.uexp" 204
"../../../Engine/Content/EngineSky/M_Sky_Panning_Clouds2.uasset" 205
"../../../Engine/Content/EngineSky/M_Sky_Panning_Clouds2.uexp" 206
"../../../Engine/Content/EngineSky/SM_SkySphere.ubulk" 207
"../../../Engine/Content/EngineSky/SM_SkySphere.uasset" 208
"../../../Engine/Content/EngineSky/SM_SkySphere.uexp" 209
"../../../Engine/Content/EngineSounds/Master.uasset" 210
"../../../Engine/Content/EngineSounds/Master.uexp" 211
"../../../Engine/Content/EditorResources/S_Solver.ubulk" 212
"../../../Engine/Content/EditorResources/S_Solver.uasset" 213
"../../../Engine/Content/EditorResources/S_Solver.uexp" 214
"../../../Engine/Content/EditorLandscapeResources/DefaultAlphaTexture.uasset" 215
"../../../Engine/Content/EditorLandscapeResources/DefaultAlphaTexture.uexp" 216
"../../../Engine/Content/EditorLandscapeResources/LandscapeDirtyMaterial.uasset" 217
"../../../Engine/Content/EditorLandscapeResources/LandscapeDirtyMaterial.uexp" 218
"../../../Engine/Content/EditorResources/S_Terrain.ubulk" 219
"../../../Engine/Content/EditorResources/S_Terrain.uasset" 220
"../../../Engine/Content/EditorResources/S_Terrain.uexp" 221
"../../../Engine/Content/EditorResources/S_Trigger.ubulk" 222
"../../../Engine/Content/EditorResources/S_Trigger.uasset" 223
"../../../Engine/Content/EditorResources/S_Trigger.uexp" 224
"../../../Engine/Plugins/Interchange/Assets/Content/Substrate/MX_SimpleVolume.uasset" 225
"../../../Engine/Plugins/Interchange/Assets/Content/Substrate/MX_SimpleVolume.uexp" 226
"../../../Engine/Content/EditorResources/S_TriggerBox.uasset" 227
"../../../Engine/Content/EditorResources/S_TriggerBox.uexp" 228
"../../../Engine/Content/EngineMaterials/DefaultDiffuse.ubulk" 229
"../../../Engine/Content/EngineMaterials/DefaultDiffuse.uasset" 230
"../../../Engine/Content/EngineMaterials/DefaultDiffuse.uexp" 231
"../../../Engine/Content/Functions/Engine_MaterialFunctions01/Texturing/TextureCropping.uasset" 232
"../../../Engine/Content/Functions/Engine_MaterialFunctions01/Texturing/TextureCropping.uexp" 233
"../../../Engine/Content/Functions/Engine_MaterialFunctions02/ExampleContent/DebugNumberStrip.uasset" 234
"../../../Engine/Content/Functions/Engine_MaterialFunctions02/ExampleContent/DebugNumberStrip.uexp" 235
"../../../Engine/Content/Functions/Engine_MaterialFunctions01/Debug/DebugIntValues.uasset" 236
"../../../Engine/Content/Functions/Engine_MaterialFunctions01/Debug/DebugIntValues.uexp" 237
"../../../Engine/Content/Functions/Engine_MaterialFunctions02/Utility/BreakOutFloat2Components.uasset" 238
"../../../Engine/Content/Functions/Engine_MaterialFunctions02/Utility/BreakOutFloat2Components.uexp" 239
"../../../Engine/Content/Functions/Engine_MaterialFunctions01/Texturing/ScaleUVsByCenter.uasset" 240
"../../../Engine/Content/Functions/Engine_MaterialFunctions01/Texturing/ScaleUVsByCenter.uexp" 241
"../../../Engine/Content/Functions/Engine_MaterialFunctions02/WorldPositionOffset/LocalPosition.uasset" 242
"../../../Engine/Content/Functions/Engine_MaterialFunctions02/WorldPositionOffset/LocalPosition.uexp" 243
"../../../Engine/Content/EditorLandscapeResources/LandscapeLayerUsageMaterial.uasset" 244
"../../../Engine/Content/EditorLandscapeResources/LandscapeLayerUsageMaterial.uexp" 245
"../../../Engine/Content/EditorResources/S_TriggerCapsule.uasset" 246
"../../../Engine/Content/EditorResources/S_TriggerCapsule.uexp" 247
"../../../Engine/Content/EditorResources/S_TriggerSphere.uasset" 248
"../../../Engine/Content/EditorResources/S_TriggerSphere.uexp" 249
"../../../Engine/Content/MobileResources/HUD/VirtualJoystick_Background.uasset" 250
"../../../Engine/Content/MobileResources/HUD/VirtualJoystick_Background.uexp" 251
"../../../Engine/Content/MobileResources/HUD/VirtualJoystick_Thumb.uasset" 252
"../../../Engine/Content/MobileResources/HUD/VirtualJoystick_Thumb.uexp" 253
"../../../Engine/Content/MobileResources/HUD/DefaultVirtualJoysticks.uasset" 254
"../../../Engine/Content/MobileResources/HUD/DefaultVirtualJoysticks.uexp" 255
"../../../Engine/Content/EditorLandscapeResources/WhiteSquareTexture.uasset" 256
"../../../Engine/Content/EditorLandscapeResources/WhiteSquareTexture.uexp" 257
"../../../Engine/Content/EditorLandscapeResources/LayerVisMaterial.uasset" 258
"../../../Engine/Content/EditorLandscapeResources/LayerVisMaterial.uexp" 259
"../../../Engine/Plugins/Interchange/Runtime/Content/Pipelines/DefaultAssetsPipeline.uasset" 260
"../../../Engine/Plugins/Interchange/Runtime/Content/Pipelines/DefaultAssetsPipeline.uexp" 261
"../../../Engine/Plugins/Interchange/Runtime/Content/Pipelines/DefaultAudioPipeline.uasset" 262
"../../../Engine/Plugins/Interchange/Runtime/Content/Pipelines/DefaultAudioPipeline.uexp" 263
"../../../Engine/Plugins/Interchange/Runtime/Content/Pipelines/DefaultGLTFAssetsPipeline.uasset" 264
"../../../Engine/Plugins/Interchange/Runtime/Content/Pipelines/DefaultGLTFAssetsPipeline.uexp" 265
"../../../Engine/Plugins/Interchange/Runtime/Content/Pipelines/DefaultGLTFPipeline.uasset" 266
"../../../Engine/Plugins/Interchange/Runtime/Content/Pipelines/DefaultGLTFPipeline.uexp" 267
"../../../Engine/Plugins/Interchange/Runtime/Content/Pipelines/DefaultGLTFSceneAssetsPipeline.uasset" 268
"../../../Engine/Plugins/Interchange/Runtime/Content/Pipelines/DefaultGLTFSceneAssetsPipeline.uexp" 269
"../../../Engine/Plugins/Interchange/Runtime/Content/Pipelines/DefaultMaterialPipeline.uasset" 270
"../../../Engine/Plugins/Interchange/Runtime/Content/Pipelines/DefaultMaterialPipeline.uexp" 271
"../../../Engine/Content/EditorLandscapeResources/SplineEditorMeshMat.uasset" 272
"../../../Engine/Content/EditorLandscapeResources/SplineEditorMeshMat.uexp" 273
"../../../Engine/Content/EditorLandscapeResources/SplineEditorMesh.ubulk" 274
"../../../Engine/Content/EditorLandscapeResources/SplineEditorMesh.uasset" 275
"../../../Engine/Content/EditorLandscapeResources/SplineEditorMesh.uexp" 276
"../../../Engine/Content/VREditor/LaserPointer/VR_LaserPower_01.ubulk" 277
"../../../Engine/Content/VREditor/LaserPointer/VR_LaserPower_01.uasset" 278
"../../../Engine/Content/VREditor/LaserPointer/VR_LaserPower_01.uexp" 279
"../../../Engine/Content/VREditor/TransformGizmo/TransformGizmoMaterial.uasset" 280
"../../../Engine/Content/VREditor/TransformGizmo/TransformGizmoMaterial.uexp" 281
"../../../Engine/Content/VREditor/TransformGizmo/TranslucentTransformGizmoMaterial.uasset" 282
"../../../Engine/Content/VREditor/TransformGizmo/TranslucentTransformGizmoMaterial.uexp" 283
"../../../Engine/Content/VREditor/TransformGizmo/BoundingBoxCorner.ubulk" 284
"../../../Engine/Content/VREditor/TransformGizmo/BoundingBoxCorner.uasset" 285
"../../../Engine/Content/VREditor/TransformGizmo/BoundingBoxCorner.uexp" 286
"../../../Engine/Content/VREditor/TransformGizmo/BoundingBoxEdge.ubulk" 287
"../../../Engine/Content/VREditor/TransformGizmo/BoundingBoxEdge.uasset" 288
"../../../Engine/Content/VREditor/TransformGizmo/BoundingBoxEdge.uexp" 289
"../../../Engine/Content/Functions/Engine_MaterialFunctions02/Utility/BreakOutFloat3Components.uasset" 290
"../../../Engine/Content/Functions/Engine_MaterialFunctions02/Utility/BreakOutFloat3Components.uexp" 291
"../../../Engine/Content/EngineMaterials/BlendFunc_DefBase.uasset" 292
"../../../Engine/Content/EngineMaterials/BlendFunc_DefBase.uexp" 293
"../../../Engine/Content/EngineMaterials/BlendFunc_DefBlend.uasset" 294
"../../../Engine/Content/EngineMaterials/BlendFunc_DefBlend.uexp" 295
"../../../Engine/Content/Functions/Engine_MaterialFunctions03/Blends/Blend_Overlay.uasset" 296
"../../../Engine/Content/Functions/Engine_MaterialFunctions03/Blends/Blend_Overlay.uexp" 297
"../../../Engine/Content/Functions/Engine_MaterialFunctions01/Gradient/LinearGradient.uasset" 298
"../../../Engine/Content/Functions/Engine_MaterialFunctions01/Gradient/LinearGradient.uexp" 299
"../../../Engine/Content/Functions/Engine_MaterialFunctions01/ImageAdjustment/CheapContrast.uasset" 300
"../../../Engine/Content/Functions/Engine_MaterialFunctions01/ImageAdjustment/CheapContrast.uexp" 301
"../../../Engine/Content/OpenWorldTemplate/LandscapeMaterial/T_GridChecker_A.ubulk" 302
"../../../Engine/Content/OpenWorldTemplate/LandscapeMaterial/T_GridChecker_A.uasset" 303
"../../../Engine/Content/OpenWorldTemplate/LandscapeMaterial/T_GridChecker_A.uexp" 304
"../../../Engine/Content/OpenWorldTemplate/LandscapeMaterial/MF_ProcGrid.uasset" 305
"../../../Engine/Content/OpenWorldTemplate/LandscapeMaterial/MF_ProcGrid.uexp" 306
"../../../Engine/Content/OpenWorldTemplate/LandscapeMaterial/M_ProcGrid.uasset" 307
"../../../Engine/Content/OpenWorldTemplate/LandscapeMaterial/M_ProcGrid.uexp" 308
"../../../Engine/Content/ArtTools/RenderToTexture/Meshes/S_1_Unit_Plane.ubulk" 309
"../../../Engine/Content/ArtTools/RenderToTexture/Meshes/S_1_Unit_Plane.uasset" 310
"../../../Engine/Content/ArtTools/RenderToTexture/Meshes/S_1_Unit_Plane.uexp" 311
"../../../Engine/Content/Functions/Engine_MaterialFunctions01/Shading/ConvertFromDiffSpec.uasset" 312
"../../../Engine/Content/Functions/Engine_MaterialFunctions01/Shading/ConvertFromDiffSpec.uexp" 313
"../../../Engine/Content/Functions/Engine_MaterialFunctions01/Shading/PowerToRoughness.uasset" 314
"../../../Engine/Content/Functions/Engine_MaterialFunctions01/Shading/PowerToRoughness.uexp" 315
"C:/Users/cjoyn/OneDrive/Documents/Unreal Projects/CIS488UnrealProject/TheMarbelousAscent/Content/Materials/Lime.uasset" 316
"C:/Users/cjoyn/OneDrive/Documents/Unreal Projects/CIS488UnrealProject/TheMarbelousAscent/Content/Materials/Lime.uexp" 317
"C:/Users/cjoyn/OneDrive/Documents/Unreal Projects/CIS488UnrealProject/TheMarbelousAscent/Content/Materials/Orange.uasset" 318
"C:/Users/cjoyn/OneDrive/Documents/Unreal Projects/CIS488UnrealProject/TheMarbelousAscent/Content/Materials/Orange.uexp" 319
"C:/Users/cjoyn/OneDrive/Documents/Unreal Projects/CIS488UnrealProject/TheMarbelousAscent/Content/Materials/Pink.uasset" 320
"C:/Users/cjoyn/OneDrive/Documents/Unreal Projects/CIS488UnrealProject/TheMarbelousAscent/Content/Materials/Pink.uexp" 321
"C:/Users/cjoyn/OneDrive/Documents/Unreal Projects/CIS488UnrealProject/TheMarbelousAscent/Content/Materials/Purple.uasset" 322
"C:/Users/cjoyn/OneDrive/Documents/Unreal Projects/CIS488UnrealProject/TheMarbelousAscent/Content/Materials/Purple.uexp" 323
"C:/Users/cjoyn/OneDrive/Documents/Unreal Projects/CIS488UnrealProject/TheMarbelousAscent/Content/Materials/Yellow.uasset" 324
"C:/Users/cjoyn/OneDrive/Documents/Unreal Projects/CIS488UnrealProject/TheMarbelousAscent/Content/Materials/Yellow.uexp" 325
"../../../Engine/Content/EngineResources/DefaultTexture.ubulk" 326
"../../../Engine/Content/EngineResources/DefaultTexture.uasset" 327
"../../../Engine/Content/EngineResources/DefaultTexture.uexp" 328
"../../../Engine/Content/EngineMaterials/DefaultNormal.ubulk" 329
"../../../Engine/Content/EngineMaterials/DefaultNormal.uasset" 330
"../../../Engine/Content/EngineMaterials/DefaultNormal.uexp" 331
"../../../Engine/Content/EngineMaterials/BaseFlattenLinearColor.uasset" 332
"../../../Engine/Content/EngineMaterials/BaseFlattenLinearColor.uexp" 333
"../../../Engine/Content/Functions/Engine_MaterialFunctions03/Procedurals/NormalFromHeightmap.uasset" 334
"../../../Engine/Content/Functions/Engine_MaterialFunctions03/Procedurals/NormalFromHeightmap.uexp" 335
"../../../Engine/Plugins/Interchange/Assets/Content/Functions/MF_PhongToMetalRoughness.uasset" 336
"../../../Engine/Plugins/Interchange/Assets/Content/Functions/MF_PhongToMetalRoughness.uexp" 337
"../../../Engine/Plugins/Interchange/Assets/Content/Materials/FBXLegacyPhongSurfaceMaterial.uasset" 338
"../../../Engine/Plugins/Interchange/Assets/Content/Materials/FBXLegacyPhongSurfaceMaterial.uexp" 339
"C:/Users/cjoyn/OneDrive/Documents/Unreal Projects/CIS488UnrealProject/TheMarbelousAscent/Content/Meshes/Material_001.uasset" 340
"C:/Users/cjoyn/OneDrive/Documents/Unreal Projects/CIS488UnrealProject/TheMarbelousAscent/Content/Meshes/Material_001.uexp" 341
"C:/Users/cjoyn/OneDrive/Documents/Unreal Projects/CIS488UnrealProject/TheMarbelousAscent/Content/Meshes/LaunchPadTexture.uasset" 342
"C:/Users/cjoyn/OneDrive/Documents/Unreal Projects/CIS488UnrealProject/TheMarbelousAscent/Content/Meshes/LaunchPadTexture.uexp" 343
"C:/Users/cjoyn/OneDrive/Documents/Unreal Projects/CIS488UnrealProject/TheMarbelousAscent/Content/Meshes/Material.uasset" 344
"C:/Users/cjoyn/OneDrive/Documents/Unreal Projects/CIS488UnrealProject/TheMarbelousAscent/Content/Meshes/Material.uexp" 345
"C:/Users/cjoyn/OneDrive/Documents/Unreal Projects/CIS488UnrealProject/TheMarbelousAscent/Content/Meshes/dome.ubulk" 346
"C:/Users/cjoyn/OneDrive/Documents/Unreal Projects/CIS488UnrealProject/TheMarbelousAscent/Content/Meshes/dome.uasset" 347
"C:/Users/cjoyn/OneDrive/Documents/Unreal Projects/CIS488UnrealProject/TheMarbelousAscent/Content/Meshes/dome.uexp" 348
"C:/Users/cjoyn/OneDrive/Documents/Unreal Projects/CIS488UnrealProject/TheMarbelousAscent/Content/Meshes/base_color.uasset" 349
"C:/Users/cjoyn/OneDrive/Documents/Unreal Projects/CIS488UnrealProject/TheMarbelousAscent/Content/Meshes/base_color.uexp" 350
"C:/Users/cjoyn/OneDrive/Documents/Unreal Projects/CIS488UnrealProject/TheMarbelousAscent/Content/Meshes/slippery_platform.ubulk" 351
"C:/Users/cjoyn/OneDrive/Documents/Unreal Projects/CIS488UnrealProject/TheMarbelousAscent/Content/Meshes/slippery_platform.uasset" 352
"C:/Users/cjoyn/OneDrive/Documents/Unreal Projects/CIS488UnrealProject/TheMarbelousAscent/Content/Meshes/slippery_platform.uexp" 353
"C:/Users/cjoyn/OneDrive/Documents/Unreal Projects/CIS488UnrealProject/TheMarbelousAscent/Content/_GENERATED/cjoyn/Torus_E26076F7.ubulk" 354
"C:/Users/cjoyn/OneDrive/Documents/Unreal Projects/CIS488UnrealProject/TheMarbelousAscent/Content/_GENERATED/cjoyn/Torus_E26076F7.uasset" 355
"C:/Users/cjoyn/OneDrive/Documents/Unreal Projects/CIS488UnrealProject/TheMarbelousAscent/Content/_GENERATED/cjoyn/Torus_E26076F7.uexp" 356
"../../../Engine/Content/EngineDamageTypes/DmgTypeBP_Environmental.uasset" 357
"../../../Engine/Content/EngineDamageTypes/DmgTypeBP_Environmental.uexp" 358
"../../../Engine/Content/EngineDebugMaterials/DebugEditorMaterial.uasset" 359
"../../../Engine/Content/EngineDebugMaterials/DebugEditorMaterial.uexp" 360
"../../../Engine/Content/EngineDebugMaterials/DebugMeshMaterial.uasset" 361
"../../../Engine/Content/EngineDebugMaterials/DebugMeshMaterial.uexp" 362
"../../../Engine/Content/BasicShapes/BasicShapeMaterial.uasset" 363
"../../../Engine/Content/BasicShapes/BasicShapeMaterial.uexp" 364
"C:/Users/cjoyn/OneDrive/Documents/Unreal Projects/CIS488UnrealProject/TheMarbelousAscent/Content/Meshes/target_red.uasset" 365
"C:/Users/cjoyn/OneDrive/Documents/Unreal Projects/CIS488UnrealProject/TheMarbelousAscent/Content/Meshes/target_red.uexp" 366
"C:/Users/cjoyn/OneDrive/Documents/Unreal Projects/CIS488UnrealProject/TheMarbelousAscent/Content/Meshes/target_white.uasset" 367
"C:/Users/cjoyn/OneDrive/Documents/Unreal Projects/CIS488UnrealProject/TheMarbelousAscent/Content/Meshes/target_white.uexp" 368
"C:/Users/cjoyn/OneDrive/Documents/Unreal Projects/CIS488UnrealProject/TheMarbelousAscent/Content/Meshes/bouncing_padB.ubulk" 369
"C:/Users/cjoyn/OneDrive/Documents/Unreal Projects/CIS488UnrealProject/TheMarbelousAscent/Content/Meshes/bouncing_padB.uasset" 370
"C:/Users/cjoyn/OneDrive/Documents/Unreal Projects/CIS488UnrealProject/TheMarbelousAscent/Content/Meshes/bouncing_padB.uexp" 371
"../../../Engine/Content/BasicShapes/Sphere.ubulk" 372
"../../../Engine/Content/BasicShapes/Sphere.uasset" 373
"../../../Engine/Content/BasicShapes/Sphere.uexp" 374
"C:/Users/cjoyn/OneDrive/Documents/Unreal Projects/CIS488UnrealProject/TheMarbelousAscent/Content/Materials/Marble.uasset" 375
"C:/Users/cjoyn/OneDrive/Documents/Unreal Projects/CIS488UnrealProject/TheMarbelousAscent/Content/Materials/Marble.uexp" 376
"C:/Users/cjoyn/OneDrive/Documents/Unreal Projects/CIS488UnrealProject/TheMarbelousAscent/Content/Input/Actions/PlayerActions/Brake_Action.uasset" 377
"C:/Users/cjoyn/OneDrive/Documents/Unreal Projects/CIS488UnrealProject/TheMarbelousAscent/Content/Input/Actions/PlayerActions/Brake_Action.uexp" 378
"C:/Users/cjoyn/OneDrive/Documents/Unreal Projects/CIS488UnrealProject/TheMarbelousAscent/Content/Input/Actions/PlayerActions/IA_Jump.uasset" 379
"C:/Users/cjoyn/OneDrive/Documents/Unreal Projects/CIS488UnrealProject/TheMarbelousAscent/Content/Input/Actions/PlayerActions/IA_Jump.uexp" 380
"C:/Users/cjoyn/OneDrive/Documents/Unreal Projects/CIS488UnrealProject/TheMarbelousAscent/Content/Input/Actions/PlayerActions/IA_Look.uasset" 381
"C:/Users/cjoyn/OneDrive/Documents/Unreal Projects/CIS488UnrealProject/TheMarbelousAscent/Content/Input/Actions/PlayerActions/IA_Look.uexp" 382
"C:/Users/cjoyn/OneDrive/Documents/Unreal Projects/CIS488UnrealProject/TheMarbelousAscent/Content/Input/Actions/PlayerActions/Left-Right_Action.uasset" 383
"C:/Users/cjoyn/OneDrive/Documents/Unreal Projects/CIS488UnrealProject/TheMarbelousAscent/Content/Input/Actions/PlayerActions/Left-Right_Action.uexp" 384
"C:/Users/cjoyn/OneDrive/Documents/Unreal Projects/CIS488UnrealProject/TheMarbelousAscent/Content/Input/Actions/PlayerActions/LoadCheckpoint_Action.uasset" 385
"C:/Users/cjoyn/OneDrive/Documents/Unreal Projects/CIS488UnrealProject/TheMarbelousAscent/Content/Input/Actions/PlayerActions/LoadCheckpoint_Action.uexp" 386
"C:/Users/cjoyn/OneDrive/Documents/Unreal Projects/CIS488UnrealProject/TheMarbelousAscent/Content/Input/Actions/PlayerActions/Pause.uasset" 387
"C:/Users/cjoyn/OneDrive/Documents/Unreal Projects/CIS488UnrealProject/TheMarbelousAscent/Content/Input/Actions/PlayerActions/Pause.uexp" 388
"C:/Users/cjoyn/OneDrive/Documents/Unreal Projects/CIS488UnrealProject/TheMarbelousAscent/Content/Input/Actions/PlayerActions/PlaceCheckpoint_Action.uasset" 389
"C:/Users/cjoyn/OneDrive/Documents/Unreal Projects/CIS488UnrealProject/TheMarbelousAscent/Content/Input/Actions/PlayerActions/PlaceCheckpoint_Action.uexp" 390
"C:/Users/cjoyn/OneDrive/Documents/Unreal Projects/CIS488UnrealProject/TheMarbelousAscent/Content/Input/Actions/PlayerActions/Up_Down_Action.uasset" 391
"C:/Users/cjoyn/OneDrive/Documents/Unreal Projects/CIS488UnrealProject/TheMarbelousAscent/Content/Input/Actions/PlayerActions/Up_Down_Action.uexp" 392
"C:/Users/cjoyn/OneDrive/Documents/Unreal Projects/CIS488UnrealProject/TheMarbelousAscent/Content/Input/Maps/playerMap.uasset" 393
"C:/Users/cjoyn/OneDrive/Documents/Unreal Projects/CIS488UnrealProject/TheMarbelousAscent/Content/Input/Maps/playerMap.uexp" 394
"C:/Users/cjoyn/OneDrive/Documents/Unreal Projects/CIS488UnrealProject/TheMarbelousAscent/Content/UI/Widgets/WBP_CheckpointPlacing.uasset" 395
"C:/Users/cjoyn/OneDrive/Documents/Unreal Projects/CIS488UnrealProject/TheMarbelousAscent/Content/UI/Widgets/WBP_CheckpointPlacing.uexp" 396
"C:/Users/cjoyn/OneDrive/Documents/Unreal Projects/CIS488UnrealProject/TheMarbelousAscent/Content/UI/Textures/Menu/ContinueButton.uasset" 397
"C:/Users/cjoyn/OneDrive/Documents/Unreal Projects/CIS488UnrealProject/TheMarbelousAscent/Content/UI/Textures/Menu/ContinueButton.uexp" 398
"C:/Users/cjoyn/OneDrive/Documents/Unreal Projects/CIS488UnrealProject/TheMarbelousAscent/Content/UI/Textures/Menu/PauseMenuBG.uasset" 399
"C:/Users/cjoyn/OneDrive/Documents/Unreal Projects/CIS488UnrealProject/TheMarbelousAscent/Content/UI/Textures/Menu/PauseMenuBG.uexp" 400
"C:/Users/cjoyn/OneDrive/Documents/Unreal Projects/CIS488UnrealProject/TheMarbelousAscent/Content/UI/Textures/Menu/QuitButton.uasset" 401
"C:/Users/cjoyn/OneDrive/Documents/Unreal Projects/CIS488UnrealProject/TheMarbelousAscent/Content/UI/Textures/Menu/QuitButton.uexp" 402
"C:/Users/cjoyn/OneDrive/Documents/Unreal Projects/CIS488UnrealProject/TheMarbelousAscent/Content/UI/Textures/Menu/SettingsButton.uasset" 403
"C:/Users/cjoyn/OneDrive/Documents/Unreal Projects/CIS488UnrealProject/TheMarbelousAscent/Content/UI/Textures/Menu/SettingsButton.uexp" 404
"C:/Users/cjoyn/OneDrive/Documents/Unreal Projects/CIS488UnrealProject/TheMarbelousAscent/Content/UI/Widgets/WBP_Fade.uasset" 405
"C:/Users/cjoyn/OneDrive/Documents/Unreal Projects/CIS488UnrealProject/TheMarbelousAscent/Content/UI/Widgets/WBP_Fade.uexp" 406
"C:/Users/cjoyn/OneDrive/Documents/Unreal Projects/CIS488UnrealProject/TheMarbelousAscent/Content/Sounds/SC_Music.uasset" 407
"C:/Users/cjoyn/OneDrive/Documents/Unreal Projects/CIS488UnrealProject/TheMarbelousAscent/Content/Sounds/SC_Music.uexp" 408
"C:/Users/cjoyn/OneDrive/Documents/Unreal Projects/CIS488UnrealProject/TheMarbelousAscent/Content/Sounds/SC_SFX.uasset" 409
"C:/Users/cjoyn/OneDrive/Documents/Unreal Projects/CIS488UnrealProject/TheMarbelousAscent/Content/Sounds/SC_SFX.uexp" 410
"C:/Users/cjoyn/OneDrive/Documents/Unreal Projects/CIS488UnrealProject/TheMarbelousAscent/Content/Sounds/SCM_MAIN.uasset" 411
"C:/Users/cjoyn/OneDrive/Documents/Unreal Projects/CIS488UnrealProject/TheMarbelousAscent/Content/Sounds/SCM_MAIN.uexp" 412
"C:/Users/cjoyn/OneDrive/Documents/Unreal Projects/CIS488UnrealProject/TheMarbelousAscent/Content/SaveGame/SG_Settings.uasset" 413
"C:/Users/cjoyn/OneDrive/Documents/Unreal Projects/CIS488UnrealProject/TheMarbelousAscent/Content/SaveGame/SG_Settings.uexp" 414
"C:/Users/cjoyn/OneDrive/Documents/Unreal Projects/CIS488UnrealProject/TheMarbelousAscent/Content/UI/Textures/HowToPlay/ExitButton.uasset" 415
"C:/Users/cjoyn/OneDrive/Documents/Unreal Projects/CIS488UnrealProject/TheMarbelousAscent/Content/UI/Textures/HowToPlay/ExitButton.uexp" 416
"C:/Users/cjoyn/OneDrive/Documents/Unreal Projects/CIS488UnrealProject/TheMarbelousAscent/Content/UI/Textures/Menu/MainMenuBG.uasset" 417
"C:/Users/cjoyn/OneDrive/Documents/Unreal Projects/CIS488UnrealProject/TheMarbelousAscent/Content/UI/Textures/Menu/MainMenuBG.uexp" 418
"C:/Users/cjoyn/OneDrive/Documents/Unreal Projects/CIS488UnrealProject/TheMarbelousAscent/Content/UI/Textures/Settings/MusicVolume.uasset" 419
"C:/Users/cjoyn/OneDrive/Documents/Unreal Projects/CIS488UnrealProject/TheMarbelousAscent/Content/UI/Textures/Settings/MusicVolume.uexp" 420
"C:/Users/cjoyn/OneDrive/Documents/Unreal Projects/CIS488UnrealProject/TheMarbelousAscent/Content/UI/Textures/Settings/Settings.uasset" 421
"C:/Users/cjoyn/OneDrive/Documents/Unreal Projects/CIS488UnrealProject/TheMarbelousAscent/Content/UI/Textures/Settings/Settings.uexp" 422
"C:/Users/cjoyn/OneDrive/Documents/Unreal Projects/CIS488UnrealProject/TheMarbelousAscent/Content/UI/Textures/Settings/SFXVolume.uasset" 423
"C:/Users/cjoyn/OneDrive/Documents/Unreal Projects/CIS488UnrealProject/TheMarbelousAscent/Content/UI/Textures/Settings/SFXVolume.uexp" 424
"C:/Users/cjoyn/OneDrive/Documents/Unreal Projects/CIS488UnrealProject/TheMarbelousAscent/Content/UI/Widgets/WBP_Settings.uasset" 425
"C:/Users/cjoyn/OneDrive/Documents/Unreal Projects/CIS488UnrealProject/TheMarbelousAscent/Content/UI/Widgets/WBP_Settings.uexp" 426
"C:/Users/cjoyn/OneDrive/Documents/Unreal Projects/CIS488UnrealProject/TheMarbelousAscent/Content/UI/Widgets/WBP_Stopwatch.uasset" 427
"C:/Users/cjoyn/OneDrive/Documents/Unreal Projects/CIS488UnrealProject/TheMarbelousAscent/Content/UI/Widgets/WBP_Stopwatch.uexp" 428
"C:/Users/cjoyn/OneDrive/Documents/Unreal Projects/CIS488UnrealProject/TheMarbelousAscent/Content/UI/Widgets/WBP_PauseMenu.uasset" 429
"C:/Users/cjoyn/OneDrive/Documents/Unreal Projects/CIS488UnrealProject/TheMarbelousAscent/Content/UI/Widgets/WBP_PauseMenu.uexp" 430
"C:/Users/cjoyn/OneDrive/Documents/Unreal Projects/CIS488UnrealProject/TheMarbelousAscent/Content/Sounds/Music/Factory/factory_bgm_01.ubulk" 431
"C:/Users/cjoyn/OneDrive/Documents/Unreal Projects/CIS488UnrealProject/TheMarbelousAscent/Content/Sounds/Music/Factory/factory_bgm_01.uasset" 432
"C:/Users/cjoyn/OneDrive/Documents/Unreal Projects/CIS488UnrealProject/TheMarbelousAscent/Content/Sounds/Music/Factory/factory_bgm_01.uexp" 433
"C:/Users/cjoyn/OneDrive/Documents/Unreal Projects/CIS488UnrealProject/TheMarbelousAscent/Content/Sounds/Music/Factory/factory_bgm_02.ubulk" 434
"C:/Users/cjoyn/OneDrive/Documents/Unreal Projects/CIS488UnrealProject/TheMarbelousAscent/Content/Sounds/Music/Factory/factory_bgm_02.uasset" 435
"C:/Users/cjoyn/OneDrive/Documents/Unreal Projects/CIS488UnrealProject/TheMarbelousAscent/Content/Sounds/Music/Factory/factory_bgm_02.uexp" 436
"C:/Users/cjoyn/OneDrive/Documents/Unreal Projects/CIS488UnrealProject/TheMarbelousAscent/Content/Sounds/Music/Ice/ice_bgm_01.ubulk" 437
"C:/Users/cjoyn/OneDrive/Documents/Unreal Projects/CIS488UnrealProject/TheMarbelousAscent/Content/Sounds/Music/Ice/ice_bgm_01.uasset" 438
"C:/Users/cjoyn/OneDrive/Documents/Unreal Projects/CIS488UnrealProject/TheMarbelousAscent/Content/Sounds/Music/Ice/ice_bgm_01.uexp" 439
"C:/Users/cjoyn/OneDrive/Documents/Unreal Projects/CIS488UnrealProject/TheMarbelousAscent/Content/Sounds/Music/Ice/ice_bgm_02.ubulk" 440
"C:/Users/cjoyn/OneDrive/Documents/Unreal Projects/CIS488UnrealProject/TheMarbelousAscent/Content/Sounds/Music/Ice/ice_bgm_02.uasset" 441
"C:/Users/cjoyn/OneDrive/Documents/Unreal Projects/CIS488UnrealProject/TheMarbelousAscent/Content/Sounds/Music/Ice/ice_bgm_02.uexp" 442
"C:/Users/cjoyn/OneDrive/Documents/Unreal Projects/CIS488UnrealProject/TheMarbelousAscent/Content/Sounds/Music/Tutorial/tutorial_bgm_01.ubulk" 443
"C:/Users/cjoyn/OneDrive/Documents/Unreal Projects/CIS488UnrealProject/TheMarbelousAscent/Content/Sounds/Music/Tutorial/tutorial_bgm_01.uasset" 444
"C:/Users/cjoyn/OneDrive/Documents/Unreal Projects/CIS488UnrealProject/TheMarbelousAscent/Content/Sounds/Music/Tutorial/tutorial_bgm_01.uexp" 445
"C:/Users/cjoyn/OneDrive/Documents/Unreal Projects/CIS488UnrealProject/TheMarbelousAscent/Content/Sounds/Music/Tutorial/tutorial_bgm_02.ubulk" 446
"C:/Users/cjoyn/OneDrive/Documents/Unreal Projects/CIS488UnrealProject/TheMarbelousAscent/Content/Sounds/Music/Tutorial/tutorial_bgm_02.uasset" 447
"C:/Users/cjoyn/OneDrive/Documents/Unreal Projects/CIS488UnrealProject/TheMarbelousAscent/Content/Sounds/Music/Tutorial/tutorial_bgm_02.uexp" 448
"C:/Users/cjoyn/OneDrive/Documents/Unreal Projects/CIS488UnrealProject/TheMarbelousAscent/Content/UI/Widgets/WBP_Height.uasset" 449
"C:/Users/cjoyn/OneDrive/Documents/Unreal Projects/CIS488UnrealProject/TheMarbelousAscent/Content/UI/Widgets/WBP_Height.uexp" 450
"C:/Users/cjoyn/OneDrive/Documents/Unreal Projects/CIS488UnrealProject/TheMarbelousAscent/Content/Blueprints/Player_Marble.uasset" 451
"C:/Users/cjoyn/OneDrive/Documents/Unreal Projects/CIS488UnrealProject/TheMarbelousAscent/Content/Blueprints/Player_Marble.uexp" 452
"C:/Users/cjoyn/OneDrive/Documents/Unreal Projects/CIS488UnrealProject/TheMarbelousAscent/Content/Blueprints/BouncePad.uasset" 453
"C:/Users/cjoyn/OneDrive/Documents/Unreal Projects/CIS488UnrealProject/TheMarbelousAscent/Content/Blueprints/BouncePad.uexp" 454
"../../../Engine/Content/EngineDebugMaterials/M_SimpleUnlitTranslucent.uasset" 455
"../../../Engine/Content/EngineDebugMaterials/M_SimpleUnlitTranslucent.uexp" 456
"C:/Users/cjoyn/OneDrive/Documents/Unreal Projects/CIS488UnrealProject/TheMarbelousAscent/Content/Materials/CheckpointGlow.uasset" 457
"C:/Users/cjoyn/OneDrive/Documents/Unreal Projects/CIS488UnrealProject/TheMarbelousAscent/Content/Materials/CheckpointGlow.uexp" 458
"C:/Users/cjoyn/OneDrive/Documents/Unreal Projects/CIS488UnrealProject/TheMarbelousAscent/Content/Blueprints/Checkpoint.uasset" 459
"C:/Users/cjoyn/OneDrive/Documents/Unreal Projects/CIS488UnrealProject/TheMarbelousAscent/Content/Blueprints/Checkpoint.uexp" 460
"../../../Engine/Content/Functions/Engine_MaterialFunctions02/Utility/CameraDirectionVector.uasset" 461
"../../../Engine/Content/Functions/Engine_MaterialFunctions02/Utility/CameraDirectionVector.uexp" 462
"../../../Engine/Content/EngineDebugMaterials/VolumeToRender.uasset" 463
"../../../Engine/Content/EngineDebugMaterials/VolumeToRender.uexp" 464
"../../../Engine/Content/EngineDebugMaterials/M_VolumeRenderSphereTracePP.uasset" 465
"../../../Engine/Content/EngineDebugMaterials/M_VolumeRenderSphereTracePP.uexp" 466
"../../../Engine/Content/EngineMaterials/DefaultPhysicalMaterial.uasset" 467
"../../../Engine/Content/EngineMaterials/DefaultPhysicalMaterial.uexp" 468
"C:/Users/cjoyn/OneDrive/Documents/Unreal Projects/CIS488UnrealProject/TheMarbelousAscent/Content/Meshes/Crumbling_platformB.ubulk" 469
"C:/Users/cjoyn/OneDrive/Documents/Unreal Projects/CIS488UnrealProject/TheMarbelousAscent/Content/Meshes/Crumbling_platformB.uasset" 470
"C:/Users/cjoyn/OneDrive/Documents/Unreal Projects/CIS488UnrealProject/TheMarbelousAscent/Content/Meshes/Crumbling_platformB.uexp" 471
"C:/Users/cjoyn/OneDrive/Documents/Unreal Projects/CIS488UnrealProject/TheMarbelousAscent/Content/Fractures/GC_CrumblingPlatform.ubulk" 472
"C:/Users/cjoyn/OneDrive/Documents/Unreal Projects/CIS488UnrealProject/TheMarbelousAscent/Content/Fractures/GC_CrumblingPlatform.uasset" 473
"C:/Users/cjoyn/OneDrive/Documents/Unreal Projects/CIS488UnrealProject/TheMarbelousAscent/Content/Fractures/GC_CrumblingPlatform.uexp" 474
"C:/Users/cjoyn/OneDrive/Documents/Unreal Projects/CIS488UnrealProject/TheMarbelousAscent/Content/Blueprints/CrumblingPlatform.uasset" 475
"C:/Users/cjoyn/OneDrive/Documents/Unreal Projects/CIS488UnrealProject/TheMarbelousAscent/Content/Blueprints/CrumblingPlatform.uexp" 476
"C:/Users/cjoyn/OneDrive/Documents/Unreal Projects/CIS488UnrealProject/TheMarbelousAscent/Content/Meshes/LaunchPadMaterial.uasset" 477
"C:/Users/cjoyn/OneDrive/Documents/Unreal Projects/CIS488UnrealProject/TheMarbelousAscent/Content/Meshes/LaunchPadMaterial.uexp" 478
"C:/Users/cjoyn/OneDrive/Documents/Unreal Projects/CIS488UnrealProject/TheMarbelousAscent/Content/Meshes/LaunchPad.ubulk" 479
"C:/Users/cjoyn/OneDrive/Documents/Unreal Projects/CIS488UnrealProject/TheMarbelousAscent/Content/Meshes/LaunchPad.uasset" 480
"C:/Users/cjoyn/OneDrive/Documents/Unreal Projects/CIS488UnrealProject/TheMarbelousAscent/Content/Meshes/LaunchPad.uexp" 481
"C:/Users/cjoyn/OneDrive/Documents/Unreal Projects/CIS488UnrealProject/TheMarbelousAscent/Content/Blueprints/LaunchPad.uasset" 482
"C:/Users/cjoyn/OneDrive/Documents/Unreal Projects/CIS488UnrealProject/TheMarbelousAscent/Content/Blueprints/LaunchPad.uexp" 483
"C:/Users/cjoyn/OneDrive/Documents/Unreal Projects/CIS488UnrealProject/TheMarbelousAscent/Content/Blueprints/MarbleGameMode.uasset" 484
"C:/Users/cjoyn/OneDrive/Documents/Unreal Projects/CIS488UnrealProject/TheMarbelousAscent/Content/Blueprints/MarbleGameMode.uexp" 485
"../../../Engine/Content/EditorMaterials/ParticleSystems/PSysThumbnail_NoImage.ubulk" 486
"../../../Engine/Content/EditorMaterials/ParticleSystems/PSysThumbnail_NoImage.uasset" 487
"../../../Engine/Content/EditorMaterials/ParticleSystems/PSysThumbnail_NoImage.uexp" 488
"C:/Users/cjoyn/OneDrive/Documents/Unreal Projects/CIS488UnrealProject/TheMarbelousAscent/Content/Materials/Red.uasset" 489
"C:/Users/cjoyn/OneDrive/Documents/Unreal Projects/CIS488UnrealProject/TheMarbelousAscent/Content/Materials/Red.uexp" 490
"C:/Users/cjoyn/OneDrive/Documents/Unreal Projects/CIS488UnrealProject/TheMarbelousAscent/Content/Meshes/Material_002.uasset" 491
"C:/Users/cjoyn/OneDrive/Documents/Unreal Projects/CIS488UnrealProject/TheMarbelousAscent/Content/Meshes/Material_002.uexp" 492
"C:/Users/cjoyn/OneDrive/Documents/Unreal Projects/CIS488UnrealProject/TheMarbelousAscent/Content/Meshes/Moving_Platform.ubulk" 493
"C:/Users/cjoyn/OneDrive/Documents/Unreal Projects/CIS488UnrealProject/TheMarbelousAscent/Content/Meshes/Moving_Platform.uasset" 494
"C:/Users/cjoyn/OneDrive/Documents/Unreal Projects/CIS488UnrealProject/TheMarbelousAscent/Content/Meshes/Moving_Platform.uexp" 495
"C:/Users/cjoyn/OneDrive/Documents/Unreal Projects/CIS488UnrealProject/TheMarbelousAscent/Content/Blueprints/MovingPlatform.uasset" 496
"C:/Users/cjoyn/OneDrive/Documents/Unreal Projects/CIS488UnrealProject/TheMarbelousAscent/Content/Blueprints/MovingPlatform.uexp" 497
"../../../Engine/Content/EditorMaterials/ParticleSystems/PSysThumbnail_OOD.ubulk" 498
"../../../Engine/Content/EditorMaterials/ParticleSystems/PSysThumbnail_OOD.uasset" 499
"../../../Engine/Content/EditorMaterials/ParticleSystems/PSysThumbnail_OOD.uexp" 500
"C:/Users/cjoyn/OneDrive/Documents/Unreal Projects/CIS488UnrealProject/TheMarbelousAscent/Content/Meshes/Material_003.uasset" 501
"C:/Users/cjoyn/OneDrive/Documents/Unreal Projects/CIS488UnrealProject/TheMarbelousAscent/Content/Meshes/Material_003.uexp" 502
"C:/Users/cjoyn/OneDrive/Documents/Unreal Projects/CIS488UnrealProject/TheMarbelousAscent/Content/Meshes/shrinking_platform.ubulk" 503
"C:/Users/cjoyn/OneDrive/Documents/Unreal Projects/CIS488UnrealProject/TheMarbelousAscent/Content/Meshes/shrinking_platform.uasset" 504
"C:/Users/cjoyn/OneDrive/Documents/Unreal Projects/CIS488UnrealProject/TheMarbelousAscent/Content/Meshes/shrinking_platform.uexp" 505
"C:/Users/cjoyn/OneDrive/Documents/Unreal Projects/CIS488UnrealProject/TheMarbelousAscent/Content/Blueprints/ShrinkingPlatform.uasset" 506
"C:/Users/cjoyn/OneDrive/Documents/Unreal Projects/CIS488UnrealProject/TheMarbelousAscent/Content/Blueprints/ShrinkingPlatform.uexp" 507
"C:/Users/cjoyn/OneDrive/Documents/Unreal Projects/CIS488UnrealProject/TheMarbelousAscent/Content/Meshes/target_red_001.uasset" 508
"C:/Users/cjoyn/OneDrive/Documents/Unreal Projects/CIS488UnrealProject/TheMarbelousAscent/Content/Meshes/target_red_001.uexp" 509
"C:/Users/cjoyn/OneDrive/Documents/Unreal Projects/CIS488UnrealProject/TheMarbelousAscent/Content/Meshes/tilting_platformB.ubulk" 510
"C:/Users/cjoyn/OneDrive/Documents/Unreal Projects/CIS488UnrealProject/TheMarbelousAscent/Content/Meshes/tilting_platformB.uasset" 511
"C:/Users/cjoyn/OneDrive/Documents/Unreal Projects/CIS488UnrealProject/TheMarbelousAscent/Content/Meshes/tilting_platformB.uexp" 512
"C:/Users/cjoyn/OneDrive/Documents/Unreal Projects/CIS488UnrealProject/TheMarbelousAscent/Content/Blueprints/TiltingPlatform.uasset" 513
"C:/Users/cjoyn/OneDrive/Documents/Unreal Projects/CIS488UnrealProject/TheMarbelousAscent/Content/Blueprints/TiltingPlatform.uexp" 514
"C:/Users/cjoyn/OneDrive/Documents/Unreal Projects/CIS488UnrealProject/TheMarbelousAscent/Content/Marble/Marbles/Models/FBX/Cateye/Color1.uasset" 515
"C:/Users/cjoyn/OneDrive/Documents/Unreal Projects/CIS488UnrealProject/TheMarbelousAscent/Content/Marble/Marbles/Models/FBX/Cateye/Color1.uexp" 516
"C:/Users/cjoyn/OneDrive/Documents/Unreal Projects/CIS488UnrealProject/TheMarbelousAscent/Content/Marble/Marbles/Models/FBX/Cateye/Cateye1.ubulk" 517
"C:/Users/cjoyn/OneDrive/Documents/Unreal Projects/CIS488UnrealProject/TheMarbelousAscent/Content/Marble/Marbles/Models/FBX/Cateye/Cateye1.uasset" 518
"C:/Users/cjoyn/OneDrive/Documents/Unreal Projects/CIS488UnrealProject/TheMarbelousAscent/Content/Marble/Marbles/Models/FBX/Cateye/Cateye1.uexp" 519
"C:/Users/cjoyn/OneDrive/Documents/Unreal Projects/CIS488UnrealProject/TheMarbelousAscent/Content/Marble/Marbles/Models/FBX/Cateye/Color2.uasset" 520
"C:/Users/cjoyn/OneDrive/Documents/Unreal Projects/CIS488UnrealProject/TheMarbelousAscent/Content/Marble/Marbles/Models/FBX/Cateye/Color2.uexp" 521
"C:/Users/cjoyn/OneDrive/Documents/Unreal Projects/CIS488UnrealProject/TheMarbelousAscent/Content/Marble/Marbles/Models/FBX/Cateye/Cateye2.ubulk" 522
"C:/Users/cjoyn/OneDrive/Documents/Unreal Projects/CIS488UnrealProject/TheMarbelousAscent/Content/Marble/Marbles/Models/FBX/Cateye/Cateye2.uasset" 523
"C:/Users/cjoyn/OneDrive/Documents/Unreal Projects/CIS488UnrealProject/TheMarbelousAscent/Content/Marble/Marbles/Models/FBX/Cateye/Cateye2.uexp" 524
"C:/Users/cjoyn/OneDrive/Documents/Unreal Projects/CIS488UnrealProject/TheMarbelousAscent/Content/Marble/Marbles/Models/FBX/Cateye/Color3.uasset" 525
"C:/Users/cjoyn/OneDrive/Documents/Unreal Projects/CIS488UnrealProject/TheMarbelousAscent/Content/Marble/Marbles/Models/FBX/Cateye/Color3.uexp" 526
"C:/Users/cjoyn/OneDrive/Documents/Unreal Projects/CIS488UnrealProject/TheMarbelousAscent/Content/Marble/Marbles/Models/FBX/Cateye/Cateye3.ubulk" 527
"C:/Users/cjoyn/OneDrive/Documents/Unreal Projects/CIS488UnrealProject/TheMarbelousAscent/Content/Marble/Marbles/Models/FBX/Cateye/Cateye3.uasset" 528
"C:/Users/cjoyn/OneDrive/Documents/Unreal Projects/CIS488UnrealProject/TheMarbelousAscent/Content/Marble/Marbles/Models/FBX/Cateye/Cateye3.uexp" 529
"C:/Users/cjoyn/OneDrive/Documents/Unreal Projects/CIS488UnrealProject/TheMarbelousAscent/Content/Marble/Marbles/Models/FBX/Cateye/Color4.uasset" 530
"C:/Users/cjoyn/OneDrive/Documents/Unreal Projects/CIS488UnrealProject/TheMarbelousAscent/Content/Marble/Marbles/Models/FBX/Cateye/Color4.uexp" 531
"C:/Users/cjoyn/OneDrive/Documents/Unreal Projects/CIS488UnrealProject/TheMarbelousAscent/Content/Marble/Marbles/Models/FBX/Cateye/Cateye4.ubulk" 532
"C:/Users/cjoyn/OneDrive/Documents/Unreal Projects/CIS488UnrealProject/TheMarbelousAscent/Content/Marble/Marbles/Models/FBX/Cateye/Cateye4.uasset" 533
"C:/Users/cjoyn/OneDrive/Documents/Unreal Projects/CIS488UnrealProject/TheMarbelousAscent/Content/Marble/Marbles/Models/FBX/Cateye/Cateye4.uexp" 534
"../../../Engine/Content/EditorMaterials/Camera/CineMat.uasset" 535
"../../../Engine/Content/EditorMaterials/Camera/CineMat.uexp" 536
"../../../Engine/Content/EditorMaterials/Camera/MI_CineMat_Rig.uasset" 537
"../../../Engine/Content/EditorMaterials/Camera/MI_CineMat_Rig.uexp" 538
"../../../Engine/Content/EditorMeshes/Camera/SM_CraneRig_Arm.ubulk" 539
"../../../Engine/Content/EditorMeshes/Camera/SM_CraneRig_Arm.uasset" 540
"../../../Engine/Content/EditorMeshes/Camera/SM_CraneRig_Arm.uexp" 541
"C:/Users/cjoyn/OneDrive/Documents/Unreal Projects/CIS488UnrealProject/TheMarbelousAscent/Content/Marble/Marbles/Models/FBX/Cateye/Color5.uasset" 542
"C:/Users/cjoyn/OneDrive/Documents/Unreal Projects/CIS488UnrealProject/TheMarbelousAscent/Content/Marble/Marbles/Models/FBX/Cateye/Color5.uexp" 543
"C:/Users/cjoyn/OneDrive/Documents/Unreal Projects/CIS488UnrealProject/TheMarbelousAscent/Content/Marble/Marbles/Models/FBX/Cateye/Cateye5.ubulk" 544
"C:/Users/cjoyn/OneDrive/Documents/Unreal Projects/CIS488UnrealProject/TheMarbelousAscent/Content/Marble/Marbles/Models/FBX/Cateye/Cateye5.uasset" 545
"C:/Users/cjoyn/OneDrive/Documents/Unreal Projects/CIS488UnrealProject/TheMarbelousAscent/Content/Marble/Marbles/Models/FBX/Cateye/Cateye5.uexp" 546
"../../../Engine/Content/EditorMeshes/Camera/SM_CraneRig_Base.ubulk" 547
"../../../Engine/Content/EditorMeshes/Camera/SM_CraneRig_Base.uasset" 548
"../../../Engine/Content/EditorMeshes/Camera/SM_CraneRig_Base.uexp" 549
"C:/Users/cjoyn/OneDrive/Documents/Unreal Projects/CIS488UnrealProject/TheMarbelousAscent/Content/Marble/Marbles/Models/FBX/Marbles/Glass1.uasset" 550
"C:/Users/cjoyn/OneDrive/Documents/Unreal Projects/CIS488UnrealProject/TheMarbelousAscent/Content/Marble/Marbles/Models/FBX/Marbles/Glass1.uexp" 551
"C:/Users/cjoyn/OneDrive/Documents/Unreal Projects/CIS488UnrealProject/TheMarbelousAscent/Content/Marble/Marbles/Models/FBX/Marbles/Marble1.ubulk" 552
"C:/Users/cjoyn/OneDrive/Documents/Unreal Projects/CIS488UnrealProject/TheMarbelousAscent/Content/Marble/Marbles/Models/FBX/Marbles/Marble1.uasset" 553
"C:/Users/cjoyn/OneDrive/Documents/Unreal Projects/CIS488UnrealProject/TheMarbelousAscent/Content/Marble/Marbles/Models/FBX/Marbles/Marble1.uexp" 554
"../../../Engine/Content/EditorMeshes/Camera/SM_CraneRig_Body.ubulk" 555
"../../../Engine/Content/EditorMeshes/Camera/SM_CraneRig_Body.uasset" 556
"../../../Engine/Content/EditorMeshes/Camera/SM_CraneRig_Body.uexp" 557
"../../../Engine/Content/EngineFonts/Faces/DroidSansFallback.uexp" 558
"../../../Engine/Content/EngineFonts/Faces/DroidSansFallback.uasset" 559
"../../../Engine/Content/EngineFonts/Faces/DroidSansFallback.ufont" 560
"../../../Engine/Content/EngineFonts/Faces/RobotoBold.uexp" 561
"../../../Engine/Content/EngineFonts/Faces/RobotoBold.uasset" 562
"../../../Engine/Content/EngineFonts/Faces/RobotoBold.ufont" 563
"../../../Engine/Content/EngineFonts/Faces/RobotoBoldItalic.uexp" 564
"../../../Engine/Content/EngineFonts/Faces/RobotoBoldItalic.uasset" 565
"../../../Engine/Content/EngineFonts/Faces/RobotoBoldItalic.ufont" 566
"../../../Engine/Content/EngineFonts/Faces/RobotoItalic.uexp" 567
"../../../Engine/Content/EngineFonts/Faces/RobotoItalic.uasset" 568
"../../../Engine/Content/EngineFonts/Faces/RobotoItalic.ufont" 569
"../../../Engine/Content/EngineFonts/Faces/RobotoLight.uexp" 570
"../../../Engine/Content/EngineFonts/Faces/RobotoLight.uasset" 571
"../../../Engine/Content/EngineFonts/Faces/RobotoLight.ufont" 572
"../../../Engine/Content/EngineFonts/Faces/RobotoRegular.uexp" 573
"../../../Engine/Content/EngineFonts/Faces/RobotoRegular.uasset" 574
"../../../Engine/Content/EngineFonts/Faces/RobotoRegular.ufont" 575
"../../../Engine/Content/EngineFonts/Roboto.uasset" 576
"../../../Engine/Content/EngineFonts/Roboto.uexp" 577
"C:/Users/cjoyn/OneDrive/Documents/Unreal Projects/CIS488UnrealProject/TheMarbelousAscent/Content/Marble/Marbles/Models/FBX/Marbles/Glass2.uasset" 578
"C:/Users/cjoyn/OneDrive/Documents/Unreal Projects/CIS488UnrealProject/TheMarbelousAscent/Content/Marble/Marbles/Models/FBX/Marbles/Glass2.uexp" 579
"C:/Users/cjoyn/OneDrive/Documents/Unreal Projects/CIS488UnrealProject/TheMarbelousAscent/Content/Marble/Marbles/Models/FBX/Marbles/Marble2.ubulk" 580
"C:/Users/cjoyn/OneDrive/Documents/Unreal Projects/CIS488UnrealProject/TheMarbelousAscent/Content/Marble/Marbles/Models/FBX/Marbles/Marble2.uasset" 581
"C:/Users/cjoyn/OneDrive/Documents/Unreal Projects/CIS488UnrealProject/TheMarbelousAscent/Content/Marble/Marbles/Models/FBX/Marbles/Marble2.uexp" 582
"../../../Engine/Content/EditorMeshes/Camera/SM_CraneRig_Mount.ubulk" 583
"../../../Engine/Content/EditorMeshes/Camera/SM_CraneRig_Mount.uasset" 584
"../../../Engine/Content/EditorMeshes/Camera/SM_CraneRig_Mount.uexp" 585
"C:/Users/cjoyn/OneDrive/Documents/Unreal Projects/CIS488UnrealProject/TheMarbelousAscent/Content/Marble/Marbles/Models/FBX/Marbles/Glass3.uasset" 586
"C:/Users/cjoyn/OneDrive/Documents/Unreal Projects/CIS488UnrealProject/TheMarbelousAscent/Content/Marble/Marbles/Models/FBX/Marbles/Glass3.uexp" 587
"C:/Users/cjoyn/OneDrive/Documents/Unreal Projects/CIS488UnrealProject/TheMarbelousAscent/Content/Marble/Marbles/Models/FBX/Marbles/Marble3.ubulk" 588
"C:/Users/cjoyn/OneDrive/Documents/Unreal Projects/CIS488UnrealProject/TheMarbelousAscent/Content/Marble/Marbles/Models/FBX/Marbles/Marble3.uasset" 589
"C:/Users/cjoyn/OneDrive/Documents/Unreal Projects/CIS488UnrealProject/TheMarbelousAscent/Content/Marble/Marbles/Models/FBX/Marbles/Marble3.uexp" 590
"C:/Users/cjoyn/OneDrive/Documents/Unreal Projects/CIS488UnrealProject/TheMarbelousAscent/Content/Materials/Blue.uasset" 591
"C:/Users/cjoyn/OneDrive/Documents/Unreal Projects/CIS488UnrealProject/TheMarbelousAscent/Content/Materials/Blue.uexp" 592
"../../../Engine/Content/EditorMeshes/Camera/SM_RailRig_Mount.ubulk" 593
"../../../Engine/Content/EditorMeshes/Camera/SM_RailRig_Mount.uasset" 594
"../../../Engine/Content/EditorMeshes/Camera/SM_RailRig_Mount.uexp" 595
"C:/Users/cjoyn/OneDrive/Documents/Unreal Projects/CIS488UnrealProject/TheMarbelousAscent/Content/Marble/Marbles/Models/FBX/Marbles/Glass4.uasset" 596
"C:/Users/cjoyn/OneDrive/Documents/Unreal Projects/CIS488UnrealProject/TheMarbelousAscent/Content/Marble/Marbles/Models/FBX/Marbles/Glass4.uexp" 597
"C:/Users/cjoyn/OneDrive/Documents/Unreal Projects/CIS488UnrealProject/TheMarbelousAscent/Content/Marble/Marbles/Models/FBX/Marbles/Marble4.ubulk" 598
"C:/Users/cjoyn/OneDrive/Documents/Unreal Projects/CIS488UnrealProject/TheMarbelousAscent/Content/Marble/Marbles/Models/FBX/Marbles/Marble4.uasset" 599
"C:/Users/cjoyn/OneDrive/Documents/Unreal Projects/CIS488UnrealProject/TheMarbelousAscent/Content/Marble/Marbles/Models/FBX/Marbles/Marble4.uexp" 600
"../../../Engine/Content/EditorMeshes/Camera/SM_RailRig_Track.ubulk" 601
"../../../Engine/Content/EditorMeshes/Camera/SM_RailRig_Track.uasset" 602
"../../../Engine/Content/EditorMeshes/Camera/SM_RailRig_Track.uexp" 603
"C:/Users/cjoyn/OneDrive/Documents/Unreal Projects/CIS488UnrealProject/TheMarbelousAscent/Content/Materials/Cyan.uasset" 604
"C:/Users/cjoyn/OneDrive/Documents/Unreal Projects/CIS488UnrealProject/TheMarbelousAscent/Content/Materials/Cyan.uexp" 605
"C:/Users/cjoyn/OneDrive/Documents/Unreal Projects/CIS488UnrealProject/TheMarbelousAscent/Content/Materials/Green.uasset" 606
"C:/Users/cjoyn/OneDrive/Documents/Unreal Projects/CIS488UnrealProject/TheMarbelousAscent/Content/Materials/Green.uexp" 607
"C:/Users/cjoyn/OneDrive/Documents/Unreal Projects/CIS488UnrealProject/TheMarbelousAscent/Content/Marble/Marbles/Models/FBX/Marbles/Glass5.uasset" 608
"C:/Users/cjoyn/OneDrive/Documents/Unreal Projects/CIS488UnrealProject/TheMarbelousAscent/Content/Marble/Marbles/Models/FBX/Marbles/Glass5.uexp" 609
"C:/Users/cjoyn/OneDrive/Documents/Unreal Projects/CIS488UnrealProject/TheMarbelousAscent/Content/Marble/Marbles/Models/FBX/Marbles/Marble5.ubulk" 610
"C:/Users/cjoyn/OneDrive/Documents/Unreal Projects/CIS488UnrealProject/TheMarbelousAscent/Content/Marble/Marbles/Models/FBX/Marbles/Marble5.uasset" 611
"C:/Users/cjoyn/OneDrive/Documents/Unreal Projects/CIS488UnrealProject/TheMarbelousAscent/Content/Marble/Marbles/Models/FBX/Marbles/Marble5.uexp" 612
"C:/Users/cjoyn/OneDrive/Documents/Unreal Projects/CIS488UnrealProject/TheMarbelousAscent/Content/Meshes/base_color_002.uasset" 613
"C:/Users/cjoyn/OneDrive/Documents/Unreal Projects/CIS488UnrealProject/TheMarbelousAscent/Content/Meshes/base_color_002.uexp" 614
"../../../Engine/Content/EngineMaterials/DefaultBloomKernel.uasset" 615
"../../../Engine/Content/EngineMaterials/DefaultBloomKernel.uexp" 616
"../../../Engine/Content/EngineMaterials/DefaultBokeh.uasset" 617
"../../../Engine/Content/EngineMaterials/DefaultBokeh.uexp" 618
"../../../Engine/Content/EditorResources/SequenceRecorder/Countdown.uasset" 619
"../../../Engine/Content/EditorResources/SequenceRecorder/Countdown.uexp" 620
"../../../Engine/Content/EditorResources/SequenceRecorder/RecordingIndicator.uasset" 621
"../../../Engine/Content/EditorResources/SequenceRecorder/RecordingIndicator.uexp" 622
"../../../Engine/Content/EngineMaterials/DefaultDeferredDecalMaterial.uasset" 623
"../../../Engine/Content/EngineMaterials/DefaultDeferredDecalMaterial.uexp" 624
"../../../Engine/Content/EngineMaterials/DefaultDestructiblePhysicalMaterial.uasset" 625
"../../../Engine/Content/EngineMaterials/DefaultDestructiblePhysicalMaterial.uexp" 626
"../../../Engine/Content/EngineMaterials/DefaultLightFunctionMaterial.uasset" 627
"../../../Engine/Content/EngineMaterials/DefaultLightFunctionMaterial.uexp" 628
"../../../Engine/Content/EngineMaterials/DefaultPostProcessMaterial.uasset" 629
"../../../Engine/Content/EngineMaterials/DefaultPostProcessMaterial.uexp" 630
"../../../Engine/Content/EngineFonts/RobotoDistanceField.uasset" 631
"../../../Engine/Content/EngineFonts/RobotoDistanceField.uexp" 632
"../../../Engine/Content/EngineMaterials/DefaultTextMaterialOpaque.uasset" 633
"../../../Engine/Content/EngineMaterials/DefaultTextMaterialOpaque.uexp" 634
"../../../Engine/Content/EngineMaterials/EnergyConservation/Diffuse_Energy.uasset" 635
"../../../Engine/Content/EngineMaterials/EnergyConservation/Diffuse_Energy.uexp" 636
"../../../Engine/Content/EngineMaterials/EnergyConservation/GGX_ReflectionEnergy.uasset" 637
"../../../Engine/Content/EngineMaterials/EnergyConservation/GGX_ReflectionEnergy.uexp" 638
"../../../Engine/Content/EngineMaterials/DefaultWhiteGrid.ubulk" 639
"../../../Engine/Content/EngineMaterials/DefaultWhiteGrid.uasset" 640
"../../../Engine/Content/EngineMaterials/DefaultWhiteGrid.uexp" 641
"../../../Engine/Content/EngineMaterials/EnergyConservation/GGX_TransmissionEnergyArray.uasset" 642
"../../../Engine/Content/EngineMaterials/EnergyConservation/GGX_TransmissionEnergyArray.uexp" 643
"../../../Engine/Content/EngineMaterials/EnergyConservation/SheenLegacy_Energy.uasset" 644
"../../../Engine/Content/EngineMaterials/EnergyConservation/SheenLegacy_Energy.uexp" 645
"../../../Engine/Content/EngineMaterials/DefaultWhiteGrid_Low.uasset" 646
"../../../Engine/Content/EngineMaterials/DefaultWhiteGrid_Low.uexp" 647
"../../../Engine/Content/EngineMaterials/EmissiveMeshMaterial.uasset" 648
"../../../Engine/Content/EngineMaterials/EmissiveMeshMaterial.uexp" 649
"../../../Engine/Content/EngineMaterials/EnergyConservation/Sheen_Energy.uasset" 650
"../../../Engine/Content/EngineMaterials/EnergyConservation/Sheen_Energy.uexp" 651
"../../../Engine/Content/EngineMaterials/LTC/GGX_LTCAmp.uasset" 652
"../../../Engine/Content/EngineMaterials/LTC/GGX_LTCAmp.uexp" 653
"../../../Engine/Content/EngineMaterials/FastBlueNoise_scalar_128x128x64.uasset" 654
"../../../Engine/Content/EngineMaterials/FastBlueNoise_scalar_128x128x64.uexp" 655
"../../../Engine/Content/EngineMaterials/LTC/GGX_LTCMat.uasset" 656
"../../../Engine/Content/EngineMaterials/LTC/GGX_LTCMat.uexp" 657
"../../../Engine/Content/EngineMaterials/FastBlueNoise_scalar_128x128x8.uasset" 658
"../../../Engine/Content/EngineMaterials/FastBlueNoise_scalar_128x128x8.uexp" 659
"../../../Engine/Content/EngineMaterials/LTC/Sheen_LTC.uasset" 660
"../../../Engine/Content/EngineMaterials/LTC/Sheen_LTC.uexp" 661
"../../../Engine/Content/EngineMaterials/FastBlueNoise_vec2_128x128x64.uasset" 662
"../../../Engine/Content/EngineMaterials/FastBlueNoise_vec2_128x128x64.uexp" 663
"../../../Engine/Content/EngineMaterials/BaseFlattenDiffuseMap.uasset" 664
"../../../Engine/Content/EngineMaterials/BaseFlattenDiffuseMap.uexp" 665
"../../../Engine/Content/EngineMaterials/BaseFlattenEmissiveMap.uasset" 666
"../../../Engine/Content/EngineMaterials/BaseFlattenEmissiveMap.uexp" 667
"../../../Engine/Content/EngineMaterials/BaseFlattenGrayscaleMap.uasset" 668
"../../../Engine/Content/EngineMaterials/BaseFlattenGrayscaleMap.uexp" 669
"../../../Engine/Content/EngineMaterials/BaseFlattenNormalMap.uasset" 670
"../../../Engine/Content/EngineMaterials/BaseFlattenNormalMap.uexp" 671
"../../../Engine/Content/Functions/Engine_MaterialFunctions02/PivotPainter2/Black_1x1_EXR_Texture.uasset" 672
"../../../Engine/Content/Functions/Engine_MaterialFunctions02/PivotPainter2/Black_1x1_EXR_Texture.uexp" 673
"../../../Engine/Content/EngineMaterials/FlattenMaterial.uasset" 674
"../../../Engine/Content/EngineMaterials/FlattenMaterial.uexp" 675
"../../../Engine/Content/EngineMaterials/BaseFlattenDiffuseMap_VT.ubulk" 676
"../../../Engine/Content/EngineMaterials/BaseFlattenDiffuseMap_VT.uasset" 677
"../../../Engine/Content/EngineMaterials/BaseFlattenDiffuseMap_VT.uexp" 678
"../../../Engine/Content/EngineMaterials/BaseFlattenEmissiveMap_VT.ubulk" 679
"../../../Engine/Content/EngineMaterials/BaseFlattenEmissiveMap_VT.uasset" 680
"../../../Engine/Content/EngineMaterials/BaseFlattenEmissiveMap_VT.uexp" 681
"../../../Engine/Content/EngineMaterials/BaseFlattenGrayscaleMap_VT.ubulk" 682
"../../../Engine/Content/EngineMaterials/BaseFlattenGrayscaleMap_VT.uasset" 683
"../../../Engine/Content/EngineMaterials/BaseFlattenGrayscaleMap_VT.uexp" 684
"../../../Engine/Content/EngineMaterials/BaseFlattenLinearColor_VT.ubulk" 685
"../../../Engine/Content/EngineMaterials/BaseFlattenLinearColor_VT.uasset" 686
"../../../Engine/Content/EngineMaterials/BaseFlattenLinearColor_VT.uexp" 687
"../../../Engine/Content/EngineMaterials/BaseFlattenNormalMap_VT.ubulk" 688
"../../../Engine/Content/EngineMaterials/BaseFlattenNormalMap_VT.uasset" 689
"../../../Engine/Content/EngineMaterials/BaseFlattenNormalMap_VT.uexp" 690
"../../../Engine/Content/EngineMaterials/Black_1x1_EXR_Texture_VT.ubulk" 691
"../../../Engine/Content/EngineMaterials/Black_1x1_EXR_Texture_VT.uasset" 692
"../../../Engine/Content/EngineMaterials/Black_1x1_EXR_Texture_VT.uexp" 693
"../../../Engine/Content/EngineMaterials/FlattenMaterial_VT.uasset" 694
"../../../Engine/Content/EngineMaterials/FlattenMaterial_VT.uexp" 695
"../../../Engine/Content/EngineMaterials/FlattenMaterial_WS_Normal_VT.uasset" 696
"../../../Engine/Content/EngineMaterials/FlattenMaterial_WS_Normal_VT.uexp" 697
"../../../Engine/Content/EngineMaterials/GizmoMaterial.uasset" 698
"../../../Engine/Content/EngineMaterials/GizmoMaterial.uexp" 699
"../../../Engine/Content/EngineResources/Development/ZenLogo_64.uasset" 700
"../../../Engine/Content/EngineResources/Development/ZenLogo_64.uexp" 701
"../../../Engine/Content/EngineResources/FilmGrains/Marcie_Grain_v3_128_M2_000.uasset" 702
"../../../Engine/Content/EngineResources/FilmGrains/Marcie_Grain_v3_128_M2_000.uexp" 703
"../../../Engine/Content/EngineMaterials/Substrate/Volume/SubstrateSimpleVolumeLUT3D.uasset" 704
"../../../Engine/Content/EngineMaterials/Substrate/Volume/SubstrateSimpleVolumeLUT3D.uexp" 705
"../../../Engine/Content/EngineMaterials/Substrate/Volume/SubstrateSimpleVolumeEnvLUT3D.uasset" 706
"../../../Engine/Content/EngineMaterials/Substrate/Volume/SubstrateSimpleVolumeEnvLUT3D.uexp" 707
"../../../Engine/Content/EngineMaterials/Substrate/Glints2/AGlintTex2dArray2.uasset" 708
"../../../Engine/Content/EngineMaterials/Substrate/Glints2/AGlintTex2dArray2.uexp" 709
"../../../Engine/Content/EngineMaterials/Substrate/GLints/AGlintTex2dArray.uasset" 710
"../../../Engine/Content/EngineMaterials/Substrate/GLints/AGlintTex2dArray.uexp" 711
"../../../Engine/Plugins/Interchange/Assets/Content/gltf/Textures/T_White_srgb.uasset" 712
"../../../Engine/Plugins/Interchange/Assets/Content/gltf/Textures/T_White_srgb.uexp" 713
"../../../Engine/Plugins/Interchange/Assets/Content/gltf/MaterialFunctions/MF_BaseColor.uasset" 714
"../../../Engine/Plugins/Interchange/Assets/Content/gltf/MaterialFunctions/MF_BaseColor.uexp" 715
"../../../Engine/Plugins/Interchange/Assets/Content/gltf/MaterialFunctions/MF_RotateV2.uasset" 716
"../../../Engine/Plugins/Interchange/Assets/Content/gltf/MaterialFunctions/MF_RotateV2.uexp" 717
"../../../Engine/Plugins/Interchange/Assets/Content/gltf/MaterialFunctions/MF_TransformUVs.uasset" 718
"../../../Engine/Plugins/Interchange/Assets/Content/gltf/MaterialFunctions/MF_TransformUVs.uexp" 719
"../../../Engine/Plugins/Interchange/Assets/Content/gltf/MaterialBodies/MF_Unlit_Body.uasset" 720
"../../../Engine/Plugins/Interchange/Assets/Content/gltf/MaterialBodies/MF_Unlit_Body.uexp" 721
"../../../Engine/Plugins/Interchange/Assets/Content/gltf/M_Unlit.uasset" 722
"../../../Engine/Plugins/Interchange/Assets/Content/gltf/M_Unlit.uexp" 723
"../../../Engine/Plugins/Interchange/Assets/Content/gltf/MaterialInstances/MI_Unlit_Opaque_DS.uasset" 724
"../../../Engine/Plugins/Interchange/Assets/Content/gltf/MaterialInstances/MI_Unlit_Opaque_DS.uexp" 725
"../../../Engine/Plugins/Interchange/Assets/Content/gltf/MaterialInstances/MI_Unlit_Opaque.uasset" 726
"../../../Engine/Plugins/Interchange/Assets/Content/gltf/MaterialInstances/MI_Unlit_Opaque.uexp" 727
"../../../Engine/Plugins/Interchange/Assets/Content/gltf/MaterialInstances/MI_Unlit_Mask_DS.uasset" 728
"../../../Engine/Plugins/Interchange/Assets/Content/gltf/MaterialInstances/MI_Unlit_Mask_DS.uexp" 729
"../../../Engine/Plugins/Interchange/Assets/Content/gltf/MaterialInstances/MI_Unlit_Mask.uasset" 730
"../../../Engine/Plugins/Interchange/Assets/Content/gltf/MaterialInstances/MI_Unlit_Mask.uexp" 731
"../../../Engine/Plugins/Interchange/Assets/Content/gltf/MaterialInstances/MI_Unlit_Blend_DS.uasset" 732
"../../../Engine/Plugins/Interchange/Assets/Content/gltf/MaterialInstances/MI_Unlit_Blend_DS.uexp" 733
"../../../Engine/Plugins/Interchange/Assets/Content/gltf/MaterialInstances/MI_Unlit_Blend.uasset" 734
"../../../Engine/Plugins/Interchange/Assets/Content/gltf/MaterialInstances/MI_Unlit_Blend.uexp" 735
"../../../Engine/Content/EngineMaterials/Good64x64TilingNoiseHighFreq.uasset" 736
"../../../Engine/Content/EngineMaterials/Good64x64TilingNoiseHighFreq.uexp" 737
"../../../Engine/Content/Functions/Engine_MaterialFunctions02/Texturing/ScreenAlignedPixelToPixelUVs.uasset" 738
"../../../Engine/Content/Functions/Engine_MaterialFunctions02/Texturing/ScreenAlignedPixelToPixelUVs.uexp" 739
"../../../Engine/Content/Functions/Engine_MaterialFunctions02/Math/Transform3x3Matrix.uasset" 740
"../../../Engine/Content/Functions/Engine_MaterialFunctions02/Math/Transform3x3Matrix.uexp" 741
"../../../Engine/Plugins/Interchange/Assets/Content/Utilities/New_LUT.uasset" 742
"../../../Engine/Plugins/Interchange/Assets/Content/Utilities/New_LUT.uexp" 743
"../../../Engine/Content/Functions/Engine_MaterialFunctions03/Math/RemapValueRange.uasset" 744
"../../../Engine/Content/Functions/Engine_MaterialFunctions03/Math/RemapValueRange.uexp" 745
"../../../Engine/Plugins/Interchange/Assets/Content/Functions/MF_Iridescence.uasset" 746
"../../../Engine/Plugins/Interchange/Assets/Content/Functions/MF_Iridescence.uexp" 747
"../../../Engine/Plugins/Interchange/Assets/Content/gltf/MaterialFunctions/MF_Fresnel_DS.uasset" 748
"../../../Engine/Plugins/Interchange/Assets/Content/gltf/MaterialFunctions/MF_Fresnel_DS.uexp" 749
"../../../Engine/Plugins/Interchange/Assets/Content/gltf/MaterialFunctions/MF_Temporal_Blur.uasset" 750
"../../../Engine/Plugins/Interchange/Assets/Content/gltf/MaterialFunctions/MF_Temporal_Blur.uexp" 751
"../../../Engine/Plugins/Interchange/Assets/Content/gltf/MaterialFunctions/MF_IOR.uasset" 752
"../../../Engine/Plugins/Interchange/Assets/Content/gltf/MaterialFunctions/MF_IOR.uexp" 753
"../../../Engine/Plugins/Interchange/Assets/Content/gltf/MaterialFunctions/MF_Iridescence.uasset" 754
"../../../Engine/Plugins/Interchange/Assets/Content/gltf/MaterialFunctions/MF_Iridescence.uexp" 755
"../../../Engine/Plugins/Interchange/Assets/Content/gltf/Textures/T_White_Linear.uasset" 756
"../../../Engine/Plugins/Interchange/Assets/Content/gltf/Textures/T_White_Linear.uexp" 757
"../../../Engine/Plugins/Interchange/Assets/Content/gltf/MaterialFunctions/MF_MetallicRoughness.uasset" 758
"../../../Engine/Plugins/Interchange/Assets/Content/gltf/MaterialFunctions/MF_MetallicRoughness.uexp" 759
"../../../Engine/Plugins/Interchange/Assets/Content/gltf/MaterialFunctions/MF_RotateNormals_TS.uasset" 760
"../../../Engine/Plugins/Interchange/Assets/Content/gltf/MaterialFunctions/MF_RotateNormals_TS.uexp" 761
"../../../Engine/Plugins/Interchange/Assets/Content/gltf/MaterialFunctions/MF_ScaleNormal.uasset" 762
"../../../Engine/Plugins/Interchange/Assets/Content/gltf/MaterialFunctions/MF_ScaleNormal.uexp" 763
"../../../Engine/Plugins/Interchange/Assets/Content/gltf/Textures/T_Generic_N.uasset" 764
"../../../Engine/Plugins/Interchange/Assets/Content/gltf/Textures/T_Generic_N.uexp" 765
"../../../Engine/Plugins/Interchange/Assets/Content/gltf/MaterialFunctions/MF_Normals.uasset" 766
"../../../Engine/Plugins/Interchange/Assets/Content/gltf/MaterialFunctions/MF_Normals.uexp" 767
"../../../Engine/Plugins/Interchange/Assets/Content/gltf/MaterialFunctions/MF_Occlusion.uasset" 768
"../../../Engine/Plugins/Interchange/Assets/Content/gltf/MaterialFunctions/MF_Occlusion.uexp" 769
"../../../Engine/Plugins/Interchange/Assets/Content/gltf/MaterialFunctions/MF_Specular.uasset" 770
"../../../Engine/Plugins/Interchange/Assets/Content/gltf/MaterialFunctions/MF_Specular.uexp" 771
"../../../Engine/Plugins/Interchange/Assets/Content/gltf/Textures/T_Anisotropy_Direction_Linear.uasset" 772
"../../../Engine/Plugins/Interchange/Assets/Content/gltf/Textures/T_Anisotropy_Direction_Linear.uexp" 773
"../../../Engine/Plugins/Interchange/Assets/Content/gltf/MaterialFunctions/MF_SpecularAnisotropy.uasset" 774
"../../../Engine/Plugins/Interchange/Assets/Content/gltf/MaterialFunctions/MF_SpecularAnisotropy.uexp" 775
"../../../Engine/Plugins/Interchange/Assets/Content/gltf/MaterialFunctions/MF_Transmission.uasset" 776
"../../../Engine/Plugins/Interchange/Assets/Content/gltf/MaterialFunctions/MF_Transmission.uexp" 777
"../../../Engine/Plugins/Interchange/Assets/Content/gltf/MaterialBodies/MF_Transmission_Body.uasset" 778
"../../../Engine/Plugins/Interchange/Assets/Content/gltf/MaterialBodies/MF_Transmission_Body.uexp" 779
"../../../Engine/Plugins/Interchange/Assets/Content/gltf/M_Transmission.uasset" 780
"../../../Engine/Plugins/Interchange/Assets/Content/gltf/M_Transmission.uexp" 781
"../../../Engine/Plugins/Interchange/Assets/Content/gltf/MaterialInstances/MI_Transmission_DS.uasset" 782
"../../../Engine/Plugins/Interchange/Assets/Content/gltf/MaterialInstances/MI_Transmission_DS.uexp" 783
"../../../Engine/Plugins/Interchange/Assets/Content/gltf/MaterialInstances/MI_Transmission.uasset" 784
"../../../Engine/Plugins/Interchange/Assets/Content/gltf/MaterialInstances/MI_Transmission.uexp" 785
"../../../Engine/Plugins/Interchange/Assets/Content/gltf/MaterialFunctions/MF_Emissive.uasset" 786
"../../../Engine/Plugins/Interchange/Assets/Content/gltf/MaterialFunctions/MF_Emissive.uexp" 787
"../../../Engine/Plugins/Interchange/Assets/Content/gltf/MaterialFunctions/MF_DiffuseSpecGloss.uasset" 788
"../../../Engine/Plugins/Interchange/Assets/Content/gltf/MaterialFunctions/MF_DiffuseSpecGloss.uexp" 789
"../../../Engine/Plugins/Interchange/Assets/Content/gltf/MaterialFunctions/MF_MaxComponentValue.uasset" 790
"../../../Engine/Plugins/Interchange/Assets/Content/gltf/MaterialFunctions/MF_MaxComponentValue.uexp" 791
"../../../Engine/Content/Functions/Engine_MaterialFunctions02/Math/AddComponents.uasset" 792
"../../../Engine/Content/Functions/Engine_MaterialFunctions02/Math/AddComponents.uexp" 793
"../../../Engine/Plugins/Interchange/Assets/Content/gltf/MaterialFunctions/MF_PerceivedBrightness.uasset" 794
"../../../Engine/Plugins/Interchange/Assets/Content/gltf/MaterialFunctions/MF_PerceivedBrightness.uexp" 795
"../../../Engine/Plugins/Interchange/Assets/Content/gltf/MaterialFunctions/MF_SpecGlossToMetalRoughness.uasset" 796
"../../../Engine/Plugins/Interchange/Assets/Content/gltf/MaterialFunctions/MF_SpecGlossToMetalRoughness.uexp" 797
"../../../Engine/Plugins/Interchange/Assets/Content/gltf/MaterialBodies/MF_SpecularGlossiness_Body.uasset" 798
"../../../Engine/Plugins/Interchange/Assets/Content/gltf/MaterialBodies/MF_SpecularGlossiness_Body.uexp" 799
"../../../Engine/Plugins/Interchange/Assets/Content/gltf/M_SpecularGlossiness.uasset" 800
"../../../Engine/Plugins/Interchange/Assets/Content/gltf/M_SpecularGlossiness.uexp" 801
"../../../Engine/Plugins/Interchange/Assets/Content/gltf/MaterialInstances/MI_SpecularGlossiness_Opaque_DS.uasset" 802
"../../../Engine/Plugins/Interchange/Assets/Content/gltf/MaterialInstances/MI_SpecularGlossiness_Opaque_DS.uexp" 803
"../../../Engine/Plugins/Interchange/Assets/Content/gltf/MaterialInstances/MI_SpecularGlossiness_Opaque.uasset" 804
"../../../Engine/Plugins/Interchange/Assets/Content/gltf/MaterialInstances/MI_SpecularGlossiness_Opaque.uexp" 805
"../../../Engine/Plugins/Interchange/Assets/Content/gltf/MaterialInstances/MI_SpecularGlossiness_Mask_DS.uasset" 806
"../../../Engine/Plugins/Interchange/Assets/Content/gltf/MaterialInstances/MI_SpecularGlossiness_Mask_DS.uexp" 807
"../../../Engine/Plugins/Interchange/Assets/Content/gltf/MaterialInstances/MI_SpecularGlossiness_Mask.uasset" 808
"../../../Engine/Plugins/Interchange/Assets/Content/gltf/MaterialInstances/MI_SpecularGlossiness_Mask.uexp" 809
"../../../Engine/Plugins/Interchange/Assets/Content/gltf/MaterialInstances/MI_SpecularGlossiness_Blend_DS.uasset" 810
"../../../Engine/Plugins/Interchange/Assets/Content/gltf/MaterialInstances/MI_SpecularGlossiness_Blend_DS.uexp" 811
"../../../Engine/Plugins/Interchange/Assets/Content/gltf/MaterialInstances/MI_SpecularGlossiness_Blend.uasset" 812
"../../../Engine/Plugins/Interchange/Assets/Content/gltf/MaterialInstances/MI_SpecularGlossiness_Blend.uexp" 813
"../../../Engine/Plugins/Interchange/Assets/Content/gltf/MaterialFunctions/MF_Sheen.uasset" 814
"../../../Engine/Plugins/Interchange/Assets/Content/gltf/MaterialFunctions/MF_Sheen.uexp" 815
"../../../Engine/Plugins/Interchange/Assets/Content/gltf/MaterialBodies/MF_Sheen_Body.uasset" 816
"../../../Engine/Plugins/Interchange/Assets/Content/gltf/MaterialBodies/MF_Sheen_Body.uexp" 817
"../../../Engine/Plugins/Interchange/Assets/Content/gltf/M_Sheen.uasset" 818
"../../../Engine/Plugins/Interchange/Assets/Content/gltf/M_Sheen.uexp" 819
"../../../Engine/Plugins/Interchange/Assets/Content/gltf/MaterialInstances/MI_Sheen_Opaque_DS.uasset" 820
"../../../Engine/Plugins/Interchange/Assets/Content/gltf/MaterialInstances/MI_Sheen_Opaque_DS.uexp" 821
"../../../Engine/Plugins/Interchange/Assets/Content/gltf/MaterialInstances/MI_Sheen_Opaque.uasset" 822
"../../../Engine/Plugins/Interchange/Assets/Content/gltf/MaterialInstances/MI_Sheen_Opaque.uexp" 823
"../../../Engine/Content/Functions/Engine_MaterialFunctions02/Utility/BreakOutFloat4Components.uasset" 824
"../../../Engine/Content/Functions/Engine_MaterialFunctions02/Utility/BreakOutFloat4Components.uexp" 825
"../../../Engine/Content/Functions/Engine_MaterialFunctions02/Utility/MakeFloat4.uasset" 826
"../../../Engine/Content/Functions/Engine_MaterialFunctions02/Utility/MakeFloat4.uexp" 827
"../../../Engine/Content/EngineResources/DefaultVolumeTexture2D.uasset" 828
"../../../Engine/Content/EngineResources/DefaultVolumeTexture2D.uexp" 829
"../../../Engine/Content/EngineResources/DefaultVolumeTexture.uasset" 830
"../../../Engine/Content/EngineResources/DefaultVolumeTexture.uexp" 831
"../../../Engine/Content/EngineSky/VolumetricClouds/VT_Lightning.uasset" 832
"../../../Engine/Content/EngineSky/VolumetricClouds/VT_Lightning.uexp" 833
"../../../Engine/Content/Functions/Engine_MaterialFunctions01/Units/Km-to-Cm.uasset" 834
"../../../Engine/Content/Functions/Engine_MaterialFunctions01/Units/Km-to-Cm.uexp" 835
"../../../Engine/Content/EngineSky/VolumetricClouds/m_SimpleVolumetricCloud.uasset" 836
"../../../Engine/Content/EngineSky/VolumetricClouds/m_SimpleVolumetricCloud.uexp" 837
"../../../Engine/Content/EngineSky/VolumetricClouds/T_CloudMask.ubulk" 838
"../../../Engine/Content/EngineSky/VolumetricClouds/T_CloudMask.uasset" 839
"../../../Engine/Content/EngineSky/VolumetricClouds/T_CloudMask.uexp" 840
"../../../Engine/Content/EngineSky/VolumetricClouds/T_CloudPattern.ubulk" 841
"../../../Engine/Content/EngineSky/VolumetricClouds/T_CloudPattern.uasset" 842
"../../../Engine/Content/EngineSky/VolumetricClouds/T_CloudPattern.uexp" 843
"../../../Engine/Content/EngineSky/VolumetricClouds/T_Profile_08.ubulk" 844
"../../../Engine/Content/EngineSky/VolumetricClouds/T_Profile_08.uasset" 845
"../../../Engine/Content/EngineSky/VolumetricClouds/T_Profile_08.uexp" 846
"../../../Engine/Content/EngineSky/VolumetricClouds/VT_PerlinWorley_Balanced.uasset" 847
"../../../Engine/Content/EngineSky/VolumetricClouds/VT_PerlinWorley_Balanced.uexp" 848
"../../../Engine/Content/EngineSky/VolumetricClouds/m_SimpleVolumetricCloud_Inst.uasset" 849
"../../../Engine/Content/EngineSky/VolumetricClouds/m_SimpleVolumetricCloud_Inst.uexp" 850
"../../../Engine/Plugins/Interchange/Assets/Content/gltf/MaterialInstances/MI_Sheen_Mask_DS.uasset" 851
"../../../Engine/Plugins/Interchange/Assets/Content/gltf/MaterialInstances/MI_Sheen_Mask_DS.uexp" 852
"../../../Engine/Plugins/Interchange/Assets/Content/gltf/MaterialInstances/MI_Sheen_Mask.uasset" 853
"../../../Engine/Plugins/Interchange/Assets/Content/gltf/MaterialInstances/MI_Sheen_Mask.uexp" 854
"../../../Engine/Plugins/Interchange/Assets/Content/gltf/MaterialInstances/MI_Sheen_Blend_DS.uasset" 855
"../../../Engine/Plugins/Interchange/Assets/Content/gltf/MaterialInstances/MI_Sheen_Blend_DS.uexp" 856
"../../../Engine/Plugins/Interchange/Assets/Content/gltf/MaterialInstances/MI_Sheen_Blend.uasset" 857
"../../../Engine/Plugins/Interchange/Assets/Content/gltf/MaterialInstances/MI_Sheen_Blend.uexp" 858
"../../../Engine/Plugins/Interchange/Assets/Content/gltf/MaterialBodies/MF_Default_Body.uasset" 859
"../../../Engine/Plugins/Interchange/Assets/Content/gltf/MaterialBodies/MF_Default_Body.uexp" 860
"../../../Engine/Plugins/Interchange/Assets/Content/gltf/M_Default.uasset" 861
"../../../Engine/Plugins/Interchange/Assets/Content/gltf/M_Default.uexp" 862
"../../../Engine/Plugins/Interchange/Assets/Content/gltf/MaterialInstances/MI_Default_Opaque_DS.uasset" 863
"../../../Engine/Plugins/Interchange/Assets/Content/gltf/MaterialInstances/MI_Default_Opaque_DS.uexp" 864
"../../../Engine/Plugins/Interchange/Assets/Content/gltf/MaterialInstances/MI_Default_Opaque.uasset" 865
"../../../Engine/Plugins/Interchange/Assets/Content/gltf/MaterialInstances/MI_Default_Opaque.uexp" 866
"../../../Engine/Plugins/Interchange/Assets/Content/gltf/MaterialInstances/MI_Default_Mask_DS.uasset" 867
"../../../Engine/Plugins/Interchange/Assets/Content/gltf/MaterialInstances/MI_Default_Mask_DS.uexp" 868
"../../../Engine/Plugins/Interchange/Assets/Content/gltf/MaterialInstances/MI_Default_Mask.uasset" 869
"../../../Engine/Plugins/Interchange/Assets/Content/gltf/MaterialInstances/MI_Default_Mask.uexp" 870
"../../../Engine/Plugins/Interchange/Assets/Content/gltf/MaterialInstances/MI_Default_Blend_DS.uasset" 871
"../../../Engine/Plugins/Interchange/Assets/Content/gltf/MaterialInstances/MI_Default_Blend_DS.uexp" 872
"../../../Engine/Plugins/Interchange/Assets/Content/gltf/MaterialInstances/MI_Default_Blend.uasset" 873
"../../../Engine/Plugins/Interchange/Assets/Content/gltf/MaterialInstances/MI_Default_Blend.uexp" 874
"../../../Engine/Content/Functions/Engine_MaterialFunctions01/Texturing/FlattenNormal.uasset" 875
"../../../Engine/Content/Functions/Engine_MaterialFunctions01/Texturing/FlattenNormal.uexp" 876
"../../../Engine/Plugins/Interchange/Assets/Content/gltf/MaterialFunctions/MF_Clearcoat.uasset" 877
"../../../Engine/Plugins/Interchange/Assets/Content/gltf/MaterialFunctions/MF_Clearcoat.uexp" 878
"../../../Engine/Plugins/Interchange/Assets/Content/gltf/MaterialBodies/MF_ClearCoat_Body.uasset" 879
"../../../Engine/Plugins/Interchange/Assets/Content/gltf/MaterialBodies/MF_ClearCoat_Body.uexp" 880
"../../../Engine/Plugins/Interchange/Assets/Content/gltf/M_ClearCoat.uasset" 881
"../../../Engine/Plugins/Interchange/Assets/Content/gltf/M_ClearCoat.uexp" 882
"../../../Engine/Plugins/Interchange/Assets/Content/gltf/MaterialInstances/MI_ClearCoat_Opaque_DS.uasset" 883
"../../../Engine/Plugins/Interchange/Assets/Content/gltf/MaterialInstances/MI_ClearCoat_Opaque_DS.uexp" 884
"../../../Engine/Plugins/Interchange/Assets/Content/gltf/MaterialInstances/MI_ClearCoat_Opaque.uasset" 885
"../../../Engine/Plugins/Interchange/Assets/Content/gltf/MaterialInstances/MI_ClearCoat_Opaque.uexp" 886
"../../../Engine/Plugins/Interchange/Assets/Content/gltf/MaterialInstances/MI_ClearCoat_Mask_DS.uasset" 887
"../../../Engine/Plugins/Interchange/Assets/Content/gltf/MaterialInstances/MI_ClearCoat_Mask_DS.uexp" 888
"../../../Engine/Plugins/Interchange/Assets/Content/gltf/MaterialInstances/MI_ClearCoat_Mask.uasset" 889
"../../../Engine/Plugins/Interchange/Assets/Content/gltf/MaterialInstances/MI_ClearCoat_Mask.uexp" 890
"../../../Engine/Plugins/Interchange/Assets/Content/gltf/MaterialInstances/MI_ClearCoat_Blend_DS.uasset" 891
"../../../Engine/Plugins/Interchange/Assets/Content/gltf/MaterialInstances/MI_ClearCoat_Blend_DS.uexp" 892
"../../../Engine/Plugins/Interchange/Assets/Content/gltf/MaterialInstances/MI_ClearCoat_Blend.uasset" 893
"../../../Engine/Plugins/Interchange/Assets/Content/gltf/MaterialInstances/MI_ClearCoat_Blend.uexp" 894
"../../../Engine/Plugins/Animation/DeformerGraph/Content/DeformerFunctions/DG_Function_ComputeNormalsTangents.uasset" 895
"../../../Engine/Plugins/Animation/DeformerGraph/Content/DeformerFunctions/DG_Function_ComputeNormalsTangents.uexp" 896
"../../../Engine/Plugins/Animation/DeformerGraph/Content/DeformerFunctions/DG_Function_LinearBlendSkin_Morph_Cloth_PositionOnly.uasset" 897
"../../../Engine/Plugins/Animation/DeformerGraph/Content/DeformerFunctions/DG_Function_LinearBlendSkin_Morph_Cloth_PositionOnly.uexp" 898
"../../../Engine/Plugins/Animation/DeformerGraph/Content/Deformers/DG_LinearBlendSkin_Morph_Cloth_RecomputeNormals.uasset" 899
"../../../Engine/Plugins/Animation/DeformerGraph/Content/Deformers/DG_LinearBlendSkin_Morph_Cloth_RecomputeNormals.uexp" 900
"../../../Engine/Plugins/Animation/DeformerGraph/Content/DeformerFunctions/DG_Function_LinearBlendSkin_Morph_Cloth.uasset" 901
"../../../Engine/Plugins/Animation/DeformerGraph/Content/DeformerFunctions/DG_Function_LinearBlendSkin_Morph_Cloth.uexp" 902
"../../../Engine/Plugins/Animation/DeformerGraph/Content/Deformers/DG_LinearBlendSkin_Morph_Cloth.uasset" 903
"../../../Engine/Plugins/Animation/DeformerGraph/Content/Deformers/DG_LinearBlendSkin_Morph_Cloth.uexp" 904
"../../../Engine/Content/Functions/Engine_MaterialFunctions02/Utility/VectorLength.uasset" 905
"../../../Engine/Content/Functions/Engine_MaterialFunctions02/Utility/VectorLength.uexp" 906
"../../../Engine/Plugins/Experimental/MeshModelingToolsetExp/Content/Materials/GetDisplacementVectorForDepthBias.uasset" 907
"../../../Engine/Plugins/Experimental/MeshModelingToolsetExp/Content/Materials/GetDisplacementVectorForDepthBias.uexp" 908
"../../../Engine/Content/Functions/Engine_MaterialFunctions03/Viewport/MF_OrthoWidth.uasset" 909
"../../../Engine/Content/Functions/Engine_MaterialFunctions03/Viewport/MF_OrthoWidth.uexp" 910
"../../../Engine/Content/Functions/Engine_MaterialFunctions02/Utility/FOV.uasset" 911
"../../../Engine/Content/Functions/Engine_MaterialFunctions02/Utility/FOV.uexp" 912
"../../../Engine/Content/Functions/Engine_MaterialFunctions02/WorldPositionOffset/V2/ObjectScale.uasset" 913
"../../../Engine/Content/Functions/Engine_MaterialFunctions02/WorldPositionOffset/V2/ObjectScale.uexp" 914
"../../../Engine/Plugins/Experimental/MeshModelingToolsetExp/Content/Materials/PointSetOverlaidComponentMaterial.uasset" 915
"../../../Engine/Plugins/Experimental/MeshModelingToolsetExp/Content/Materials/PointSetOverlaidComponentMaterial.uexp" 916
"../../../Engine/Content/Functions/Engine_MaterialFunctions02/SplitComponents.uasset" 917
"../../../Engine/Content/Functions/Engine_MaterialFunctions02/SplitComponents.uexp" 918
"../../../Engine/Content/VREditor/SnapGrid/SnapGridMaterial.uasset" 919
"../../../Engine/Content/VREditor/SnapGrid/SnapGridMaterial.uexp" 920
"../../../Engine/Content/VREditor/SnapGrid/SnapGridPlaneMesh.ubulk" 921
"../../../Engine/Content/VREditor/SnapGrid/SnapGridPlaneMesh.uasset" 922
"../../../Engine/Content/VREditor/SnapGrid/SnapGridPlaneMesh.uexp" 923
"../../../Engine/Content/VREditor/TransformGizmo/PlaneTranslationHandle.ubulk" 924
"../../../Engine/Content/VREditor/TransformGizmo/PlaneTranslationHandle.uasset" 925
"../../../Engine/Content/VREditor/TransformGizmo/PlaneTranslationHandle.uexp" 926
"../../../Engine/Content/VREditor/TransformGizmo/RotationHandleFull.ubulk" 927
"../../../Engine/Content/VREditor/TransformGizmo/RotationHandleFull.uasset" 928
"../../../Engine/Content/VREditor/TransformGizmo/RotationHandleFull.uexp" 929
"../../../Engine/Content/VREditor/TransformGizmo/RotationHandleIndicator.ubulk" 930
"../../../Engine/Content/VREditor/TransformGizmo/RotationHandleIndicator.uasset" 931
"../../../Engine/Content/VREditor/TransformGizmo/RotationHandleIndicator.uexp" 932
"../../../Engine/Content/VREditor/TransformGizmo/RotationHandleQuarter.ubulk" 933
"../../../Engine/Content/VREditor/TransformGizmo/RotationHandleQuarter.uasset" 934
"../../../Engine/Content/VREditor/TransformGizmo/RotationHandleQuarter.uexp" 935
"../../../Engine/Content/VREditor/TransformGizmo/StartRotationHandleIndicator.ubulk" 936
"../../../Engine/Content/VREditor/TransformGizmo/StartRotationHandleIndicator.uasset" 937
"../../../Engine/Content/VREditor/TransformGizmo/StartRotationHandleIndicator.uexp" 938
"../../../Engine/Content/VREditor/TransformGizmo/TranslucentTransformGizmoMaterial_Inst.uasset" 939
"../../../Engine/Content/VREditor/TransformGizmo/TranslucentTransformGizmoMaterial_Inst.uexp" 940
"../../../Engine/Content/VREditor/TransformGizmo/TransformGizmoFreeRotation.ubulk" 941
"../../../Engine/Content/VREditor/TransformGizmo/TransformGizmoFreeRotation.uasset" 942
"../../../Engine/Content/VREditor/TransformGizmo/TransformGizmoFreeRotation.uexp" 943
"../../../Engine/Content/VREditor/TransformGizmo/TransformGizmoMaterial_Inst.uasset" 944
"../../../Engine/Content/VREditor/TransformGizmo/TransformGizmoMaterial_Inst.uexp" 945
"../../../Engine/Content/VREditor/TransformGizmo/TranslateArrowHandle.ubulk" 946
"../../../Engine/Content/VREditor/TransformGizmo/TranslateArrowHandle.uasset" 947
"../../../Engine/Content/VREditor/TransformGizmo/TranslateArrowHandle.uexp" 948
"../../../Engine/Content/VREditor/TransformGizmo/UniformScaleHandle.ubulk" 949
"../../../Engine/Content/VREditor/TransformGizmo/UniformScaleHandle.uasset" 950
"../../../Engine/Content/VREditor/TransformGizmo/UniformScaleHandle.uexp" 951
"../../../Engine/Content/VREditor/Sounds/UI/Drop_Item_From_ContentBrowser.ubulk" 952
"../../../Engine/Content/VREditor/Sounds/UI/Drop_Item_From_ContentBrowser.uasset" 953
"../../../Engine/Content/VREditor/Sounds/UI/Drop_Item_From_ContentBrowser.uexp" 954
"../../../Engine/Content/VREditor/Sounds/UI/Gizmo_Handle_Clicked.ubulk" 955
"../../../Engine/Content/VREditor/Sounds/UI/Gizmo_Handle_Clicked.uasset" 956
"../../../Engine/Content/VREditor/Sounds/UI/Gizmo_Handle_Clicked.uexp" 957
"../../../Engine/Content/VREditor/Sounds/UI/Object_PickUp.ubulk" 958
"../../../Engine/Content/VREditor/Sounds/UI/Object_PickUp.uasset" 959
"../../../Engine/Content/VREditor/Sounds/UI/Object_PickUp.uexp" 960
"../../../Engine/Content/VREditor/Sounds/UI/Object_Snaps_To_Another_Actor.ubulk" 961
"../../../Engine/Content/VREditor/Sounds/UI/Object_Snaps_To_Another_Actor.uasset" 962
"../../../Engine/Content/VREditor/Sounds/UI/Object_Snaps_To_Another_Actor.uexp" 963
"../../../Engine/Content/VREditor/Sounds/UI/Object_Snaps_To_Grid.ubulk" 964
"../../../Engine/Content/VREditor/Sounds/UI/Object_Snaps_To_Grid.uasset" 965
"../../../Engine/Content/VREditor/Sounds/UI/Object_Snaps_To_Grid.uexp" 966
"../../../Engine/Content/VREditor/Sounds/UI/Scaling_Down.ubulk" 967
"../../../Engine/Content/VREditor/Sounds/UI/Scaling_Down.uasset" 968
"../../../Engine/Content/VREditor/Sounds/UI/Scaling_Down.uexp" 969
"../../../Engine/Content/VREditor/Sounds/UI/Scaling_Up.ubulk" 970
"../../../Engine/Content/VREditor/Sounds/UI/Scaling_Up.uasset" 971
"../../../Engine/Content/VREditor/Sounds/UI/Scaling_Up.uexp" 972
"../../../Engine/Content/VREditor/Sounds/UI/Selection_Changes.ubulk" 973
"../../../Engine/Content/VREditor/Sounds/UI/Selection_Changes.uasset" 974
"../../../Engine/Content/VREditor/Sounds/UI/Selection_Changes.uexp" 975
"../../../Engine/Content/EngineResources/LandscapeVisibilityLayerInfo.uasset" 976
"../../../Engine/Content/EngineResources/LandscapeVisibilityLayerInfo.uexp" 977
"../../../Engine/Content/EngineResources/DefaultTextureCube.uasset" 978
"../../../Engine/Content/EngineResources/DefaultTextureCube.uexp" 979
"../../../Engine/Content/EngineResources/WhiteSquareTexture.uasset" 980
"../../../Engine/Content/EngineResources/WhiteSquareTexture.uexp" 981
"../../../Engine/Content/EngineMaterials/Widget3DPassThrough.uasset" 982
"../../../Engine/Content/EngineMaterials/Widget3DPassThrough.uexp" 983
"../../../Engine/Content/EngineMaterials/Widget3DPassThrough_Translucent.uasset" 984
"../../../Engine/Content/EngineMaterials/Widget3DPassThrough_Translucent.uexp" 985
"../../../Engine/Content/EngineMaterials/Widget3DPassThrough_Translucent_OneSided.uasset" 986
"../../../Engine/Content/EngineMaterials/Widget3DPassThrough_Translucent_OneSided.uexp" 987
"../../../Engine/Content/EngineMaterials/Widget3DPassThrough_Opaque.uasset" 988
"../../../Engine/Content/EngineMaterials/Widget3DPassThrough_Opaque.uexp" 989
"../../../Engine/Content/EngineMaterials/Widget3DPassThrough_Opaque_OneSided.uasset" 990
"../../../Engine/Content/EngineMaterials/Widget3DPassThrough_Opaque_OneSided.uexp" 991
"../../../Engine/Content/EngineMaterials/Widget3DPassThrough_Masked_OneSided.uasset" 992
"../../../Engine/Content/EngineMaterials/Widget3DPassThrough_Masked_OneSided.uexp" 993
"../../../Engine/Content/EngineMaterials/Widget3DPassThrough_Masked.uasset" 994
"../../../Engine/Content/EngineMaterials/Widget3DPassThrough_Masked.uexp" 995
"../../../Engine/Content/EngineMaterials/WeightMapPlaceholderTexture.uasset" 996
"../../../Engine/Content/EngineMaterials/WeightMapPlaceholderTexture.uexp" 997
"../../../Engine/Content/EngineMaterials/WeightMapArrayPlaceholderTexture.uasset" 998
"../../../Engine/Content/EngineMaterials/WeightMapArrayPlaceholderTexture.uexp" 999
"../../../Engine/Content/Functions/Engine_MaterialFunctions03/Math/WithinRangeFloat2.uasset" 1000
"../../../Engine/Content/Functions/Engine_MaterialFunctions03/Math/WithinRangeFloat2.uexp" 1001
"../../../Engine/Content/EditorLandscapeResources/SelectBrushMaterial.uasset" 1002
"../../../Engine/Content/EditorLandscapeResources/SelectBrushMaterial.uexp" 1003
"../../../Engine/Content/EditorLandscapeResources/SelectBrushMaterial_SelectedRegion.uasset" 1004
"../../../Engine/Content/EditorLandscapeResources/SelectBrushMaterial_SelectedRegion.uexp" 1005
"../../../Engine/Content/EditorLandscapeResources/SelectBrushMaterial_Selected.uasset" 1006
"../../../Engine/Content/EditorLandscapeResources/SelectBrushMaterial_Selected.uexp" 1007
"../../../Engine/Content/EditorLandscapeResources/MaskBrushMaterial.uasset" 1008
"../../../Engine/Content/EditorLandscapeResources/MaskBrushMaterial.uexp" 1009
"../../../Engine/Content/EditorLandscapeResources/MaskBrushMaterial_MaskedRegion.uasset" 1010
"../../../Engine/Content/EditorLandscapeResources/MaskBrushMaterial_MaskedRegion.uexp" 1011
"../../../Engine/Content/EditorLandscapeResources/ColorMaskBrushMaterial.uasset" 1012
"../../../Engine/Content/EditorLandscapeResources/ColorMaskBrushMaterial.uexp" 1013
"../../../Engine/Content/EditorLandscapeResources/ColorMaskBrushMaterial_MaskedRegion.uasset" 1014
"../../../Engine/Content/EditorLandscapeResources/ColorMaskBrushMaterial_MaskedRegion.uexp" 1015
"../../../Engine/Plugins/NNE/NNEDenoiser/Content/NNE_oidn2-3-0_rt_hdr_calb_cnrm_large__dyn__fp16_opset11_ForwardAlpha.uasset" 1016
"../../../Engine/Plugins/NNE/NNEDenoiser/Content/NNE_oidn2-3-0_rt_hdr_calb_cnrm_large__dyn__fp16_opset11_ForwardAlpha.uexp" 1017
"../../../Engine/Plugins/NNE/NNEDenoiser/Content/NNE_oidn2-3-0_rt_hdr_calb_cnrm_large__dyn__fp16_opset11_DenoiseAlpha.uasset" 1018
"../../../Engine/Plugins/NNE/NNEDenoiser/Content/NNE_oidn2-3-0_rt_hdr_calb_cnrm_large__dyn__fp16_opset11_DenoiseAlpha.uexp" 1019
"../../../Engine/Plugins/NNE/NNEDenoiser/Content/NNE_oidn2-3-0_rt_hdr_alb_nrm__dyn__fp16_opset11_ForwardAlpha.uasset" 1020
"../../../Engine/Plugins/NNE/NNEDenoiser/Content/NNE_oidn2-3-0_rt_hdr_alb_nrm__dyn__fp16_opset11_ForwardAlpha.uexp" 1021
"../../../Engine/Plugins/NNE/NNEDenoiser/Content/NNE_oidn2-3-0_rt_hdr_alb_nrm__dyn__fp16_opset11_DenoiseAlpha.uasset" 1022
"../../../Engine/Plugins/NNE/NNEDenoiser/Content/NNE_oidn2-3-0_rt_hdr_alb_nrm__dyn__fp16_opset11_DenoiseAlpha.uexp" 1023
"../../../Engine/Plugins/NNE/NNEDenoiser/Content/NNE_oidn2-3-0_rt_hdr_alb_nrm_small__dyn__fp16_opset11_ForwardAlpha.uasset" 1024
"../../../Engine/Plugins/NNE/NNEDenoiser/Content/NNE_oidn2-3-0_rt_hdr_alb_nrm_small__dyn__fp16_opset11_ForwardAlpha.uexp" 1025
"../../../Engine/Plugins/NNE/NNEDenoiser/Content/NNE_oidn2-3-0_rt_hdr_alb_nrm_small__dyn__fp16_opset11_DenoiseAlpha.uasset" 1026
"../../../Engine/Plugins/NNE/NNEDenoiser/Content/NNE_oidn2-3-0_rt_hdr_alb_nrm_small__dyn__fp16_opset11_DenoiseAlpha.uexp" 1027
"../../../Engine/Plugins/NNE/NNEDenoiser/Content/NNED_Oidn2-3_HighQuality_Alpha.uasset" 1028
"../../../Engine/Plugins/NNE/NNEDenoiser/Content/NNED_Oidn2-3_HighQuality_Alpha.uexp" 1029
"../../../Engine/Plugins/NNE/NNEDenoiser/Content/NNED_Oidn2-3_HighQuality.uasset" 1030
"../../../Engine/Plugins/NNE/NNEDenoiser/Content/NNED_Oidn2-3_HighQuality.uexp" 1031
"../../../Engine/Plugins/NNE/NNEDenoiser/Content/NNED_Oidn2-3_Fast_Alpha.uasset" 1032
"../../../Engine/Plugins/NNE/NNEDenoiser/Content/NNED_Oidn2-3_Fast_Alpha.uexp" 1033
"../../../Engine/Plugins/NNE/NNEDenoiser/Content/NNED_Oidn2-3_Fast.uasset" 1034
"../../../Engine/Plugins/NNE/NNEDenoiser/Content/NNED_Oidn2-3_Fast.uexp" 1035
"../../../Engine/Plugins/NNE/NNEDenoiser/Content/NNED_Oidn2-3_Balanced_Alpha.uasset" 1036
"../../../Engine/Plugins/NNE/NNEDenoiser/Content/NNED_Oidn2-3_Balanced_Alpha.uexp" 1037
"../../../Engine/Plugins/NNE/NNEDenoiser/Content/NNED_Oidn2-3_Balanced.uasset" 1038
"../../../Engine/Plugins/NNE/NNEDenoiser/Content/NNED_Oidn2-3_Balanced.uexp" 1039
"../../../Engine/Plugins/NNE/NNEDenoiser/Content/NNEDT_Oidn2-3_Balanced_Alpha.uasset" 1040
"../../../Engine/Plugins/NNE/NNEDenoiser/Content/NNEDT_Oidn2-3_Balanced_Alpha.uexp" 1041
"../../../Engine/Plugins/NNE/NNEDenoiser/Content/NNEDT_Oidn2-3_Balanced.uasset" 1042
"../../../Engine/Plugins/NNE/NNEDenoiser/Content/NNEDT_Oidn2-3_Balanced.uexp" 1043
"../../../Engine/Plugins/2D/Paper2D/Content/DefaultSpriteMaterial.uasset" 1044
"../../../Engine/Plugins/2D/Paper2D/Content/DefaultSpriteMaterial.uexp" 1045
"../../../Engine/Plugins/2D/Paper2D/Content/OpaqueUnlitSpriteMaterial.uasset" 1046
"../../../Engine/Plugins/2D/Paper2D/Content/OpaqueUnlitSpriteMaterial.uexp" 1047
"../../../Engine/Plugins/2D/Paper2D/Content/MaskedUnlitSpriteMaterial.uasset" 1048
"../../../Engine/Plugins/2D/Paper2D/Content/MaskedUnlitSpriteMaterial.uexp" 1049
"../../../Engine/Plugins/Animation/ControlRig/Content/Controls/ControlRigGizmoMaterial.uasset" 1050
"../../../Engine/Plugins/Animation/ControlRig/Content/Controls/ControlRigGizmoMaterial.uexp" 1051
"../../../Engine/Plugins/Animation/ControlRig/Content/Controls/ControlRigXRayMaterial.uasset" 1052
"../../../Engine/Plugins/Animation/ControlRig/Content/Controls/ControlRigXRayMaterial.uexp" 1053
"../../../Engine/Plugins/Animation/ControlRig/Content/Controls/ControlRig_Arrow2_1mm.ubulk" 1054
"../../../Engine/Plugins/Animation/ControlRig/Content/Controls/ControlRig_Arrow2_1mm.uasset" 1055
"../../../Engine/Plugins/Animation/ControlRig/Content/Controls/ControlRig_Arrow2_1mm.uexp" 1056
"../../../Engine/Plugins/Animation/ControlRig/Content/Controls/ControlRig_Arrow2_3mm.ubulk" 1057
"../../../Engine/Plugins/Animation/ControlRig/Content/Controls/ControlRig_Arrow2_3mm.uasset" 1058
"../../../Engine/Plugins/Animation/ControlRig/Content/Controls/ControlRig_Arrow2_3mm.uexp" 1059
"../../../Engine/Plugins/Animation/ControlRig/Content/Controls/ControlRig_Arrow2_solid.ubulk" 1060
"../../../Engine/Plugins/Animation/ControlRig/Content/Controls/ControlRig_Arrow2_solid.uasset" 1061
"../../../Engine/Plugins/Animation/ControlRig/Content/Controls/ControlRig_Arrow2_solid.uexp" 1062
"../../../Engine/Plugins/Animation/ControlRig/Content/Controls/ControlRig_Arrow4_1mm.ubulk" 1063
"../../../Engine/Plugins/Animation/ControlRig/Content/Controls/ControlRig_Arrow4_1mm.uasset" 1064
"../../../Engine/Plugins/Animation/ControlRig/Content/Controls/ControlRig_Arrow4_1mm.uexp" 1065
"../../../Engine/Plugins/Animation/ControlRig/Content/Controls/ControlRig_Arrow4_3mm.ubulk" 1066
"../../../Engine/Plugins/Animation/ControlRig/Content/Controls/ControlRig_Arrow4_3mm.uasset" 1067
"../../../Engine/Plugins/Animation/ControlRig/Content/Controls/ControlRig_Arrow4_3mm.uexp" 1068
"../../../Engine/Plugins/Animation/ControlRig/Content/Controls/ControlRig_Arrow4_solid.ubulk" 1069
"../../../Engine/Plugins/Animation/ControlRig/Content/Controls/ControlRig_Arrow4_solid.uasset" 1070
"../../../Engine/Plugins/Animation/ControlRig/Content/Controls/ControlRig_Arrow4_solid.uexp" 1071
"../../../Engine/Plugins/Animation/ControlRig/Content/Controls/ControlRig_Arrow_1mm.ubulk" 1072
"../../../Engine/Plugins/Animation/ControlRig/Content/Controls/ControlRig_Arrow_1mm.uasset" 1073
"../../../Engine/Plugins/Animation/ControlRig/Content/Controls/ControlRig_Arrow_1mm.uexp" 1074
"../../../Engine/Plugins/Animation/ControlRig/Content/Controls/ControlRig_Arrow_3mm.ubulk" 1075
"../../../Engine/Plugins/Animation/ControlRig/Content/Controls/ControlRig_Arrow_3mm.uasset" 1076
"../../../Engine/Plugins/Animation/ControlRig/Content/Controls/ControlRig_Arrow_3mm.uexp" 1077
"../../../Engine/Plugins/Animation/ControlRig/Content/Controls/ControlRig_Arrow_solid.ubulk" 1078
"../../../Engine/Plugins/Animation/ControlRig/Content/Controls/ControlRig_Arrow_solid.uasset" 1079
"../../../Engine/Plugins/Animation/ControlRig/Content/Controls/ControlRig_Arrow_solid.uexp" 1080
"../../../Engine/Plugins/Animation/ControlRig/Content/Controls/ControlRig_Box_1mm.ubulk" 1081
"../../../Engine/Plugins/Animation/ControlRig/Content/Controls/ControlRig_Box_1mm.uasset" 1082
"../../../Engine/Plugins/Animation/ControlRig/Content/Controls/ControlRig_Box_1mm.uexp" 1083
"../../../Engine/Plugins/Animation/ControlRig/Content/Controls/ControlRig_Box_3mm.ubulk" 1084
"../../../Engine/Plugins/Animation/ControlRig/Content/Controls/ControlRig_Box_3mm.uasset" 1085
"../../../Engine/Plugins/Animation/ControlRig/Content/Controls/ControlRig_Box_3mm.uexp" 1086
"../../../Engine/Plugins/Animation/ControlRig/Content/Controls/ControlRig_Box_solid.ubulk" 1087
"../../../Engine/Plugins/Animation/ControlRig/Content/Controls/ControlRig_Box_solid.uasset" 1088
"../../../Engine/Plugins/Animation/ControlRig/Content/Controls/ControlRig_Box_solid.uexp" 1089
"../../../Engine/Plugins/Animation/ControlRig/Content/Controls/ControlRig_Circle_1mm.ubulk" 1090
"../../../Engine/Plugins/Animation/ControlRig/Content/Controls/ControlRig_Circle_1mm.uasset" 1091
"../../../Engine/Plugins/Animation/ControlRig/Content/Controls/ControlRig_Circle_1mm.uexp" 1092
"../../../Engine/Plugins/Animation/ControlRig/Content/Controls/ControlRig_Circle_3mm.ubulk" 1093
"../../../Engine/Plugins/Animation/ControlRig/Content/Controls/ControlRig_Circle_3mm.uasset" 1094
"../../../Engine/Plugins/Animation/ControlRig/Content/Controls/ControlRig_Circle_3mm.uexp" 1095
"../../../Engine/Plugins/Animation/ControlRig/Content/Controls/ControlRig_Circle_solid.ubulk" 1096
"../../../Engine/Plugins/Animation/ControlRig/Content/Controls/ControlRig_Circle_solid.uasset" 1097
"../../../Engine/Plugins/Animation/ControlRig/Content/Controls/ControlRig_Circle_solid.uexp" 1098
"../../../Engine/Plugins/Animation/ControlRig/Content/Controls/ControlRig_Diamond_1mm.ubulk" 1099
"../../../Engine/Plugins/Animation/ControlRig/Content/Controls/ControlRig_Diamond_1mm.uasset" 1100
"../../../Engine/Plugins/Animation/ControlRig/Content/Controls/ControlRig_Diamond_1mm.uexp" 1101
"../../../Engine/Plugins/Animation/ControlRig/Content/Controls/ControlRig_Diamond_3mm.ubulk" 1102
"../../../Engine/Plugins/Animation/ControlRig/Content/Controls/ControlRig_Diamond_3mm.uasset" 1103
"../../../Engine/Plugins/Animation/ControlRig/Content/Controls/ControlRig_Diamond_3mm.uexp" 1104
"../../../Engine/Plugins/Animation/ControlRig/Content/Controls/ControlRig_Diamond_solid.ubulk" 1105
"../../../Engine/Plugins/Animation/ControlRig/Content/Controls/ControlRig_Diamond_solid.uasset" 1106
"../../../Engine/Plugins/Animation/ControlRig/Content/Controls/ControlRig_Diamond_solid.uexp" 1107
"../../../Engine/Plugins/Animation/ControlRig/Content/Controls/ControlRig_HalfCircle_1mm.ubulk" 1108
"../../../Engine/Plugins/Animation/ControlRig/Content/Controls/ControlRig_HalfCircle_1mm.uasset" 1109
"../../../Engine/Plugins/Animation/ControlRig/Content/Controls/ControlRig_HalfCircle_1mm.uexp" 1110
"../../../Engine/Plugins/Animation/ControlRig/Content/Controls/ControlRig_HalfCircle_3mm.ubulk" 1111
"../../../Engine/Plugins/Animation/ControlRig/Content/Controls/ControlRig_HalfCircle_3mm.uasset" 1112
"../../../Engine/Plugins/Animation/ControlRig/Content/Controls/ControlRig_HalfCircle_3mm.uexp" 1113
"../../../Engine/Plugins/Animation/ControlRig/Content/Controls/ControlRig_HalfCircle_solid.ubulk" 1114
"../../../Engine/Plugins/Animation/ControlRig/Content/Controls/ControlRig_HalfCircle_solid.uasset" 1115
"../../../Engine/Plugins/Animation/ControlRig/Content/Controls/ControlRig_HalfCircle_solid.uexp" 1116
"../../../Engine/Plugins/Animation/ControlRig/Content/Controls/ControlRig_Hexagon_1mm.ubulk" 1117
"../../../Engine/Plugins/Animation/ControlRig/Content/Controls/ControlRig_Hexagon_1mm.uasset" 1118
"../../../Engine/Plugins/Animation/ControlRig/Content/Controls/ControlRig_Hexagon_1mm.uexp" 1119
"../../../Engine/Plugins/Animation/ControlRig/Content/Controls/ControlRig_Hexagon_3mm.ubulk" 1120
"../../../Engine/Plugins/Animation/ControlRig/Content/Controls/ControlRig_Hexagon_3mm.uasset" 1121
"../../../Engine/Plugins/Animation/ControlRig/Content/Controls/ControlRig_Hexagon_3mm.uexp" 1122
"../../../Engine/Plugins/Animation/ControlRig/Content/Controls/ControlRig_Hexagon_solid.ubulk" 1123
"../../../Engine/Plugins/Animation/ControlRig/Content/Controls/ControlRig_Hexagon_solid.uasset" 1124
"../../../Engine/Plugins/Animation/ControlRig/Content/Controls/ControlRig_Hexagon_solid.uexp" 1125
"../../../Engine/Plugins/Animation/ControlRig/Content/Controls/ControlRig_Octagon_1mm.ubulk" 1126
"../../../Engine/Plugins/Animation/ControlRig/Content/Controls/ControlRig_Octagon_1mm.uasset" 1127
"../../../Engine/Plugins/Animation/ControlRig/Content/Controls/ControlRig_Octagon_1mm.uexp" 1128
"../../../Engine/Plugins/Animation/ControlRig/Content/Controls/ControlRig_Octagon_3mm.ubulk" 1129
"../../../Engine/Plugins/Animation/ControlRig/Content/Controls/ControlRig_Octagon_3mm.uasset" 1130
"../../../Engine/Plugins/Animation/ControlRig/Content/Controls/ControlRig_Octagon_3mm.uexp" 1131
"../../../Engine/Plugins/Animation/ControlRig/Content/Controls/ControlRig_Octagon_solid.ubulk" 1132
"../../../Engine/Plugins/Animation/ControlRig/Content/Controls/ControlRig_Octagon_solid.uasset" 1133
"../../../Engine/Plugins/Animation/ControlRig/Content/Controls/ControlRig_Octagon_solid.uexp" 1134
"../../../Engine/Plugins/Animation/ControlRig/Content/Controls/ControlRig_Pyramid_1mm.ubulk" 1135
"../../../Engine/Plugins/Animation/ControlRig/Content/Controls/ControlRig_Pyramid_1mm.uasset" 1136
"../../../Engine/Plugins/Animation/ControlRig/Content/Controls/ControlRig_Pyramid_1mm.uexp" 1137
"../../../Engine/Plugins/Animation/ControlRig/Content/Controls/ControlRig_Pyramid_3mm.ubulk" 1138
"../../../Engine/Plugins/Animation/ControlRig/Content/Controls/ControlRig_Pyramid_3mm.uasset" 1139
"../../../Engine/Plugins/Animation/ControlRig/Content/Controls/ControlRig_Pyramid_3mm.uexp" 1140
"../../../Engine/Plugins/Animation/ControlRig/Content/Controls/ControlRig_Pyramid_solid.ubulk" 1141
"../../../Engine/Plugins/Animation/ControlRig/Content/Controls/ControlRig_Pyramid_solid.uasset" 1142
"../../../Engine/Plugins/Animation/ControlRig/Content/Controls/ControlRig_Pyramid_solid.uexp" 1143
"../../../Engine/Plugins/Animation/ControlRig/Content/Controls/ControlRig_QuarterCircle_1mm.ubulk" 1144
"../../../Engine/Plugins/Animation/ControlRig/Content/Controls/ControlRig_QuarterCircle_1mm.uasset" 1145
"../../../Engine/Plugins/Animation/ControlRig/Content/Controls/ControlRig_QuarterCircle_1mm.uexp" 1146
"../../../Engine/Plugins/Animation/ControlRig/Content/Controls/ControlRig_QuarterCircle_3mm.ubulk" 1147
"../../../Engine/Plugins/Animation/ControlRig/Content/Controls/ControlRig_QuarterCircle_3mm.uasset" 1148
"../../../Engine/Plugins/Animation/ControlRig/Content/Controls/ControlRig_QuarterCircle_3mm.uexp" 1149
"../../../Engine/Plugins/Animation/ControlRig/Content/Controls/ControlRig_QuarterCircle_solid.ubulk" 1150
"../../../Engine/Plugins/Animation/ControlRig/Content/Controls/ControlRig_QuarterCircle_solid.uasset" 1151
"../../../Engine/Plugins/Animation/ControlRig/Content/Controls/ControlRig_QuarterCircle_solid.uexp" 1152
"../../../Engine/Plugins/Animation/ControlRig/Content/Controls/ControlRig_RoundedSquare_1mm.ubulk" 1153
"../../../Engine/Plugins/Animation/ControlRig/Content/Controls/ControlRig_RoundedSquare_1mm.uasset" 1154
"../../../Engine/Plugins/Animation/ControlRig/Content/Controls/ControlRig_RoundedSquare_1mm.uexp" 1155
"../../../Engine/Plugins/Animation/ControlRig/Content/Controls/ControlRig_RoundedSquare_3mm.ubulk" 1156
"../../../Engine/Plugins/Animation/ControlRig/Content/Controls/ControlRig_RoundedSquare_3mm.uasset" 1157
"../../../Engine/Plugins/Animation/ControlRig/Content/Controls/ControlRig_RoundedSquare_3mm.uexp" 1158
"../../../Engine/Plugins/Animation/ControlRig/Content/Controls/ControlRig_RoundedSquare_solid.ubulk" 1159
"../../../Engine/Plugins/Animation/ControlRig/Content/Controls/ControlRig_RoundedSquare_solid.uasset" 1160
"../../../Engine/Plugins/Animation/ControlRig/Content/Controls/ControlRig_RoundedSquare_solid.uexp" 1161
"../../../Engine/Plugins/Animation/ControlRig/Content/Controls/ControlRig_RoundedTriangle_1mm.ubulk" 1162
"../../../Engine/Plugins/Animation/ControlRig/Content/Controls/ControlRig_RoundedTriangle_1mm.uasset" 1163
"../../../Engine/Plugins/Animation/ControlRig/Content/Controls/ControlRig_RoundedTriangle_1mm.uexp" 1164
"../../../Engine/Plugins/Animation/ControlRig/Content/Controls/ControlRig_RoundedTriangle_3mm.ubulk" 1165
"../../../Engine/Plugins/Animation/ControlRig/Content/Controls/ControlRig_RoundedTriangle_3mm.uasset" 1166
"../../../Engine/Plugins/Animation/ControlRig/Content/Controls/ControlRig_RoundedTriangle_3mm.uexp" 1167
"../../../Engine/Plugins/Animation/ControlRig/Content/Controls/ControlRig_RoundedTriangle_solid.ubulk" 1168
"../../../Engine/Plugins/Animation/ControlRig/Content/Controls/ControlRig_RoundedTriangle_solid.uasset" 1169
"../../../Engine/Plugins/Animation/ControlRig/Content/Controls/ControlRig_RoundedTriangle_solid.uexp" 1170
"../../../Engine/Plugins/Animation/ControlRig/Content/Controls/ControlRig_Sphere_1mm.ubulk" 1171
"../../../Engine/Plugins/Animation/ControlRig/Content/Controls/ControlRig_Sphere_1mm.uasset" 1172
"../../../Engine/Plugins/Animation/ControlRig/Content/Controls/ControlRig_Sphere_1mm.uexp" 1173
"../../../Engine/Plugins/Animation/ControlRig/Content/Controls/ControlRig_Sphere_3mm.ubulk" 1174
"../../../Engine/Plugins/Animation/ControlRig/Content/Controls/ControlRig_Sphere_3mm.uasset" 1175
"../../../Engine/Plugins/Animation/ControlRig/Content/Controls/ControlRig_Sphere_3mm.uexp" 1176
"../../../Engine/Plugins/Animation/ControlRig/Content/Controls/ControlRig_Sphere_solid.ubulk" 1177
"../../../Engine/Plugins/Animation/ControlRig/Content/Controls/ControlRig_Sphere_solid.uasset" 1178
"../../../Engine/Plugins/Animation/ControlRig/Content/Controls/ControlRig_Sphere_solid.uexp" 1179
"../../../Engine/Plugins/Animation/ControlRig/Content/Controls/ControlRig_Square_1mm.ubulk" 1180
"../../../Engine/Plugins/Animation/ControlRig/Content/Controls/ControlRig_Square_1mm.uasset" 1181
"../../../Engine/Plugins/Animation/ControlRig/Content/Controls/ControlRig_Square_1mm.uexp" 1182
"../../../Engine/Plugins/Animation/ControlRig/Content/Controls/ControlRig_Square_3mm.ubulk" 1183
"../../../Engine/Plugins/Animation/ControlRig/Content/Controls/ControlRig_Square_3mm.uasset" 1184
"../../../Engine/Plugins/Animation/ControlRig/Content/Controls/ControlRig_Square_3mm.uexp" 1185
"../../../Engine/Plugins/Animation/ControlRig/Content/Controls/ControlRig_Square_solid.ubulk" 1186
"../../../Engine/Plugins/Animation/ControlRig/Content/Controls/ControlRig_Square_solid.uasset" 1187
"../../../Engine/Plugins/Animation/ControlRig/Content/Controls/ControlRig_Square_solid.uexp" 1188
"../../../Engine/Plugins/Animation/ControlRig/Content/Controls/ControlRig_Star4_1mm.ubulk" 1189
"../../../Engine/Plugins/Animation/ControlRig/Content/Controls/ControlRig_Star4_1mm.uasset" 1190
"../../../Engine/Plugins/Animation/ControlRig/Content/Controls/ControlRig_Star4_1mm.uexp" 1191
"../../../Engine/Plugins/Animation/ControlRig/Content/Controls/ControlRig_Star4_3mm.ubulk" 1192
"../../../Engine/Plugins/Animation/ControlRig/Content/Controls/ControlRig_Star4_3mm.uasset" 1193
"../../../Engine/Plugins/Animation/ControlRig/Content/Controls/ControlRig_Star4_3mm.uexp" 1194
"../../../Engine/Plugins/Animation/ControlRig/Content/Controls/ControlRig_Star4_solid.ubulk" 1195
"../../../Engine/Plugins/Animation/ControlRig/Content/Controls/ControlRig_Star4_solid.uasset" 1196
"../../../Engine/Plugins/Animation/ControlRig/Content/Controls/ControlRig_Star4_solid.uexp" 1197
"../../../Engine/Plugins/Animation/ControlRig/Content/Controls/ControlRig_Triangle_1mm.ubulk" 1198
"../../../Engine/Plugins/Animation/ControlRig/Content/Controls/ControlRig_Triangle_1mm.uasset" 1199
"../../../Engine/Plugins/Animation/ControlRig/Content/Controls/ControlRig_Triangle_1mm.uexp" 1200
"../../../Engine/Plugins/Animation/ControlRig/Content/Controls/ControlRig_Triangle_3mm.ubulk" 1201
"../../../Engine/Plugins/Animation/ControlRig/Content/Controls/ControlRig_Triangle_3mm.uasset" 1202
"../../../Engine/Plugins/Animation/ControlRig/Content/Controls/ControlRig_Triangle_3mm.uexp" 1203
"../../../Engine/Plugins/Animation/ControlRig/Content/Controls/ControlRig_Triangle_solid.ubulk" 1204
"../../../Engine/Plugins/Animation/ControlRig/Content/Controls/ControlRig_Triangle_solid.uasset" 1205
"../../../Engine/Plugins/Animation/ControlRig/Content/Controls/ControlRig_Triangle_solid.uexp" 1206
"../../../Engine/Plugins/Animation/ControlRig/Content/Controls/ControlRig_Wedge_1mm.ubulk" 1207
"../../../Engine/Plugins/Animation/ControlRig/Content/Controls/ControlRig_Wedge_1mm.uasset" 1208
"../../../Engine/Plugins/Animation/ControlRig/Content/Controls/ControlRig_Wedge_1mm.uexp" 1209
"../../../Engine/Plugins/Animation/ControlRig/Content/Controls/ControlRig_Wedge_3mm.ubulk" 1210
"../../../Engine/Plugins/Animation/ControlRig/Content/Controls/ControlRig_Wedge_3mm.uasset" 1211
"../../../Engine/Plugins/Animation/ControlRig/Content/Controls/ControlRig_Wedge_3mm.uexp" 1212
"../../../Engine/Plugins/Animation/ControlRig/Content/Controls/ControlRig_Wedge_solid.ubulk" 1213
"../../../Engine/Plugins/Animation/ControlRig/Content/Controls/ControlRig_Wedge_solid.uasset" 1214
"../../../Engine/Plugins/Animation/ControlRig/Content/Controls/ControlRig_Wedge_solid.uexp" 1215
"../../../Engine/Plugins/Animation/ControlRig/Content/Controls/DefaultGizmoLibraryNormalized.uasset" 1216
"../../../Engine/Plugins/Animation/ControlRig/Content/Controls/DefaultGizmoLibraryNormalized.uexp" 1217
"../../../Engine/Content/Functions/Engine_MaterialFunctions02/WorldPositionOffset/ObjectScale.uasset" 1218
"../../../Engine/Content/Functions/Engine_MaterialFunctions02/WorldPositionOffset/ObjectScale.uexp" 1219
"../../../Engine/Plugins/Editor/SpeedTreeImporter/Content/SpeedTree9/Empty.uasset" 1220
"../../../Engine/Plugins/Editor/SpeedTreeImporter/Content/SpeedTree9/Empty.uexp" 1221
"../../../Engine/Plugins/Editor/SpeedTreeImporter/Content/SpeedTree9/EmptyNormal.uasset" 1222
"../../../Engine/Plugins/Editor/SpeedTreeImporter/Content/SpeedTree9/EmptyNormal.uexp" 1223
"../../../Engine/Plugins/Editor/SpeedTreeImporter/Content/SpeedTree9/game_wind_noise.ubulk" 1224
"../../../Engine/Plugins/Editor/SpeedTreeImporter/Content/SpeedTree9/game_wind_noise.uasset" 1225
"../../../Engine/Plugins/Editor/SpeedTreeImporter/Content/SpeedTree9/game_wind_noise.uexp" 1226
"../../../Engine/Plugins/Editor/SpeedTreeImporter/Content/SpeedTree9/SpeedTreeBillboard.uasset" 1227
"../../../Engine/Plugins/Editor/SpeedTreeImporter/Content/SpeedTree9/SpeedTreeBillboard.uexp" 1228
"../../../Engine/Content/Functions/Engine_MaterialFunctions02/SafeNormalize.uasset" 1229
"../../../Engine/Content/Functions/Engine_MaterialFunctions02/SafeNormalize.uexp" 1230
"../../../Engine/Plugins/Editor/SpeedTreeImporter/Content/SpeedTree9/SpeedTreeWindMotion.uasset" 1231
"../../../Engine/Plugins/Editor/SpeedTreeImporter/Content/SpeedTree9/SpeedTreeWindMotion.uexp" 1232
"../../../Engine/Plugins/Editor/SpeedTreeImporter/Content/SpeedTree9/UnpackDirection.uasset" 1233
"../../../Engine/Plugins/Editor/SpeedTreeImporter/Content/SpeedTree9/UnpackDirection.uexp" 1234
"../../../Engine/Plugins/Editor/SpeedTreeImporter/Content/SpeedTree9/UnpackInteger3.uasset" 1235
"../../../Engine/Plugins/Editor/SpeedTreeImporter/Content/SpeedTree9/UnpackInteger3.uexp" 1236
"../../../Engine/Plugins/Editor/SpeedTreeImporter/Content/SpeedTree9/SpeedTreeBranchMotion.uasset" 1237
"../../../Engine/Plugins/Editor/SpeedTreeImporter/Content/SpeedTree9/SpeedTreeBranchMotion.uexp" 1238
"../../../Engine/Content/Functions/Engine_MaterialFunctions02/ObjectLocalBounds.uasset" 1239
"../../../Engine/Content/Functions/Engine_MaterialFunctions02/ObjectLocalBounds.uexp" 1240
"../../../Engine/Content/Functions/Engine_MaterialFunctions02/UVs/BoundingBoxBased_0-1_UVW.uasset" 1241
"../../../Engine/Content/Functions/Engine_MaterialFunctions02/UVs/BoundingBoxBased_0-1_UVW.uexp" 1242
"../../../Engine/Plugins/Editor/SpeedTreeImporter/Content/SpeedTree9/SpeedTreeWind.uasset" 1243
"../../../Engine/Plugins/Editor/SpeedTreeImporter/Content/SpeedTree9/SpeedTreeWind.uexp" 1244
"../../../Engine/Plugins/Editor/SpeedTreeImporter/Content/SpeedTree9/SpeedTreeBillboardMaster.uasset" 1245
"../../../Engine/Plugins/Editor/SpeedTreeImporter/Content/SpeedTree9/SpeedTreeBillboardMaster.uexp" 1246
"../../../Engine/Plugins/Editor/SpeedTreeImporter/Content/SpeedTree9/SpeedTreeCameraFacing.uasset" 1247
"../../../Engine/Plugins/Editor/SpeedTreeImporter/Content/SpeedTree9/SpeedTreeCameraFacing.uexp" 1248
"../../../Engine/Plugins/Editor/SpeedTreeImporter/Content/SpeedTree9/SpeedTreeMaster.uasset" 1249
"../../../Engine/Plugins/Editor/SpeedTreeImporter/Content/SpeedTree9/SpeedTreeMaster.uexp" 1250
"../../../Engine/Content/Maps/Entry_BuiltData.uasset" 1251
"../../../Engine/Content/Maps/Entry_BuiltData.uexp" 1252
"../../../Engine/Content/Maps/Entry.uexp" 1253
"../../../Engine/Content/Maps/Entry.umap" 1254
"C:/Users/cjoyn/OneDrive/Documents/Unreal Projects/CIS488UnrealProject/TheMarbelousAscent/Content/UI/Textures/Menu/HowToPlay.uasset" 1255
"C:/Users/cjoyn/OneDrive/Documents/Unreal Projects/CIS488UnrealProject/TheMarbelousAscent/Content/UI/Textures/Menu/HowToPlay.uexp" 1256
"C:/Users/cjoyn/OneDrive/Documents/Unreal Projects/CIS488UnrealProject/TheMarbelousAscent/Content/UI/Textures/Menu/MainMenuTitle.uasset" 1257
"C:/Users/cjoyn/OneDrive/Documents/Unreal Projects/CIS488UnrealProject/TheMarbelousAscent/Content/UI/Textures/Menu/MainMenuTitle.uexp" 1258
"C:/Users/cjoyn/OneDrive/Documents/Unreal Projects/CIS488UnrealProject/TheMarbelousAscent/Content/UI/Textures/Menu/PlayButton.uasset" 1259
"C:/Users/cjoyn/OneDrive/Documents/Unreal Projects/CIS488UnrealProject/TheMarbelousAscent/Content/UI/Textures/Menu/PlayButton.uexp" 1260
"C:/Users/cjoyn/OneDrive/Documents/Unreal Projects/CIS488UnrealProject/TheMarbelousAscent/Content/UI/Textures/HowToPlay/ArrowButton.uasset" 1261
"C:/Users/cjoyn/OneDrive/Documents/Unreal Projects/CIS488UnrealProject/TheMarbelousAscent/Content/UI/Textures/HowToPlay/ArrowButton.uexp" 1262
"C:/Users/cjoyn/OneDrive/Documents/Unreal Projects/CIS488UnrealProject/TheMarbelousAscent/Content/UI/Textures/HowToPlay/Page1-1.uasset" 1263
"C:/Users/cjoyn/OneDrive/Documents/Unreal Projects/CIS488UnrealProject/TheMarbelousAscent/Content/UI/Textures/HowToPlay/Page1-1.uexp" 1264
"C:/Users/cjoyn/OneDrive/Documents/Unreal Projects/CIS488UnrealProject/TheMarbelousAscent/Content/UI/Textures/HowToPlay/Page10-1.uasset" 1265
"C:/Users/cjoyn/OneDrive/Documents/Unreal Projects/CIS488UnrealProject/TheMarbelousAscent/Content/UI/Textures/HowToPlay/Page10-1.uexp" 1266
"C:/Users/cjoyn/OneDrive/Documents/Unreal Projects/CIS488UnrealProject/TheMarbelousAscent/Content/UI/Textures/HowToPlay/Page11-1.uasset" 1267
"C:/Users/cjoyn/OneDrive/Documents/Unreal Projects/CIS488UnrealProject/TheMarbelousAscent/Content/UI/Textures/HowToPlay/Page11-1.uexp" 1268
"C:/Users/cjoyn/OneDrive/Documents/Unreal Projects/CIS488UnrealProject/TheMarbelousAscent/Content/UI/Textures/HowToPlay/Page12-1.uasset" 1269
"C:/Users/cjoyn/OneDrive/Documents/Unreal Projects/CIS488UnrealProject/TheMarbelousAscent/Content/UI/Textures/HowToPlay/Page12-1.uexp" 1270
"C:/Users/cjoyn/OneDrive/Documents/Unreal Projects/CIS488UnrealProject/TheMarbelousAscent/Content/UI/Textures/HowToPlay/Page13-1.uasset" 1271
"C:/Users/cjoyn/OneDrive/Documents/Unreal Projects/CIS488UnrealProject/TheMarbelousAscent/Content/UI/Textures/HowToPlay/Page13-1.uexp" 1272
"C:/Users/cjoyn/OneDrive/Documents/Unreal Projects/CIS488UnrealProject/TheMarbelousAscent/Content/UI/Textures/HowToPlay/Page14-1.uasset" 1273
"C:/Users/cjoyn/OneDrive/Documents/Unreal Projects/CIS488UnrealProject/TheMarbelousAscent/Content/UI/Textures/HowToPlay/Page14-1.uexp" 1274
"C:/Users/cjoyn/OneDrive/Documents/Unreal Projects/CIS488UnrealProject/TheMarbelousAscent/Content/UI/Textures/HowToPlay/Page15-1.uasset" 1275
"C:/Users/cjoyn/OneDrive/Documents/Unreal Projects/CIS488UnrealProject/TheMarbelousAscent/Content/UI/Textures/HowToPlay/Page15-1.uexp" 1276
"C:/Users/cjoyn/OneDrive/Documents/Unreal Projects/CIS488UnrealProject/TheMarbelousAscent/Content/UI/Textures/HowToPlay/Page16-1.uasset" 1277
"C:/Users/cjoyn/OneDrive/Documents/Unreal Projects/CIS488UnrealProject/TheMarbelousAscent/Content/UI/Textures/HowToPlay/Page16-1.uexp" 1278
"C:/Users/cjoyn/OneDrive/Documents/Unreal Projects/CIS488UnrealProject/TheMarbelousAscent/Content/UI/Textures/HowToPlay/Page17-1.uasset" 1279
"C:/Users/cjoyn/OneDrive/Documents/Unreal Projects/CIS488UnrealProject/TheMarbelousAscent/Content/UI/Textures/HowToPlay/Page17-1.uexp" 1280
"C:/Users/cjoyn/OneDrive/Documents/Unreal Projects/CIS488UnrealProject/TheMarbelousAscent/Content/UI/Textures/HowToPlay/Page18-1.uasset" 1281
"C:/Users/cjoyn/OneDrive/Documents/Unreal Projects/CIS488UnrealProject/TheMarbelousAscent/Content/UI/Textures/HowToPlay/Page18-1.uexp" 1282
"C:/Users/cjoyn/OneDrive/Documents/Unreal Projects/CIS488UnrealProject/TheMarbelousAscent/Content/UI/Textures/HowToPlay/Page19-1.uasset" 1283
"C:/Users/cjoyn/OneDrive/Documents/Unreal Projects/CIS488UnrealProject/TheMarbelousAscent/Content/UI/Textures/HowToPlay/Page19-1.uexp" 1284
"C:/Users/cjoyn/OneDrive/Documents/Unreal Projects/CIS488UnrealProject/TheMarbelousAscent/Content/UI/Textures/HowToPlay/Page2-1.uasset" 1285
"C:/Users/cjoyn/OneDrive/Documents/Unreal Projects/CIS488UnrealProject/TheMarbelousAscent/Content/UI/Textures/HowToPlay/Page2-1.uexp" 1286
"C:/Users/cjoyn/OneDrive/Documents/Unreal Projects/CIS488UnrealProject/TheMarbelousAscent/Content/UI/Textures/HowToPlay/Page20-1.uasset" 1287
"C:/Users/cjoyn/OneDrive/Documents/Unreal Projects/CIS488UnrealProject/TheMarbelousAscent/Content/UI/Textures/HowToPlay/Page20-1.uexp" 1288
"C:/Users/cjoyn/OneDrive/Documents/Unreal Projects/CIS488UnrealProject/TheMarbelousAscent/Content/UI/Textures/HowToPlay/Page3-1.uasset" 1289
"C:/Users/cjoyn/OneDrive/Documents/Unreal Projects/CIS488UnrealProject/TheMarbelousAscent/Content/UI/Textures/HowToPlay/Page3-1.uexp" 1290
"C:/Users/cjoyn/OneDrive/Documents/Unreal Projects/CIS488UnrealProject/TheMarbelousAscent/Content/UI/Textures/HowToPlay/Page4-1.uasset" 1291
"C:/Users/cjoyn/OneDrive/Documents/Unreal Projects/CIS488UnrealProject/TheMarbelousAscent/Content/UI/Textures/HowToPlay/Page4-1.uexp" 1292
"C:/Users/cjoyn/OneDrive/Documents/Unreal Projects/CIS488UnrealProject/TheMarbelousAscent/Content/UI/Textures/HowToPlay/Page5-1.uasset" 1293
"C:/Users/cjoyn/OneDrive/Documents/Unreal Projects/CIS488UnrealProject/TheMarbelousAscent/Content/UI/Textures/HowToPlay/Page5-1.uexp" 1294
"C:/Users/cjoyn/OneDrive/Documents/Unreal Projects/CIS488UnrealProject/TheMarbelousAscent/Content/UI/Textures/HowToPlay/Page6-1.uasset" 1295
"C:/Users/cjoyn/OneDrive/Documents/Unreal Projects/CIS488UnrealProject/TheMarbelousAscent/Content/UI/Textures/HowToPlay/Page6-1.uexp" 1296
"C:/Users/cjoyn/OneDrive/Documents/Unreal Projects/CIS488UnrealProject/TheMarbelousAscent/Content/UI/Textures/HowToPlay/Page7-1.uasset" 1297
"C:/Users/cjoyn/OneDrive/Documents/Unreal Projects/CIS488UnrealProject/TheMarbelousAscent/Content/UI/Textures/HowToPlay/Page7-1.uexp" 1298
"C:/Users/cjoyn/OneDrive/Documents/Unreal Projects/CIS488UnrealProject/TheMarbelousAscent/Content/UI/Textures/HowToPlay/Page8-1.uasset" 1299
"C:/Users/cjoyn/OneDrive/Documents/Unreal Projects/CIS488UnrealProject/TheMarbelousAscent/Content/UI/Textures/HowToPlay/Page8-1.uexp" 1300
"C:/Users/cjoyn/OneDrive/Documents/Unreal Projects/CIS488UnrealProject/TheMarbelousAscent/Content/UI/Textures/HowToPlay/Page9-1.uasset" 1301
"C:/Users/cjoyn/OneDrive/Documents/Unreal Projects/CIS488UnrealProject/TheMarbelousAscent/Content/UI/Textures/HowToPlay/Page9-1.uexp" 1302
"C:/Users/cjoyn/OneDrive/Documents/Unreal Projects/CIS488UnrealProject/TheMarbelousAscent/Content/UI/Widgets/WBP_HowToPlay.uasset" 1303
"C:/Users/cjoyn/OneDrive/Documents/Unreal Projects/CIS488UnrealProject/TheMarbelousAscent/Content/UI/Widgets/WBP_HowToPlay.uexp" 1304
"C:/Users/cjoyn/OneDrive/Documents/Unreal Projects/CIS488UnrealProject/TheMarbelousAscent/Content/UI/Widgets/WBP_MainMenu.uasset" 1305
"C:/Users/cjoyn/OneDrive/Documents/Unreal Projects/CIS488UnrealProject/TheMarbelousAscent/Content/UI/Widgets/WBP_MainMenu.uexp" 1306
"C:/Users/cjoyn/OneDrive/Documents/Unreal Projects/CIS488UnrealProject/TheMarbelousAscent/Content/MainMenu.uexp" 1307
"C:/Users/cjoyn/OneDrive/Documents/Unreal Projects/CIS488UnrealProject/TheMarbelousAscent/Content/MainMenu.umap" 1308
"C:/Users/cjoyn/OneDrive/Documents/Unreal Projects/CIS488UnrealProject/TheMarbelousAscent/Content/UI/Widgets/WBP_CheckpointNum.uasset" 1309
"C:/Users/cjoyn/OneDrive/Documents/Unreal Projects/CIS488UnrealProject/TheMarbelousAscent/Content/UI/Widgets/WBP_CheckpointNum.uexp" 1310
"C:/Users/cjoyn/OneDrive/Documents/Unreal Projects/CIS488UnrealProject/TheMarbelousAscent/Content/TutorialTest.uexp" 1311
"C:/Users/cjoyn/OneDrive/Documents/Unreal Projects/CIS488UnrealProject/TheMarbelousAscent/Content/TutorialTest.umap" 1312
"C:/Users/cjoyn/OneDrive/Documents/Unreal Projects/CIS488UnrealProject/TheMarbelousAscent/Content/TutorialTest/_Generated_/0X4TO6D0OVHPKWEFCRC4SSMR5.uexp" 1313
"C:/Users/cjoyn/OneDrive/Documents/Unreal Projects/CIS488UnrealProject/TheMarbelousAscent/Content/TutorialTest/_Generated_/0X4TO6D0OVHPKWEFCRC4SSMR5.ubulk" 1314
"C:/Users/cjoyn/OneDrive/Documents/Unreal Projects/CIS488UnrealProject/TheMarbelousAscent/Content/TutorialTest/_Generated_/0X4TO6D0OVHPKWEFCRC4SSMR5.umap" 1315
"C:/Users/cjoyn/OneDrive/Documents/Unreal Projects/CIS488UnrealProject/TheMarbelousAscent/Content/TutorialTest/_Generated_/28KNW1A6U6EUV945VPE6CQD66.uexp" 1316
"C:/Users/cjoyn/OneDrive/Documents/Unreal Projects/CIS488UnrealProject/TheMarbelousAscent/Content/TutorialTest/_Generated_/28KNW1A6U6EUV945VPE6CQD66.umap" 1317
"C:/Users/cjoyn/OneDrive/Documents/Unreal Projects/CIS488UnrealProject/TheMarbelousAscent/Content/TutorialTest/_Generated_/08C3HRXWU2AG6RJPRNO8S5GLR.uexp" 1318
"C:/Users/cjoyn/OneDrive/Documents/Unreal Projects/CIS488UnrealProject/TheMarbelousAscent/Content/TutorialTest/_Generated_/08C3HRXWU2AG6RJPRNO8S5GLR.ubulk" 1319
"C:/Users/cjoyn/OneDrive/Documents/Unreal Projects/CIS488UnrealProject/TheMarbelousAscent/Content/TutorialTest/_Generated_/08C3HRXWU2AG6RJPRNO8S5GLR.umap" 1320
"C:/Users/cjoyn/OneDrive/Documents/Unreal Projects/CIS488UnrealProject/TheMarbelousAscent/Content/TutorialTest/_Generated_/3701B824DY65LGCU41IO6NHUK.uexp" 1321
"C:/Users/cjoyn/OneDrive/Documents/Unreal Projects/CIS488UnrealProject/TheMarbelousAscent/Content/TutorialTest/_Generated_/3701B824DY65LGCU41IO6NHUK.ubulk" 1322
"C:/Users/cjoyn/OneDrive/Documents/Unreal Projects/CIS488UnrealProject/TheMarbelousAscent/Content/TutorialTest/_Generated_/3701B824DY65LGCU41IO6NHUK.umap" 1323
"C:/Users/cjoyn/OneDrive/Documents/Unreal Projects/CIS488UnrealProject/TheMarbelousAscent/Content/TutorialTest/_Generated_/AJZA1DR0GUCJZWKBOLBJHYJ2S.uexp" 1324
"C:/Users/cjoyn/OneDrive/Documents/Unreal Projects/CIS488UnrealProject/TheMarbelousAscent/Content/TutorialTest/_Generated_/AJZA1DR0GUCJZWKBOLBJHYJ2S.ubulk" 1325
"C:/Users/cjoyn/OneDrive/Documents/Unreal Projects/CIS488UnrealProject/TheMarbelousAscent/Content/TutorialTest/_Generated_/AJZA1DR0GUCJZWKBOLBJHYJ2S.umap" 1326
"C:/Users/cjoyn/OneDrive/Documents/Unreal Projects/CIS488UnrealProject/TheMarbelousAscent/Content/TutorialTest/_Generated_/3XC90JDPZMPXJ874322RHJ0ZZ.uexp" 1327
"C:/Users/cjoyn/OneDrive/Documents/Unreal Projects/CIS488UnrealProject/TheMarbelousAscent/Content/TutorialTest/_Generated_/3XC90JDPZMPXJ874322RHJ0ZZ.ubulk" 1328
"C:/Users/cjoyn/OneDrive/Documents/Unreal Projects/CIS488UnrealProject/TheMarbelousAscent/Content/TutorialTest/_Generated_/3XC90JDPZMPXJ874322RHJ0ZZ.umap" 1329
"C:/Users/cjoyn/OneDrive/Documents/Unreal Projects/CIS488UnrealProject/TheMarbelousAscent/Content/TutorialTest/_Generated_/ALE86OXLZ7OZ0JBZSB370BKOT.uexp" 1330
"C:/Users/cjoyn/OneDrive/Documents/Unreal Projects/CIS488UnrealProject/TheMarbelousAscent/Content/TutorialTest/_Generated_/ALE86OXLZ7OZ0JBZSB370BKOT.ubulk" 1331
"C:/Users/cjoyn/OneDrive/Documents/Unreal Projects/CIS488UnrealProject/TheMarbelousAscent/Content/TutorialTest/_Generated_/ALE86OXLZ7OZ0JBZSB370BKOT.umap" 1332
"C:/Users/cjoyn/OneDrive/Documents/Unreal Projects/CIS488UnrealProject/TheMarbelousAscent/Content/TutorialTest/_Generated_/B9REF8S8HIFBNKSYUIUTKL6GG.uexp" 1333
"C:/Users/cjoyn/OneDrive/Documents/Unreal Projects/CIS488UnrealProject/TheMarbelousAscent/Content/TutorialTest/_Generated_/B9REF8S8HIFBNKSYUIUTKL6GG.ubulk" 1334
"C:/Users/cjoyn/OneDrive/Documents/Unreal Projects/CIS488UnrealProject/TheMarbelousAscent/Content/TutorialTest/_Generated_/B9REF8S8HIFBNKSYUIUTKL6GG.umap" 1335
"C:/Users/cjoyn/OneDrive/Documents/Unreal Projects/CIS488UnrealProject/TheMarbelousAscent/Content/TutorialTest/_Generated_/BR2B9ZAOJMX0F2SO75L005LVZ.uexp" 1336
"C:/Users/cjoyn/OneDrive/Documents/Unreal Projects/CIS488UnrealProject/TheMarbelousAscent/Content/TutorialTest/_Generated_/BR2B9ZAOJMX0F2SO75L005LVZ.ubulk" 1337
"C:/Users/cjoyn/OneDrive/Documents/Unreal Projects/CIS488UnrealProject/TheMarbelousAscent/Content/TutorialTest/_Generated_/BR2B9ZAOJMX0F2SO75L005LVZ.umap" 1338
"C:/Users/cjoyn/OneDrive/Documents/Unreal Projects/CIS488UnrealProject/TheMarbelousAscent/Content/TutorialTest/_Generated_/89EH5ZTUUDVYEVMF3YPH466IT.uexp" 1339
"C:/Users/cjoyn/OneDrive/Documents/Unreal Projects/CIS488UnrealProject/TheMarbelousAscent/Content/TutorialTest/_Generated_/89EH5ZTUUDVYEVMF3YPH466IT.ubulk" 1340
"C:/Users/cjoyn/OneDrive/Documents/Unreal Projects/CIS488UnrealProject/TheMarbelousAscent/Content/TutorialTest/_Generated_/89EH5ZTUUDVYEVMF3YPH466IT.umap" 1341
"C:/Users/cjoyn/OneDrive/Documents/Unreal Projects/CIS488UnrealProject/TheMarbelousAscent/Content/TutorialTest/_Generated_/BVCR0MEUE33G1ZLU15KZOHXPL.uexp" 1342
"C:/Users/cjoyn/OneDrive/Documents/Unreal Projects/CIS488UnrealProject/TheMarbelousAscent/Content/TutorialTest/_Generated_/BVCR0MEUE33G1ZLU15KZOHXPL.umap" 1343
"C:/Users/cjoyn/OneDrive/Documents/Unreal Projects/CIS488UnrealProject/TheMarbelousAscent/Content/TutorialTest/_Generated_/AAI4JX6PUF5DMLY6N10RL1XIX.uexp" 1344
"C:/Users/cjoyn/OneDrive/Documents/Unreal Projects/CIS488UnrealProject/TheMarbelousAscent/Content/TutorialTest/_Generated_/AAI4JX6PUF5DMLY6N10RL1XIX.ubulk" 1345
"C:/Users/cjoyn/OneDrive/Documents/Unreal Projects/CIS488UnrealProject/TheMarbelousAscent/Content/TutorialTest/_Generated_/AAI4JX6PUF5DMLY6N10RL1XIX.umap" 1346
"C:/Users/cjoyn/OneDrive/Documents/Unreal Projects/CIS488UnrealProject/TheMarbelousAscent/Content/TutorialTest/_Generated_/EBB69NUCGYI3F48772H9OTSYZ.uexp" 1347
"C:/Users/cjoyn/OneDrive/Documents/Unreal Projects/CIS488UnrealProject/TheMarbelousAscent/Content/TutorialTest/_Generated_/EBB69NUCGYI3F48772H9OTSYZ.ubulk" 1348
"C:/Users/cjoyn/OneDrive/Documents/Unreal Projects/CIS488UnrealProject/TheMarbelousAscent/Content/TutorialTest/_Generated_/EBB69NUCGYI3F48772H9OTSYZ.umap" 1349
"C:/Users/cjoyn/OneDrive/Documents/Unreal Projects/CIS488UnrealProject/TheMarbelousAscent/Content/TutorialTest/_Generated_/1PMDHAO8T2PG9M5CC18TJKZ79.uexp" 1350
"C:/Users/cjoyn/OneDrive/Documents/Unreal Projects/CIS488UnrealProject/TheMarbelousAscent/Content/TutorialTest/_Generated_/1PMDHAO8T2PG9M5CC18TJKZ79.ubulk" 1351
"C:/Users/cjoyn/OneDrive/Documents/Unreal Projects/CIS488UnrealProject/TheMarbelousAscent/Content/TutorialTest/_Generated_/1PMDHAO8T2PG9M5CC18TJKZ79.umap" 1352
"C:/Users/cjoyn/OneDrive/Documents/Unreal Projects/CIS488UnrealProject/TheMarbelousAscent/Content/TutorialTest/_Generated_/0LPVQZTH37FUFFZYNB8AXTKVX.uexp" 1353
"C:/Users/cjoyn/OneDrive/Documents/Unreal Projects/CIS488UnrealProject/TheMarbelousAscent/Content/TutorialTest/_Generated_/0LPVQZTH37FUFFZYNB8AXTKVX.ubulk" 1354
"C:/Users/cjoyn/OneDrive/Documents/Unreal Projects/CIS488UnrealProject/TheMarbelousAscent/Content/TutorialTest/_Generated_/0LPVQZTH37FUFFZYNB8AXTKVX.umap" 1355
"C:/Users/cjoyn/OneDrive/Documents/Unreal Projects/CIS488UnrealProject/TheMarbelousAscent/Content/TutorialTest/_Generated_/1DX5NPM9C5I4IN0B90EHH5QIB.uexp" 1356
"C:/Users/cjoyn/OneDrive/Documents/Unreal Projects/CIS488UnrealProject/TheMarbelousAscent/Content/TutorialTest/_Generated_/1DX5NPM9C5I4IN0B90EHH5QIB.ubulk" 1357
"C:/Users/cjoyn/OneDrive/Documents/Unreal Projects/CIS488UnrealProject/TheMarbelousAscent/Content/TutorialTest/_Generated_/1DX5NPM9C5I4IN0B90EHH5QIB.umap" 1358
"C:/Users/cjoyn/OneDrive/Documents/Unreal Projects/CIS488UnrealProject/TheMarbelousAscent/Content/TutorialTest/_Generated_/DCJ29CBLRU9BJKJ58HFY6T13T.uexp" 1359
"C:/Users/cjoyn/OneDrive/Documents/Unreal Projects/CIS488UnrealProject/TheMarbelousAscent/Content/TutorialTest/_Generated_/DCJ29CBLRU9BJKJ58HFY6T13T.ubulk" 1360
"C:/Users/cjoyn/OneDrive/Documents/Unreal Projects/CIS488UnrealProject/TheMarbelousAscent/Content/TutorialTest/_Generated_/DCJ29CBLRU9BJKJ58HFY6T13T.umap" 1361
"C:/Users/cjoyn/OneDrive/Documents/Unreal Projects/CIS488UnrealProject/TheMarbelousAscent/Content/TutorialTest/_Generated_/71N19NHEDLT3G1T3EWO8EW77I.uexp" 1362
"C:/Users/cjoyn/OneDrive/Documents/Unreal Projects/CIS488UnrealProject/TheMarbelousAscent/Content/TutorialTest/_Generated_/71N19NHEDLT3G1T3EWO8EW77I.ubulk" 1363
"C:/Users/cjoyn/OneDrive/Documents/Unreal Projects/CIS488UnrealProject/TheMarbelousAscent/Content/TutorialTest/_Generated_/71N19NHEDLT3G1T3EWO8EW77I.umap" 1364
"C:/Users/cjoyn/OneDrive/Documents/Unreal Projects/CIS488UnrealProject/TheMarbelousAscent/Content/TutorialTest/_Generated_/C4X87IGVPUH7VSTN2T3JVXA8V.uexp" 1365
"C:/Users/cjoyn/OneDrive/Documents/Unreal Projects/CIS488UnrealProject/TheMarbelousAscent/Content/TutorialTest/_Generated_/C4X87IGVPUH7VSTN2T3JVXA8V.ubulk" 1366
"C:/Users/cjoyn/OneDrive/Documents/Unreal Projects/CIS488UnrealProject/TheMarbelousAscent/Content/TutorialTest/_Generated_/C4X87IGVPUH7VSTN2T3JVXA8V.umap" 1367
"C:/Users/cjoyn/OneDrive/Documents/Unreal Projects/CIS488UnrealProject/TheMarbelousAscent/Content/TutorialTest/_Generated_/DXWB13NP6EJP297HNBYD57OEY.uexp" 1368
"C:/Users/cjoyn/OneDrive/Documents/Unreal Projects/CIS488UnrealProject/TheMarbelousAscent/Content/TutorialTest/_Generated_/DXWB13NP6EJP297HNBYD57OEY.ubulk" 1369
"C:/Users/cjoyn/OneDrive/Documents/Unreal Projects/CIS488UnrealProject/TheMarbelousAscent/Content/TutorialTest/_Generated_/DXWB13NP6EJP297HNBYD57OEY.umap" 1370
"C:/Users/cjoyn/OneDrive/Documents/Unreal Projects/CIS488UnrealProject/TheMarbelousAscent/Content/TutorialTest/_Generated_/4RGCNWLDX7P8TUT50XC0X2CKY.uexp" 1371
"C:/Users/cjoyn/OneDrive/Documents/Unreal Projects/CIS488UnrealProject/TheMarbelousAscent/Content/TutorialTest/_Generated_/4RGCNWLDX7P8TUT50XC0X2CKY.ubulk" 1372
"C:/Users/cjoyn/OneDrive/Documents/Unreal Projects/CIS488UnrealProject/TheMarbelousAscent/Content/TutorialTest/_Generated_/4RGCNWLDX7P8TUT50XC0X2CKY.umap" 1373
"C:/Users/cjoyn/OneDrive/Documents/Unreal Projects/CIS488UnrealProject/TheMarbelousAscent/Content/TutorialTest/_Generated_/EVGL84KLUKMSTHCJ9K6E327OT.uexp" 1374
"C:/Users/cjoyn/OneDrive/Documents/Unreal Projects/CIS488UnrealProject/TheMarbelousAscent/Content/TutorialTest/_Generated_/EVGL84KLUKMSTHCJ9K6E327OT.ubulk" 1375
"C:/Users/cjoyn/OneDrive/Documents/Unreal Projects/CIS488UnrealProject/TheMarbelousAscent/Content/TutorialTest/_Generated_/EVGL84KLUKMSTHCJ9K6E327OT.umap" 1376
"C:/Users/cjoyn/OneDrive/Documents/Unreal Projects/CIS488UnrealProject/TheMarbelousAscent/Content/TutorialTest/_Generated_/1H1DBR3SK08IB85Q9NALCRJSV.uexp" 1377
"C:/Users/cjoyn/OneDrive/Documents/Unreal Projects/CIS488UnrealProject/TheMarbelousAscent/Content/TutorialTest/_Generated_/1H1DBR3SK08IB85Q9NALCRJSV.ubulk" 1378
"C:/Users/cjoyn/OneDrive/Documents/Unreal Projects/CIS488UnrealProject/TheMarbelousAscent/Content/TutorialTest/_Generated_/1H1DBR3SK08IB85Q9NALCRJSV.umap" 1379
"C:/Users/cjoyn/OneDrive/Documents/Unreal Projects/CIS488UnrealProject/TheMarbelousAscent/Content/TutorialTest/_Generated_/02VIW9Y92CXFPAI0MF2EI0I62.uexp" 1380
"C:/Users/cjoyn/OneDrive/Documents/Unreal Projects/CIS488UnrealProject/TheMarbelousAscent/Content/TutorialTest/_Generated_/02VIW9Y92CXFPAI0MF2EI0I62.ubulk" 1381
"C:/Users/cjoyn/OneDrive/Documents/Unreal Projects/CIS488UnrealProject/TheMarbelousAscent/Content/TutorialTest/_Generated_/02VIW9Y92CXFPAI0MF2EI0I62.umap" 1382
"C:/Users/cjoyn/OneDrive/Documents/Unreal Projects/CIS488UnrealProject/TheMarbelousAscent/Content/TutorialTest/_Generated_/52YSN33E0YLHEAUQULRC2784S.uexp" 1383
"C:/Users/cjoyn/OneDrive/Documents/Unreal Projects/CIS488UnrealProject/TheMarbelousAscent/Content/TutorialTest/_Generated_/52YSN33E0YLHEAUQULRC2784S.ubulk" 1384
"C:/Users/cjoyn/OneDrive/Documents/Unreal Projects/CIS488UnrealProject/TheMarbelousAscent/Content/TutorialTest/_Generated_/52YSN33E0YLHEAUQULRC2784S.umap" 1385
"C:/Users/cjoyn/OneDrive/Documents/Unreal Projects/CIS488UnrealProject/TheMarbelousAscent/Content/TutorialTest/_Generated_/BCH9B3SY7R9Y79KGBIH2SAA5B.uexp" 1386
"C:/Users/cjoyn/OneDrive/Documents/Unreal Projects/CIS488UnrealProject/TheMarbelousAscent/Content/TutorialTest/_Generated_/BCH9B3SY7R9Y79KGBIH2SAA5B.umap" 1387
"C:/Users/cjoyn/OneDrive/Documents/Unreal Projects/CIS488UnrealProject/TheMarbelousAscent/Content/TutorialTest/_Generated_/7YOQNQ13X3ZSGJGGLVO7UO739.uexp" 1388
"C:/Users/cjoyn/OneDrive/Documents/Unreal Projects/CIS488UnrealProject/TheMarbelousAscent/Content/TutorialTest/_Generated_/7YOQNQ13X3ZSGJGGLVO7UO739.ubulk" 1389
"C:/Users/cjoyn/OneDrive/Documents/Unreal Projects/CIS488UnrealProject/TheMarbelousAscent/Content/TutorialTest/_Generated_/7YOQNQ13X3ZSGJGGLVO7UO739.umap" 1390
"C:/Users/cjoyn/OneDrive/Documents/Unreal Projects/CIS488UnrealProject/TheMarbelousAscent/Content/TutorialTest/_Generated_/1XZ03Y8M1MI3AGOXARMC2358Y.uexp" 1391
"C:/Users/cjoyn/OneDrive/Documents/Unreal Projects/CIS488UnrealProject/TheMarbelousAscent/Content/TutorialTest/_Generated_/1XZ03Y8M1MI3AGOXARMC2358Y.ubulk" 1392
"C:/Users/cjoyn/OneDrive/Documents/Unreal Projects/CIS488UnrealProject/TheMarbelousAscent/Content/TutorialTest/_Generated_/1XZ03Y8M1MI3AGOXARMC2358Y.umap" 1393
"C:/Users/cjoyn/OneDrive/Documents/Unreal Projects/CIS488UnrealProject/TheMarbelousAscent/Content/TutorialTest/_Generated_/604OU38GWGXYNCS4L9Q46T743.uexp" 1394
"C:/Users/cjoyn/OneDrive/Documents/Unreal Projects/CIS488UnrealProject/TheMarbelousAscent/Content/TutorialTest/_Generated_/604OU38GWGXYNCS4L9Q46T743.ubulk" 1395
"C:/Users/cjoyn/OneDrive/Documents/Unreal Projects/CIS488UnrealProject/TheMarbelousAscent/Content/TutorialTest/_Generated_/604OU38GWGXYNCS4L9Q46T743.umap" 1396
"C:/Users/cjoyn/OneDrive/Documents/Unreal Projects/CIS488UnrealProject/TheMarbelousAscent/Content/TutorialTest/_Generated_/7GRAQ7W3LAXXBWAF19KEAACV0.uexp" 1397
"C:/Users/cjoyn/OneDrive/Documents/Unreal Projects/CIS488UnrealProject/TheMarbelousAscent/Content/TutorialTest/_Generated_/7GRAQ7W3LAXXBWAF19KEAACV0.ubulk" 1398
"C:/Users/cjoyn/OneDrive/Documents/Unreal Projects/CIS488UnrealProject/TheMarbelousAscent/Content/TutorialTest/_Generated_/7GRAQ7W3LAXXBWAF19KEAACV0.umap" 1399
"C:/Users/cjoyn/OneDrive/Documents/Unreal Projects/CIS488UnrealProject/TheMarbelousAscent/Content/TutorialTest/_Generated_/4IME2KRAY341V1A7EIRB9UES9.uexp" 1400
"C:/Users/cjoyn/OneDrive/Documents/Unreal Projects/CIS488UnrealProject/TheMarbelousAscent/Content/TutorialTest/_Generated_/4IME2KRAY341V1A7EIRB9UES9.ubulk" 1401
"C:/Users/cjoyn/OneDrive/Documents/Unreal Projects/CIS488UnrealProject/TheMarbelousAscent/Content/TutorialTest/_Generated_/4IME2KRAY341V1A7EIRB9UES9.umap" 1402
"C:/Users/cjoyn/OneDrive/Documents/Unreal Projects/CIS488UnrealProject/TheMarbelousAscent/Content/TutorialTest/_Generated_/5DOIGO9LWAFNNPMULFTSYAUBR.uexp" 1403
"C:/Users/cjoyn/OneDrive/Documents/Unreal Projects/CIS488UnrealProject/TheMarbelousAscent/Content/TutorialTest/_Generated_/5DOIGO9LWAFNNPMULFTSYAUBR.ubulk" 1404
"C:/Users/cjoyn/OneDrive/Documents/Unreal Projects/CIS488UnrealProject/TheMarbelousAscent/Content/TutorialTest/_Generated_/5DOIGO9LWAFNNPMULFTSYAUBR.umap" 1405
"C:/Users/cjoyn/OneDrive/Documents/Unreal Projects/CIS488UnrealProject/TheMarbelousAscent/Content/TutorialTest/_Generated_/2LZC7A3PZJ86WE17OCB4VUFB7.uexp" 1406
"C:/Users/cjoyn/OneDrive/Documents/Unreal Projects/CIS488UnrealProject/TheMarbelousAscent/Content/TutorialTest/_Generated_/2LZC7A3PZJ86WE17OCB4VUFB7.ubulk" 1407
"C:/Users/cjoyn/OneDrive/Documents/Unreal Projects/CIS488UnrealProject/TheMarbelousAscent/Content/TutorialTest/_Generated_/2LZC7A3PZJ86WE17OCB4VUFB7.umap" 1408
"C:/Users/cjoyn/OneDrive/Documents/Unreal Projects/CIS488UnrealProject/TheMarbelousAscent/Content/TutorialTest/_Generated_/5D0NNS03PFKGMSBBXU4GSCBIL.uexp" 1409
"C:/Users/cjoyn/OneDrive/Documents/Unreal Projects/CIS488UnrealProject/TheMarbelousAscent/Content/TutorialTest/_Generated_/5D0NNS03PFKGMSBBXU4GSCBIL.ubulk" 1410
"C:/Users/cjoyn/OneDrive/Documents/Unreal Projects/CIS488UnrealProject/TheMarbelousAscent/Content/TutorialTest/_Generated_/5D0NNS03PFKGMSBBXU4GSCBIL.umap" 1411
"C:/Users/cjoyn/OneDrive/Documents/Unreal Projects/CIS488UnrealProject/TheMarbelousAscent/Content/TutorialTest/_Generated_/1YTK8M93V4Y5IP5YHZST14TQ2.uexp" 1412
"C:/Users/cjoyn/OneDrive/Documents/Unreal Projects/CIS488UnrealProject/TheMarbelousAscent/Content/TutorialTest/_Generated_/1YTK8M93V4Y5IP5YHZST14TQ2.ubulk" 1413
"C:/Users/cjoyn/OneDrive/Documents/Unreal Projects/CIS488UnrealProject/TheMarbelousAscent/Content/TutorialTest/_Generated_/1YTK8M93V4Y5IP5YHZST14TQ2.umap" 1414
"C:/Users/cjoyn/OneDrive/Documents/Unreal Projects/CIS488UnrealProject/TheMarbelousAscent/Content/TutorialTest/_Generated_/75NG8V72B9MZOC5BVRPFD13U2.uexp" 1415
"C:/Users/cjoyn/OneDrive/Documents/Unreal Projects/CIS488UnrealProject/TheMarbelousAscent/Content/TutorialTest/_Generated_/75NG8V72B9MZOC5BVRPFD13U2.ubulk" 1416
"C:/Users/cjoyn/OneDrive/Documents/Unreal Projects/CIS488UnrealProject/TheMarbelousAscent/Content/TutorialTest/_Generated_/75NG8V72B9MZOC5BVRPFD13U2.umap" 1417
"C:/Users/cjoyn/OneDrive/Documents/Unreal Projects/CIS488UnrealProject/TheMarbelousAscent/Content/TutorialTest/_Generated_/78ETLIARLS7QV522WA1E8236B.uexp" 1418
"C:/Users/cjoyn/OneDrive/Documents/Unreal Projects/CIS488UnrealProject/TheMarbelousAscent/Content/TutorialTest/_Generated_/78ETLIARLS7QV522WA1E8236B.ubulk" 1419
"C:/Users/cjoyn/OneDrive/Documents/Unreal Projects/CIS488UnrealProject/TheMarbelousAscent/Content/TutorialTest/_Generated_/78ETLIARLS7QV522WA1E8236B.umap" 1420
"C:/Users/cjoyn/OneDrive/Documents/Unreal Projects/CIS488UnrealProject/TheMarbelousAscent/Content/TutorialTest/_Generated_/7YOYG9SQMCX20QP90PWZZLXJY.uexp" 1421
"C:/Users/cjoyn/OneDrive/Documents/Unreal Projects/CIS488UnrealProject/TheMarbelousAscent/Content/TutorialTest/_Generated_/7YOYG9SQMCX20QP90PWZZLXJY.ubulk" 1422
"C:/Users/cjoyn/OneDrive/Documents/Unreal Projects/CIS488UnrealProject/TheMarbelousAscent/Content/TutorialTest/_Generated_/7YOYG9SQMCX20QP90PWZZLXJY.umap" 1423
"C:/Users/cjoyn/OneDrive/Documents/Unreal Projects/CIS488UnrealProject/TheMarbelousAscent/Content/TutorialTest/_Generated_/0L0NRLHRXCCYJN54W1ZQOVUPK.uexp" 1424
"C:/Users/cjoyn/OneDrive/Documents/Unreal Projects/CIS488UnrealProject/TheMarbelousAscent/Content/TutorialTest/_Generated_/0L0NRLHRXCCYJN54W1ZQOVUPK.ubulk" 1425
"C:/Users/cjoyn/OneDrive/Documents/Unreal Projects/CIS488UnrealProject/TheMarbelousAscent/Content/TutorialTest/_Generated_/0L0NRLHRXCCYJN54W1ZQOVUPK.umap" 1426
"C:/Users/cjoyn/OneDrive/Documents/Unreal Projects/CIS488UnrealProject/TheMarbelousAscent/Content/TutorialTest/_Generated_/DJLD6KR1BTRUKRC4JWDH6M6WZ.uexp" 1427
"C:/Users/cjoyn/OneDrive/Documents/Unreal Projects/CIS488UnrealProject/TheMarbelousAscent/Content/TutorialTest/_Generated_/DJLD6KR1BTRUKRC4JWDH6M6WZ.ubulk" 1428
"C:/Users/cjoyn/OneDrive/Documents/Unreal Projects/CIS488UnrealProject/TheMarbelousAscent/Content/TutorialTest/_Generated_/DJLD6KR1BTRUKRC4JWDH6M6WZ.umap" 1429
"C:/Users/cjoyn/OneDrive/Documents/Unreal Projects/CIS488UnrealProject/TheMarbelousAscent/Content/TutorialTest/_Generated_/0C3OL7EOUQJMTOKHO5QTOFVZH.uexp" 1430
"C:/Users/cjoyn/OneDrive/Documents/Unreal Projects/CIS488UnrealProject/TheMarbelousAscent/Content/TutorialTest/_Generated_/0C3OL7EOUQJMTOKHO5QTOFVZH.ubulk" 1431
"C:/Users/cjoyn/OneDrive/Documents/Unreal Projects/CIS488UnrealProject/TheMarbelousAscent/Content/TutorialTest/_Generated_/0C3OL7EOUQJMTOKHO5QTOFVZH.umap" 1432
"C:/Users/cjoyn/OneDrive/Documents/Unreal Projects/CIS488UnrealProject/TheMarbelousAscent/Content/TutorialTest/_Generated_/15DHCMGD4BNQ2NFXYFDJQAU7G.uexp" 1433
"C:/Users/cjoyn/OneDrive/Documents/Unreal Projects/CIS488UnrealProject/TheMarbelousAscent/Content/TutorialTest/_Generated_/15DHCMGD4BNQ2NFXYFDJQAU7G.ubulk" 1434
"C:/Users/cjoyn/OneDrive/Documents/Unreal Projects/CIS488UnrealProject/TheMarbelousAscent/Content/TutorialTest/_Generated_/15DHCMGD4BNQ2NFXYFDJQAU7G.umap" 1435
"C:/Users/cjoyn/OneDrive/Documents/Unreal Projects/CIS488UnrealProject/TheMarbelousAscent/Content/TutorialTest/_Generated_/B95VBPJLCR3M8EQD111GFZY0N.uexp" 1436
"C:/Users/cjoyn/OneDrive/Documents/Unreal Projects/CIS488UnrealProject/TheMarbelousAscent/Content/TutorialTest/_Generated_/B95VBPJLCR3M8EQD111GFZY0N.ubulk" 1437
"C:/Users/cjoyn/OneDrive/Documents/Unreal Projects/CIS488UnrealProject/TheMarbelousAscent/Content/TutorialTest/_Generated_/B95VBPJLCR3M8EQD111GFZY0N.umap" 1438
"C:/Users/cjoyn/OneDrive/Documents/Unreal Projects/CIS488UnrealProject/TheMarbelousAscent/Content/TutorialTest/_Generated_/6S5HOL32MD4M6445G5TW30FIT.uexp" 1439
"C:/Users/cjoyn/OneDrive/Documents/Unreal Projects/CIS488UnrealProject/TheMarbelousAscent/Content/TutorialTest/_Generated_/6S5HOL32MD4M6445G5TW30FIT.ubulk" 1440
"C:/Users/cjoyn/OneDrive/Documents/Unreal Projects/CIS488UnrealProject/TheMarbelousAscent/Content/TutorialTest/_Generated_/6S5HOL32MD4M6445G5TW30FIT.umap" 1441
"C:/Users/cjoyn/OneDrive/Documents/Unreal Projects/CIS488UnrealProject/TheMarbelousAscent/Content/TutorialTest/_Generated_/CQU8I8Z6LKJRWUK6PF2XCC02U.uexp" 1442
"C:/Users/cjoyn/OneDrive/Documents/Unreal Projects/CIS488UnrealProject/TheMarbelousAscent/Content/TutorialTest/_Generated_/CQU8I8Z6LKJRWUK6PF2XCC02U.ubulk" 1443
"C:/Users/cjoyn/OneDrive/Documents/Unreal Projects/CIS488UnrealProject/TheMarbelousAscent/Content/TutorialTest/_Generated_/CQU8I8Z6LKJRWUK6PF2XCC02U.umap" 1444
"C:/Users/cjoyn/OneDrive/Documents/Unreal Projects/CIS488UnrealProject/TheMarbelousAscent/Content/TutorialTest/_Generated_/CHY410QFAJHHKLOTXVHDSG7IV.uexp" 1445
"C:/Users/cjoyn/OneDrive/Documents/Unreal Projects/CIS488UnrealProject/TheMarbelousAscent/Content/TutorialTest/_Generated_/CHY410QFAJHHKLOTXVHDSG7IV.ubulk" 1446
"C:/Users/cjoyn/OneDrive/Documents/Unreal Projects/CIS488UnrealProject/TheMarbelousAscent/Content/TutorialTest/_Generated_/CHY410QFAJHHKLOTXVHDSG7IV.umap" 1447
"C:/Users/cjoyn/OneDrive/Documents/Unreal Projects/CIS488UnrealProject/TheMarbelousAscent/Content/TutorialTest/_Generated_/0P59EMR6QOCQTCXNS46PXZXCX.uexp" 1448
"C:/Users/cjoyn/OneDrive/Documents/Unreal Projects/CIS488UnrealProject/TheMarbelousAscent/Content/TutorialTest/_Generated_/0P59EMR6QOCQTCXNS46PXZXCX.ubulk" 1449
"C:/Users/cjoyn/OneDrive/Documents/Unreal Projects/CIS488UnrealProject/TheMarbelousAscent/Content/TutorialTest/_Generated_/0P59EMR6QOCQTCXNS46PXZXCX.umap" 1450
"C:/Users/cjoyn/OneDrive/Documents/Unreal Projects/CIS488UnrealProject/TheMarbelousAscent/Content/TutorialTest/_Generated_/AZQLGBV9JVLYLRGFVEAP8HIEQ.uexp" 1451
"C:/Users/cjoyn/OneDrive/Documents/Unreal Projects/CIS488UnrealProject/TheMarbelousAscent/Content/TutorialTest/_Generated_/AZQLGBV9JVLYLRGFVEAP8HIEQ.ubulk" 1452
"C:/Users/cjoyn/OneDrive/Documents/Unreal Projects/CIS488UnrealProject/TheMarbelousAscent/Content/TutorialTest/_Generated_/AZQLGBV9JVLYLRGFVEAP8HIEQ.umap" 1453
"C:/Users/cjoyn/OneDrive/Documents/Unreal Projects/CIS488UnrealProject/TheMarbelousAscent/Content/TutorialTest/_Generated_/4VUE0M5HXNIT7VARKKKMO32QM.uexp" 1454
"C:/Users/cjoyn/OneDrive/Documents/Unreal Projects/CIS488UnrealProject/TheMarbelousAscent/Content/TutorialTest/_Generated_/4VUE0M5HXNIT7VARKKKMO32QM.umap" 1455
"C:/Users/cjoyn/OneDrive/Documents/Unreal Projects/CIS488UnrealProject/TheMarbelousAscent/Content/TutorialTest/_Generated_/B4D8VZ2M5N75NX5R71WCIF0GV.uexp" 1456
"C:/Users/cjoyn/OneDrive/Documents/Unreal Projects/CIS488UnrealProject/TheMarbelousAscent/Content/TutorialTest/_Generated_/B4D8VZ2M5N75NX5R71WCIF0GV.ubulk" 1457
"C:/Users/cjoyn/OneDrive/Documents/Unreal Projects/CIS488UnrealProject/TheMarbelousAscent/Content/TutorialTest/_Generated_/B4D8VZ2M5N75NX5R71WCIF0GV.umap" 1458
"C:/Users/cjoyn/OneDrive/Documents/Unreal Projects/CIS488UnrealProject/TheMarbelousAscent/Content/TutorialTest/_Generated_/AC6JB8LAX1CLHLCZ6RQ1XJ1KE.uexp" 1459
"C:/Users/cjoyn/OneDrive/Documents/Unreal Projects/CIS488UnrealProject/TheMarbelousAscent/Content/TutorialTest/_Generated_/AC6JB8LAX1CLHLCZ6RQ1XJ1KE.ubulk" 1460
"C:/Users/cjoyn/OneDrive/Documents/Unreal Projects/CIS488UnrealProject/TheMarbelousAscent/Content/TutorialTest/_Generated_/AC6JB8LAX1CLHLCZ6RQ1XJ1KE.umap" 1461
"C:/Users/cjoyn/OneDrive/Documents/Unreal Projects/CIS488UnrealProject/TheMarbelousAscent/Content/TutorialTest/_Generated_/9YB1OJ0RNIGWQNQHN85AJ0XXR.uexp" 1462
"C:/Users/cjoyn/OneDrive/Documents/Unreal Projects/CIS488UnrealProject/TheMarbelousAscent/Content/TutorialTest/_Generated_/9YB1OJ0RNIGWQNQHN85AJ0XXR.ubulk" 1463
"C:/Users/cjoyn/OneDrive/Documents/Unreal Projects/CIS488UnrealProject/TheMarbelousAscent/Content/TutorialTest/_Generated_/9YB1OJ0RNIGWQNQHN85AJ0XXR.umap" 1464
"C:/Users/cjoyn/OneDrive/Documents/Unreal Projects/CIS488UnrealProject/TheMarbelousAscent/Content/TutorialTest/_Generated_/1G4M31DSDT3CE03L1R8NFKTNN.uexp" 1465
"C:/Users/cjoyn/OneDrive/Documents/Unreal Projects/CIS488UnrealProject/TheMarbelousAscent/Content/TutorialTest/_Generated_/1G4M31DSDT3CE03L1R8NFKTNN.ubulk" 1466
"C:/Users/cjoyn/OneDrive/Documents/Unreal Projects/CIS488UnrealProject/TheMarbelousAscent/Content/TutorialTest/_Generated_/1G4M31DSDT3CE03L1R8NFKTNN.umap" 1467
"C:/Users/cjoyn/OneDrive/Documents/Unreal Projects/CIS488UnrealProject/TheMarbelousAscent/Content/TutorialTest/_Generated_/93XJDW4S3KEBB6CV44E44DDZN.uexp" 1468
"C:/Users/cjoyn/OneDrive/Documents/Unreal Projects/CIS488UnrealProject/TheMarbelousAscent/Content/TutorialTest/_Generated_/93XJDW4S3KEBB6CV44E44DDZN.ubulk" 1469
"C:/Users/cjoyn/OneDrive/Documents/Unreal Projects/CIS488UnrealProject/TheMarbelousAscent/Content/TutorialTest/_Generated_/93XJDW4S3KEBB6CV44E44DDZN.umap" 1470
"C:/Users/cjoyn/OneDrive/Documents/Unreal Projects/CIS488UnrealProject/TheMarbelousAscent/Content/TutorialTest/_Generated_/479PUDJ298Y2HCSFY5U1KZ8S7.uexp" 1471
"C:/Users/cjoyn/OneDrive/Documents/Unreal Projects/CIS488UnrealProject/TheMarbelousAscent/Content/TutorialTest/_Generated_/479PUDJ298Y2HCSFY5U1KZ8S7.ubulk" 1472
"C:/Users/cjoyn/OneDrive/Documents/Unreal Projects/CIS488UnrealProject/TheMarbelousAscent/Content/TutorialTest/_Generated_/479PUDJ298Y2HCSFY5U1KZ8S7.umap" 1473
"C:/Users/cjoyn/OneDrive/Documents/Unreal Projects/CIS488UnrealProject/TheMarbelousAscent/Content/TutorialTest/_Generated_/3KTIRQ6VYYZCNIA90TXZKAKQO.uexp" 1474
"C:/Users/cjoyn/OneDrive/Documents/Unreal Projects/CIS488UnrealProject/TheMarbelousAscent/Content/TutorialTest/_Generated_/3KTIRQ6VYYZCNIA90TXZKAKQO.ubulk" 1475
"C:/Users/cjoyn/OneDrive/Documents/Unreal Projects/CIS488UnrealProject/TheMarbelousAscent/Content/TutorialTest/_Generated_/3KTIRQ6VYYZCNIA90TXZKAKQO.umap" 1476
"C:/Users/cjoyn/OneDrive/Documents/Unreal Projects/CIS488UnrealProject/TheMarbelousAscent/Content/TutorialTest/_Generated_/0XY4DQA2PSWJ2FRKEKR16AC1B.uexp" 1477
"C:/Users/cjoyn/OneDrive/Documents/Unreal Projects/CIS488UnrealProject/TheMarbelousAscent/Content/TutorialTest/_Generated_/0XY4DQA2PSWJ2FRKEKR16AC1B.ubulk" 1478
"C:/Users/cjoyn/OneDrive/Documents/Unreal Projects/CIS488UnrealProject/TheMarbelousAscent/Content/TutorialTest/_Generated_/0XY4DQA2PSWJ2FRKEKR16AC1B.umap" 1479
"C:/Users/cjoyn/OneDrive/Documents/Unreal Projects/CIS488UnrealProject/TheMarbelousAscent/Content/TutorialTest/_Generated_/4CLOSRISEQND9DOQ9XKC0Z3AX.uexp" 1480
"C:/Users/cjoyn/OneDrive/Documents/Unreal Projects/CIS488UnrealProject/TheMarbelousAscent/Content/TutorialTest/_Generated_/4CLOSRISEQND9DOQ9XKC0Z3AX.ubulk" 1481
"C:/Users/cjoyn/OneDrive/Documents/Unreal Projects/CIS488UnrealProject/TheMarbelousAscent/Content/TutorialTest/_Generated_/4CLOSRISEQND9DOQ9XKC0Z3AX.umap" 1482
"C:/Users/cjoyn/OneDrive/Documents/Unreal Projects/CIS488UnrealProject/TheMarbelousAscent/Content/TutorialTest/_Generated_/4HVPJJ59MNTQNOLYLQ12TONRH.uexp" 1483
"C:/Users/cjoyn/OneDrive/Documents/Unreal Projects/CIS488UnrealProject/TheMarbelousAscent/Content/TutorialTest/_Generated_/4HVPJJ59MNTQNOLYLQ12TONRH.ubulk" 1484
"C:/Users/cjoyn/OneDrive/Documents/Unreal Projects/CIS488UnrealProject/TheMarbelousAscent/Content/TutorialTest/_Generated_/4HVPJJ59MNTQNOLYLQ12TONRH.umap" 1485
"C:/Users/cjoyn/OneDrive/Documents/Unreal Projects/CIS488UnrealProject/TheMarbelousAscent/Content/TutorialTest/_Generated_/73BZO18LPGIGDRJY9TFWBC7XV.uexp" 1486
"C:/Users/cjoyn/OneDrive/Documents/Unreal Projects/CIS488UnrealProject/TheMarbelousAscent/Content/TutorialTest/_Generated_/73BZO18LPGIGDRJY9TFWBC7XV.ubulk" 1487
"C:/Users/cjoyn/OneDrive/Documents/Unreal Projects/CIS488UnrealProject/TheMarbelousAscent/Content/TutorialTest/_Generated_/73BZO18LPGIGDRJY9TFWBC7XV.umap" 1488
"C:/Users/cjoyn/OneDrive/Documents/Unreal Projects/CIS488UnrealProject/TheMarbelousAscent/Content/TutorialTest/_Generated_/CEK62UELEA0IXLFFU0JWV9X22.uexp" 1489
"C:/Users/cjoyn/OneDrive/Documents/Unreal Projects/CIS488UnrealProject/TheMarbelousAscent/Content/TutorialTest/_Generated_/CEK62UELEA0IXLFFU0JWV9X22.ubulk" 1490
"C:/Users/cjoyn/OneDrive/Documents/Unreal Projects/CIS488UnrealProject/TheMarbelousAscent/Content/TutorialTest/_Generated_/CEK62UELEA0IXLFFU0JWV9X22.umap" 1491
"C:/Users/cjoyn/OneDrive/Documents/Unreal Projects/CIS488UnrealProject/TheMarbelousAscent/Content/TutorialTest/_Generated_/6F9QVV1UPWEAEJVQ3AUDWI5KA.uexp" 1492
"C:/Users/cjoyn/OneDrive/Documents/Unreal Projects/CIS488UnrealProject/TheMarbelousAscent/Content/TutorialTest/_Generated_/6F9QVV1UPWEAEJVQ3AUDWI5KA.ubulk" 1493
"C:/Users/cjoyn/OneDrive/Documents/Unreal Projects/CIS488UnrealProject/TheMarbelousAscent/Content/TutorialTest/_Generated_/6F9QVV1UPWEAEJVQ3AUDWI5KA.umap" 1494
"C:/Users/cjoyn/OneDrive/Documents/Unreal Projects/CIS488UnrealProject/TheMarbelousAscent/Content/TutorialTest/_Generated_/507F97LTHHKUT8JKCTHC384GD.uexp" 1495
"C:/Users/cjoyn/OneDrive/Documents/Unreal Projects/CIS488UnrealProject/TheMarbelousAscent/Content/TutorialTest/_Generated_/507F97LTHHKUT8JKCTHC384GD.ubulk" 1496
"C:/Users/cjoyn/OneDrive/Documents/Unreal Projects/CIS488UnrealProject/TheMarbelousAscent/Content/TutorialTest/_Generated_/507F97LTHHKUT8JKCTHC384GD.umap" 1497
"C:/Users/cjoyn/OneDrive/Documents/Unreal Projects/CIS488UnrealProject/TheMarbelousAscent/Content/TutorialTest/_Generated_/DLLGBSMJ1P76X4BZ4JVZLVX52.uexp" 1498
"C:/Users/cjoyn/OneDrive/Documents/Unreal Projects/CIS488UnrealProject/TheMarbelousAscent/Content/TutorialTest/_Generated_/DLLGBSMJ1P76X4BZ4JVZLVX52.ubulk" 1499
"C:/Users/cjoyn/OneDrive/Documents/Unreal Projects/CIS488UnrealProject/TheMarbelousAscent/Content/TutorialTest/_Generated_/DLLGBSMJ1P76X4BZ4JVZLVX52.umap" 1500
"C:/Users/cjoyn/OneDrive/Documents/Unreal Projects/CIS488UnrealProject/TheMarbelousAscent/Content/TutorialTest/_Generated_/6495WI7EI9HF5SNS36QAN2O0U.uexp" 1501
"C:/Users/cjoyn/OneDrive/Documents/Unreal Projects/CIS488UnrealProject/TheMarbelousAscent/Content/TutorialTest/_Generated_/6495WI7EI9HF5SNS36QAN2O0U.ubulk" 1502
"C:/Users/cjoyn/OneDrive/Documents/Unreal Projects/CIS488UnrealProject/TheMarbelousAscent/Content/TutorialTest/_Generated_/6495WI7EI9HF5SNS36QAN2O0U.umap" 1503
"C:/Users/cjoyn/OneDrive/Documents/Unreal Projects/CIS488UnrealProject/TheMarbelousAscent/Content/TutorialTest/_Generated_/0FJVFN3HKZIGP051U3D44TNPT.uexp" 1504
"C:/Users/cjoyn/OneDrive/Documents/Unreal Projects/CIS488UnrealProject/TheMarbelousAscent/Content/TutorialTest/_Generated_/0FJVFN3HKZIGP051U3D44TNPT.ubulk" 1505
"C:/Users/cjoyn/OneDrive/Documents/Unreal Projects/CIS488UnrealProject/TheMarbelousAscent/Content/TutorialTest/_Generated_/0FJVFN3HKZIGP051U3D44TNPT.umap" 1506
"C:/Users/cjoyn/OneDrive/Documents/Unreal Projects/CIS488UnrealProject/TheMarbelousAscent/Content/TutorialTest/_Generated_/342LHCCJKWI06S6YFBIV9YI9I.uexp" 1507
"C:/Users/cjoyn/OneDrive/Documents/Unreal Projects/CIS488UnrealProject/TheMarbelousAscent/Content/TutorialTest/_Generated_/342LHCCJKWI06S6YFBIV9YI9I.ubulk" 1508
"C:/Users/cjoyn/OneDrive/Documents/Unreal Projects/CIS488UnrealProject/TheMarbelousAscent/Content/TutorialTest/_Generated_/342LHCCJKWI06S6YFBIV9YI9I.umap" 1509
"C:/Users/cjoyn/OneDrive/Documents/Unreal Projects/CIS488UnrealProject/TheMarbelousAscent/Content/TutorialTest/_Generated_/BBMYG058ZPSFLSZR7ZZP68NH7.uexp" 1510
"C:/Users/cjoyn/OneDrive/Documents/Unreal Projects/CIS488UnrealProject/TheMarbelousAscent/Content/TutorialTest/_Generated_/BBMYG058ZPSFLSZR7ZZP68NH7.ubulk" 1511
"C:/Users/cjoyn/OneDrive/Documents/Unreal Projects/CIS488UnrealProject/TheMarbelousAscent/Content/TutorialTest/_Generated_/BBMYG058ZPSFLSZR7ZZP68NH7.umap" 1512
