"C:/Users/cjoyn/OneDrive/Documents/Unreal Projects/CIS488UnrealProject/TheMarbelousAscent/TheMarbelousAscent.uproject" 1
"../../../../../../Users/cjoyn/OneDrive/Documents/Unreal Projects/CIS488UnrealProject/TheMarbelousAscent/Binaries/Win64/UnrealEditor.modules" 2
"../../../Engine/Plugins/AudioGameplay/AudioGameplay.uplugin" 3
"../../../Engine/Plugins/AudioGameplayVolume/AudioGameplayVolume.uplugin" 4
"../../../Engine/Plugins/Bridge/Bridge.uplugin" 5
"../../../Engine/Plugins/AudioInsights/AudioInsights.uplugin" 6
"../../../Engine/Plugins/ChaosCloth/ChaosCloth.uplugin" 7
"../../../Engine/Plugins/ChaosClothAsset/ChaosClothAsset.uplugin" 8
"../../../Engine/Plugins/ChaosClothAssetEditor/ChaosClothAssetEditor.uplugin" 9
"../../../Engine/Plugins/BaseMaterial/BaseMaterial.uplugin" 10
"../../../Engine/Plugins/BlueprintFileUtils/BlueprintFileUtils.uplugin" 11
"../../../Engine/Plugins/ChaosVD/ChaosVD.uplugin" 12
"../../../Engine/Plugins/Chooser/Chooser.uplugin" 13
"../../../Engine/Plugins/ChaosInsights/ChaosInsights.uplugin" 14
"../../../Engine/Plugins/Fab/Fab.uplugin" 15
"../../../Engine/Plugins/EnhancedInput/EnhancedInput.uplugin" 16
"../../../Engine/Plugins/CmdLinkServer/CmdLinkServer.uplugin" 17
"../../../Engine/Plugins/DiscoveryBeaconReceiver/DiscoveryBeaconReceiver.uplugin" 18
"../../../Engine/Plugins/FastBuildController/FastBuildController.uplugin" 19
"../../../Engine/Plugins/JsonBlueprintUtilities/JsonBlueprintUtilities.uplugin" 20
"../../../Engine/Plugins/IoStoreInsights/IoStoreInsights.uplugin" 21
"../../../Engine/Plugins/LightWeightInstancesEditor/LightWeightInstancesEditor.uplugin" 22
"../../../Engine/Plugins/MassInsights/MassInsights.uplugin" 23
"../../../Engine/Plugins/MemoryUsageQueries/MemoryUsageQueries.uplugin" 24
"../../../Engine/Plugins/PCG/PCG.uplugin" 25
"../../../Engine/Plugins/MeshPainting/MeshPainting.uplugin" 26
"../../../Engine/Plugins/ScriptPlugin/ScriptPlugin.uplugin" 27
"../../../Engine/Plugins/TextureGraph/TextureGraph.uplugin" 28
"../../../Engine/Plugins/RenderGraphInsights/RenderGraphInsights.uplugin" 29
"../../../Engine/Plugins/Mutable/Mutable.uplugin" 30
"../../../Engine/Plugins/UbaController/UbaController.uplugin" 31
"../../../Engine/Plugins/TraceUtilities/TraceUtilities.uplugin" 32
"../../../Engine/Plugins/XGEController/XGEController.uplugin" 33
"../../../Engine/Plugins/WorldMetrics/WorldMetrics.uplugin" 34
"../../../Engine/Plugins/Compositing/CompositeCore/CompositeCore.uplugin" 35
"../../../Engine/Plugins/Compositing/Composite/Composite.uplugin" 36
"../../../Engine/Plugins/Compositing/HoldoutComposite/HoldoutComposite.uplugin" 37
"../../../Engine/Plugins/Compositing/OpenColorIO/OpenColorIO.uplugin" 38
"../../../Engine/Plugins/Compositing/LensDistortion/LensDistortion.uplugin" 39
"../../../Engine/Plugins/Compositing/Composure/Composure.uplugin" 40
"../../../Engine/Plugins/Compositing/OpenCVLensDistortion/OpenCVLensDistortion.uplugin" 41
"../../../Engine/Plugins/Experimental/AIAssistant/AIAssistant.uplugin" 42
"../../../Engine/Plugins/Experimental/AdvancedRenamer/AdvancedRenamer.uplugin" 43
"../../../Engine/Plugins/Experimental/AbilitySystemGameFeatureActions/AbilitySystemGameFeatureActions.uplugin" 44
"../../../Engine/Plugins/Experimental/AsyncMessageSystem/AsyncMessageSystem.uplugin" 45
"../../../Engine/Plugins/Experimental/ActorPalette/ActorPalette.uplugin" 46
"../../../Engine/Plugins/Experimental/AsyncMessageSystemTests/AsyncMessageSystemTests.uplugin" 47
"../../../Engine/Plugins/Experimental/AutomationUtils/AutomationUtils.uplugin" 48
"../../../Engine/Plugins/Experimental/BackChannel/BackChannel.uplugin" 49
"../../../Engine/Plugins/Experimental/AvalancheSequenceNavigator/AvalancheSequenceNavigator.uplugin" 50
"../../../Engine/Plugins/Experimental/BlueprintSnapNodes/BlueprintSnapNodes.uplugin" 51
"../../../Engine/Plugins/Experimental/Buoyancy/Buoyancy.uplugin" 52
"../../../Engine/Plugins/Experimental/AvalancheDisplayCluster/AvalancheDisplayCluster.uplugin" 53
"../../../Engine/Plugins/Experimental/ChaosCaching/ChaosCaching.uplugin" 54
"../../../Engine/Plugins/Experimental/BlueprintStats/BlueprintStats.uplugin" 55
"../../../Engine/Plugins/Experimental/ChaosModularVehicle/ChaosModularVehicle.uplugin" 56
"../../../Engine/Plugins/Experimental/ChaosFlesh/ChaosFlesh.uplugin" 57
"../../../Engine/Plugins/Experimental/AnimToTexture/AnimToTexture.uplugin" 58
"../../../Engine/Plugins/Experimental/ChaosOutfitAsset/ChaosOutfitAsset.uplugin" 59
"../../../Engine/Plugins/Experimental/ChaosRigidAsset/ChaosRigidAsset.uplugin" 60
"../../../Engine/Plugins/Experimental/ChaosMover/ChaosMover.uplugin" 61
"../../../Engine/Plugins/Experimental/ChaosUserDataPT/ChaosUserDataPT.uplugin" 62
"../../../Engine/Plugins/Experimental/ChaosCachingUSD/ChaosCachingUSD.uplugin" 63
"../../../Engine/Plugins/Experimental/ChaosClothEditor/ChaosClothEditor.uplugin" 64
"../../../Engine/Plugins/Experimental/ChaosEditor/ChaosEditor.uplugin" 65
"../../../Engine/Plugins/Experimental/ChaosSolverPlugin/ChaosSolverPlugin.uplugin" 66
"../../../Engine/Plugins/Experimental/ChaosVehiclesPlugin/ChaosVehiclesPlugin.uplugin" 67
"../../../Engine/Plugins/Experimental/CinematicPrestreaming/CinematicPrestreaming.uplugin" 68
"../../../Engine/Plugins/Experimental/ChaosModularVehicleExamples/ChaosModularVehicleExamples.uplugin" 69
"../../../Engine/Plugins/Experimental/ChaosNiagara/ChaosNiagara.uplugin" 70
"../../../Engine/Plugins/Experimental/CodeView/CodeView.uplugin" 71
"../../../Engine/Plugins/Experimental/CineCameraRigs/CineCameraRigs.uplugin" 72
"../../../Engine/Plugins/Experimental/ColorCorrectRegions/ColorCorrectRegions.uplugin" 73
"../../../Engine/Plugins/Experimental/CommonConversation/CommonConversation.uplugin" 74
"../../../Engine/Plugins/Experimental/CineCameraSceneCapture/CineCameraSceneCapture.uplugin" 75
"../../../Engine/Plugins/Experimental/ControlRigPhysics/ControlRigPhysics.uplugin" 76
"../../../Engine/Plugins/Experimental/Dataflow/Dataflow.uplugin" 77
"../../../Engine/Plugins/Experimental/DefaultInstallBundleManager/DefaultInstallBundleManager.uplugin" 78
"../../../Engine/Plugins/Experimental/EditorDataStorage/EditorDataStorage.uplugin" 79
"../../../Engine/Plugins/Experimental/ControlFlows/ControlFlows.uplugin" 80
"../../../Engine/Plugins/Experimental/EditorPerformance/EditorPerformance.uplugin" 81
"../../../Engine/Plugins/Experimental/EditorTelemetry/EditorTelemetry.uplugin" 82
"../../../Engine/Plugins/Experimental/EvaluationNotifies/EvaluationNotifies.uplugin" 83
"../../../Engine/Plugins/Experimental/DynamicWind/DynamicWind.uplugin" 84
"../../../Engine/Plugins/Experimental/EditorDataStorageFeatures/EditorDataStorageFeatures.uplugin" 85
"../../../Engine/Plugins/Experimental/FieldSystemPlugin/FieldSystemPlugin.uplugin" 86
"../../../Engine/Plugins/Experimental/FloatingProperties/FloatingProperties.uplugin" 87
"../../../Engine/Plugins/Experimental/Fracture/Fracture.uplugin" 88
"../../../Engine/Plugins/Experimental/CinematicSequenceNavigator/CinematicSequenceNavigator.uplugin" 89
"../../../Engine/Plugins/Experimental/FullBodyIK/FullBodyIK.uplugin" 90
"../../../Engine/Plugins/Experimental/DrawDebugLibrary/DrawDebugLibrary.uplugin" 91
"../../../Engine/Plugins/Experimental/FastGeoStreaming/FastGeoStreaming.uplugin" 92
"../../../Engine/Plugins/Experimental/GameplayTargetingSystem/TargetingSystem.uplugin" 93
"../../../Engine/Plugins/Experimental/CodeEditor/CodeEditor.uplugin" 94
"../../../Engine/Plugins/Experimental/DynamicMaterialMediaStreamBridge/DynamicMaterialMediaStreamBridge.uplugin" 95
"../../../Engine/Plugins/Experimental/GeometryCacheLevelSequenceBaker/GeometryCacheLevelSequenceBaker.uplugin" 96
"../../../Engine/Plugins/Experimental/GeometryDataflow/GeometryDataflow.uplugin" 97
"../../../Engine/Plugins/Experimental/CelestialVault/CelestialVault.uplugin" 98
"../../../Engine/Plugins/Experimental/GameInputWindows/GameInputWindows.uplugin" 99
"../../../Engine/Plugins/Experimental/GlobalConfigurationData/GlobalConfigurationData.uplugin" 100
"../../../Engine/Plugins/Experimental/DaySequence/DaySequence.uplugin" 101
"../../../Engine/Plugins/Experimental/GameplayGraph/GameplayGraph.uplugin" 102
"../../../Engine/Plugins/Experimental/GPULightmass/GPULightmass.uplugin" 103
"../../../Engine/Plugins/Experimental/GeometryCollectionPlugin/GeometryCollectionPlugin.uplugin" 104
"../../../Engine/Plugins/Experimental/HairModelingToolset/HairModelingToolset.uplugin" 105
"../../../Engine/Plugins/Experimental/GizmoEdMode/GizmoEdMode.uplugin" 106
"../../../Engine/Plugins/Experimental/GeometryCacheAbcFile/GeometryCacheAbcFile.uplugin" 107
"../../../Engine/Plugins/Experimental/ImageWidgets/ImageWidgets.uplugin" 108
"../../../Engine/Plugins/Experimental/HairCardGenerator/HairCardGenerator.uplugin" 109
"../../../Engine/Plugins/Experimental/GeometryFlow/GeometryFlow.uplugin" 110
"../../../Engine/Plugins/Experimental/InlineMaterialInstance/InlineMaterialInstance.uplugin" 111
"../../../Engine/Plugins/Experimental/Gauntlet/Gauntlet.uplugin" 112
"../../../Engine/Plugins/Experimental/GizmoFramework/GizmoFramework.uplugin" 113
"../../../Engine/Plugins/Experimental/InteractionInterface/InteractionInterface.uplugin" 114
"../../../Engine/Plugins/Experimental/Landmass/Landmass.uplugin" 115
"../../../Engine/Plugins/Experimental/HairStrandsMutable/HairStrandsMutable.uplugin" 116
"../../../Engine/Plugins/Experimental/Iris/Iris.uplugin" 117
"../../../Engine/Plugins/Experimental/JWT/JWT.uplugin" 118
"../../../Engine/Plugins/Experimental/LiveLinkControlRig/LiveLinkControlRig.uplugin" 119
"../../../Engine/Plugins/Experimental/LowLevelNetTrace/LowLevelNetTrace.uplugin" 120
"../../../Engine/Plugins/Experimental/InEditorDocumentation/InEditorDocumentation.uplugin" 121
"../../../Engine/Plugins/Experimental/GameplayBehaviors/GameplayBehaviors.uplugin" 122
"../../../Engine/Plugins/Experimental/InstanceDataObjectFixupTool/InstanceDataObjectFixupTool.uplugin" 123
"../../../Engine/Plugins/Experimental/LiveLinkOpenVR/LiveLinkOpenVR.uplugin" 124
"../../../Engine/Plugins/Experimental/LiveLinkFaceImporter/LiveLinkFaceImporter.uplugin" 125
"../../../Engine/Plugins/Experimental/MeshModelingToolsetExp/MeshModelingToolsetExp.uplugin" 126
"../../../Engine/Plugins/Experimental/MetasoundExperimental/MetasoundExperimental.uplugin" 127
"../../../Engine/Plugins/Experimental/MLflow/MLflow.uplugin" 128
"../../../Engine/Plugins/Experimental/MoverAnimNext/MoverAnimNext.uplugin" 129
"../../../Engine/Plugins/Experimental/MeshResizing/MeshResizing.uplugin" 130
"../../../Engine/Plugins/Experimental/MediaStream/MediaStream.uplugin" 131
"../../../Engine/Plugins/Experimental/ImagePlate/ImagePlate.uplugin" 132
"../../../Engine/Plugins/Experimental/MotoSynth/MotoSynth.uplugin" 133
"../../../Engine/Plugins/Experimental/MotorSimOutputMotoSynth/MotorSimOutputMotoSynth.uplugin" 134
"../../../Engine/Plugins/Experimental/CharacterAI/CharacterAI.uplugin" 135
"../../../Engine/Plugins/Experimental/MutableDataflow/MutableDataflow.uplugin" 136
"../../../Engine/Plugins/Experimental/MoverExamples/MoverExamples.uplugin" 137
"../../../Engine/Plugins/Experimental/LocalizableMessage/LocalizableMessage.uplugin" 138
"../../../Engine/Plugins/Experimental/MoverTests/MoverTests.uplugin" 139
"../../../Engine/Plugins/Experimental/MutableClothing/MutableClothing.uplugin" 140
"../../../Engine/Plugins/Experimental/NeuralRendering/NeuralRendering.uplugin" 141
"../../../Engine/Plugins/Experimental/NaniteAssemblyEditorUtils/NaniteAssemblyEditorUtils.uplugin" 142
"../../../Engine/Plugins/Experimental/MovieSceneAnimMixer/MovieSceneAnimMixer.uplugin" 143
"../../../Engine/Plugins/Experimental/NNERuntimeIREE/NNERuntimeIREE.uplugin" 144
"../../../Engine/Plugins/Experimental/ImpostorBaker/ImpostorBaker.uplugin" 145
"../../../Engine/Plugins/Experimental/NNERuntimeBasicCpu/NNERuntimeBasicCpu.uplugin" 146
"../../../Engine/Plugins/Experimental/NFORDenoise/NFORDenoise.uplugin" 147
"../../../Engine/Plugins/Experimental/NNERuntimeCoreML/NNERuntimeCoreML.uplugin" 148
"../../../Engine/Plugins/Experimental/Mover/Mover.uplugin" 149
"../../../Engine/Plugins/Experimental/MovieScenePoseSearchTracks/MovieScenePoseSearchTracks.uplugin" 150
"../../../Engine/Plugins/Experimental/OptiXDenoise/OptiXDenoise.uplugin" 151
"../../../Engine/Plugins/Experimental/LevelSequenceNavigatorBridge/LevelSequenceNavigatorBridge.uplugin" 152
"../../../Engine/Plugins/Experimental/PhysicsControl/PhysicsControl.uplugin" 153
"../../../Engine/Plugins/Experimental/NNERuntimeRDG/NNERuntimeRDG.uplugin" 154
"../../../Engine/Plugins/Experimental/PlainProps/PlainProps.uplugin" 155
"../../../Engine/Plugins/Experimental/PlainPropsEngine/PlainPropsEngine.uplugin" 156
"../../../Engine/Plugins/Experimental/NaniteDisplacedMesh/NaniteDisplacedMesh.uplugin" 157
"../../../Engine/Plugins/Experimental/PlanarCutPlugin/PlanarCut.uplugin" 158
"../../../Engine/Plugins/Experimental/PluginAudit/PluginAudit.uplugin" 159
"../../../Engine/Plugins/Experimental/PlatformCrypto/PlatformCrypto.uplugin" 160
"../../../Engine/Plugins/Experimental/OpenImageDenoise/OpenImageDenoise.uplugin" 161
"../../../Engine/Plugins/Experimental/PostProcessMaterialChainGraph/PostProcessMaterialChainGraph.uplugin" 162
"../../../Engine/Plugins/Experimental/MutablePopulation/MutablePopulation.uplugin" 163
"../../../Engine/Plugins/Experimental/PCGBiomeSample/PCGBiomeSample.uplugin" 164
"../../../Engine/Plugins/Experimental/ProceduralVegetationEditor/ProceduralVegetationEditor.uplugin" 165
"../../../Engine/Plugins/Experimental/PluginReferenceViewer/PluginReferenceViewer.uplugin" 166
"../../../Engine/Plugins/Experimental/LearningAgents/LearningAgents.uplugin" 167
"../../../Engine/Plugins/Experimental/PSDImporter/PSDImporter.uplugin" 168
"../../../Engine/Plugins/Experimental/PythonFoundationPackages/PythonFoundationPackages.uplugin" 169
"../../../Engine/Plugins/Experimental/PythonMLPackages/PythonMLPackages.uplugin" 170
"../../../Engine/Plugins/Experimental/PanoramicCapture/PanoramicCapture.uplugin" 171
"../../../Engine/Plugins/Experimental/PythonScriptPlugin/PythonScriptPlugin.uplugin" 172
"../../../Engine/Plugins/Experimental/RemoteControlActorModifierBridge/RemoteControlActorModifierBridge.uplugin" 173
"../../../Engine/Plugins/Experimental/RawInput/RawInput.uplugin" 174
"../../../Engine/Plugins/Experimental/PixelStreamingPlayer/PixelStreamingPlayer.uplugin" 175
"../../../Engine/Plugins/Experimental/QuicMessaging/QuicMessaging.uplugin" 176
"../../../Engine/Plugins/Experimental/RazerChromaDevices/RazerChromaDevices.uplugin" 177
"../../../Engine/Plugins/Experimental/PSDImporterMaterialDesignerBridge/PSDImporterMaterialDesignerBridge.uplugin" 178
"../../../Engine/Plugins/Experimental/RenderGrid/RenderGrid.uplugin" 179
"../../../Engine/Plugins/Experimental/PCGBiomeCore/PCGBiomeCore.uplugin" 180
"../../../Engine/Plugins/Experimental/RuntimeTelemetry/RuntimeTelemetry.uplugin" 181
"../../../Engine/Plugins/Experimental/SequenceNavigator/SequenceNavigator.uplugin" 182
"../../../Engine/Plugins/Experimental/RigLogicMutable/RigLogicMutable.uplugin" 183
"../../../Engine/Plugins/Experimental/RemoteControlComponents/RemoteControlComponents.uplugin" 184
"../../../Engine/Plugins/Experimental/ScreenReader/ScreenReader.uplugin" 185
"../../../Engine/Plugins/Experimental/SlateModelViewViewModel/SlateModelViewViewModel.uplugin" 186
"../../../Engine/Plugins/Experimental/Shotgrid/Shotgrid.uplugin" 187
"../../../Engine/Plugins/Experimental/SerializationUtils/SerializationUtils.uplugin" 188
"../../../Engine/Plugins/Experimental/RemoteSession/RemoteSession.uplugin" 189
"../../../Engine/Plugins/Experimental/PluginTemplateTool/PluginTemplateTool.uplugin" 190
"../../../Engine/Plugins/Experimental/SkeletalReduction/SkeletalReduction.uplugin" 191
"../../../Engine/Plugins/Experimental/SecuritySandbox/SecuritySandbox.uplugin" 192
"../../../Engine/Plugins/Experimental/SlateIM/SlateIM.uplugin" 193
"../../../Engine/Plugins/Experimental/SimpleHMD/SimpleHMD.uplugin" 194
"../../../Engine/Plugins/Experimental/SlateScreenReader/SlateScreenReader.uplugin" 195
"../../../Engine/Plugins/Experimental/SubmitToolEditor/SubmitToolEditor.uplugin" 196
"../../../Engine/Plugins/Experimental/TargetDeviceServicesScripting/TargetDeviceServicesScripting.uplugin" 197
"../../../Engine/Plugins/Experimental/SubtitlesAndClosedCaptions/SubtitlesAndClosedCaptions.uplugin" 198
"../../../Engine/Plugins/Experimental/MoverIntegrations/MoverIntegrations.uplugin" 199
"../../../Engine/Plugins/Experimental/TextToSpeech/TextToSpeech.uplugin" 200
"../../../Engine/Plugins/Experimental/SurfaceEffects/SurfaceEffects.uplugin" 201
"../../../Engine/Plugins/Experimental/TechAudioTools/TechAudioTools.uplugin" 202
"../../../Engine/Plugins/Experimental/Tensorboard/Tensorboard.uplugin" 203
"../../../Engine/Plugins/Experimental/StructUtils/StructUtils.uplugin" 204
"../../../Engine/Plugins/Experimental/TetMeshing/TetMeshing.uplugin" 205
"../../../Engine/Plugins/Experimental/RigLogicUAF/RigLogicUAF.uplugin" 206
"../../../Engine/Plugins/Experimental/UserToolBoxCore/UserToolBoxCore.uplugin" 207
"../../../Engine/Plugins/Experimental/ToolPresets/ToolPresets.uplugin" 208
"../../../Engine/Plugins/Experimental/VirtualHeightfieldMesh/VirtualHeightfieldMesh.uplugin" 209
"../../../Engine/Plugins/Experimental/Water/Water.uplugin" 210
"../../../Engine/Plugins/Experimental/Volumetrics/Volumetrics.uplugin" 211
"../../../Engine/Plugins/Experimental/UserToolBoxBasicCommand/UserToolBoxBasicCommand.uplugin" 212
"../../../Engine/Plugins/Experimental/UIFramework/UIFramework.uplugin" 213
"../../../Engine/Plugins/Experimental/WebSocketMessaging/WebSocketMessaging.uplugin" 214
"../../../Engine/Plugins/Experimental/XRCreativeFramework/XRCreativeFramework.uplugin" 215
"../../../Engine/Plugins/Experimental/WaveFunctionCollapse/WaveFunctionCollapse.uplugin" 216
"../../../Engine/Plugins/Media/AjaMedia/AjaMedia.uplugin" 217
"../../../Engine/Plugins/Experimental/WidgetEditorToolPalette/WidgetEditorToolPalette.uplugin" 218
"../../../Engine/Plugins/Media/AndroidMedia/AndroidMedia.uplugin" 219
"../../../Engine/Plugins/Experimental/WaterExtras/WaterExtras.uplugin" 220
"../../../Engine/Plugins/Experimental/SpatialReadiness/SpatialReadiness.uplugin" 221
"../../../Engine/Plugins/Experimental/Workspace/Workspace.uplugin" 222
"../../../Engine/Plugins/Experimental/StateGraph/StateGraph.uplugin" 223
"../../../Engine/Plugins/Media/AppleProResDecoderElectra/AppleProResDecoderElectra.uplugin" 224
"../../../Engine/Plugins/Media/BlackmagicMedia/BlackmagicMedia.uplugin" 225
"../../../Engine/Plugins/Media/AudioCaptureTimecodeProvider/AudioCaptureTimecodeProvider.uplugin" 226
"../../../Engine/Plugins/Media/AppleProResMedia/AppleProResMedia.uplugin" 227
"../../../Engine/Plugins/Media/D3D12VideoDecodersElectra/D3D12VideoDecodersElectra.uplugin" 228
"../../../Engine/Plugins/Media/AvidDNxMedia/AvidDNxMedia.uplugin" 229
"../../../Engine/Plugins/Media/ElectraCDM/ElectraCDM.uplugin" 230
"../../../Engine/Plugins/Media/AvfMedia/AvfMedia.uplugin" 231
"../../../Engine/Plugins/Media/ElectraCodecs/ElectraCodecs.uplugin" 232
"../../../Engine/Plugins/Media/BinkMedia/BinkMedia.uplugin" 233
"../../../Engine/Plugins/Media/ElectraSubtitles/ElectraSubtitles.uplugin" 234
"../../../Engine/Plugins/Media/AndroidCamera/AndroidCamera.uplugin" 235
"../../../Engine/Plugins/Media/FlacDecoderElectra/FlacDecoderElectra.uplugin" 236
"../../../Engine/Plugins/Media/HAPDecoderElectra/HAPDecoderElectra.uplugin" 237
"../../../Engine/Plugins/Media/ElectraPlayer/ElectraPlayer.uplugin" 238
"../../../Engine/Plugins/Media/ImgMedia/ImgMedia.uplugin" 239
"../../../Engine/Plugins/Media/LinearTimecode/LinearTimecode.uplugin" 240
"../../../Engine/Plugins/Media/ElectraUtil/ElectraUtil.uplugin" 241
"../../../Engine/Plugins/Media/MediaCompositing/MediaCompositing.uplugin" 242
"../../../Engine/Plugins/Media/MediaFrameworkUtilities/MediaFrameworkUtilities.uplugin" 243
"../../../Engine/Plugins/Media/MediaPlayerEditor/MediaPlayerEditor.uplugin" 244
"../../../Engine/Plugins/Media/HardwareEncoders/HardwareEncoders.uplugin" 245
"../../../Engine/Plugins/Media/MJPEGDecoderElectra/MJPEGDecoderElectra.uplugin" 246
"../../../Engine/Plugins/Media/MediaMovieStreamer/MediaMovieStreamer.uplugin" 247
"../../../Engine/Plugins/Media/MfMedia/MfMedia.uplugin" 248
"../../../Engine/Plugins/Experimental/WebSocketNetworking/WebSocketNetworking.uplugin" 249
"../../../Engine/Plugins/Media/PixelStreaming2/PixelStreaming2.uplugin" 250
"../../../Engine/Plugins/Media/TimecodeSynchronizer/TimecodeSynchronizer.uplugin" 251
"../../../Engine/Plugins/Media/PixelStreaming/PixelStreaming.uplugin" 252
"../../../Engine/Plugins/Media/MediaPlate/MediaPlate.uplugin" 253
"../../../Engine/Plugins/Media/MediaViewer/MediaViewer.uplugin" 254
"../../../Engine/Plugins/Media/PixelCapture/PixelCapture.uplugin" 255
"../../../Engine/Plugins/Media/MediaIOFramework/MediaIOFramework.uplugin" 256
"../../../Engine/Plugins/Messaging/MessagingDebugger/MessagingDebugger.uplugin" 257
"../../../Engine/Plugins/Media/VPxDecoderElectra/VPxDecoderElectra.uplugin" 258
"../../../Engine/Plugins/Experimental/WaterAdvanced/WaterAdvanced.uplugin" 259
"../../../Engine/Plugins/Media/WmfMedia/WmfMedia.uplugin" 260
"../../../Engine/Plugins/Media/OpusDecoderElectra/OpusDecoderElectra.uplugin" 261
"../../../Engine/Plugins/Media/HAPMedia/HAPMedia.uplugin" 262
"../../../Engine/Plugins/Media/NDIMedia/NDIMedia.uplugin" 263
"../../../Engine/Plugins/Performance/AutomatedPerfTesting/AutomatedPerfTesting.uplugin" 264
"../../../Engine/Plugins/Messaging/UdpMessaging/UdpMessaging.uplugin" 265
"../../../Engine/Plugins/Media/AvidDNxHDDecoderElectra/AvidDNxHDDecoderElectra.uplugin" 266
"../../../Engine/Plugins/Runtime/ADM/ADM.uplugin" 267
"../../../Engine/Plugins/Runtime/AndroidBackgroundService/AndroidBackgroundService.uplugin" 268
"../../../Engine/Plugins/Runtime/AndroidDeviceProfileSelector/AndroidDeviceProfileSelector.uplugin" 269
"../../../Engine/Plugins/Runtime/AndroidPermission/AndroidPermission.uplugin" 270
"../../../Engine/Plugins/NNE/NNEDenoiser/NNEDenoiser.uplugin" 271
"../../../Engine/Plugins/Runtime/AndroidFileServer/AndroidFileServer.uplugin" 272
"../../../Engine/Plugins/Runtime/AndroidMoviePlayer/AndroidMoviePlayer.uplugin" 273
"../../../Engine/Plugins/Messaging/TcpMessaging/TcpMessaging.uplugin" 274
"../../../Engine/Plugins/NNE/NNERuntimeORT/NNERuntimeORT.uplugin" 275
"../../../Engine/Plugins/Runtime/AnimationBudgetAllocator/AnimationBudgetAllocator.uplugin" 276
"../../../Engine/Plugins/Performance/PerformanceMonitor/PerformanceMonitor.uplugin" 277
"../../../Engine/Plugins/Runtime/ApexDestruction/ApexDestruction.uplugin" 278
"../../../Engine/Plugins/Runtime/AppleMoviePlayer/AppleMoviePlayer.uplugin" 279
"../../../Engine/Plugins/Experimental/PlainPropsUObject/PlainPropsUObject.uplugin" 280
"../../../Engine/Plugins/Runtime/AudioCapture/AudioCapture.uplugin" 281
"../../../Engine/Plugins/Runtime/AssetTags/AssetTags.uplugin" 282
"../../../Engine/Plugins/Runtime/ArchVisCharacter/ArchVisCharacter.uplugin" 283
"../../../Engine/Plugins/Runtime/AudioMotorSim/AudioMotorSim.uplugin" 284
"../../../Engine/Plugins/Runtime/AudioWidgets/AudioWidgets.uplugin" 285
"../../../Engine/Plugins/Runtime/CableComponent/CableComponent.uplugin" 286
"../../../Engine/Plugins/Runtime/AudioModulation/AudioModulation.uplugin" 287
"../../../Engine/Plugins/Runtime/AudioSynesthesia/AudioSynesthesia.uplugin" 288
"../../../Engine/Plugins/Runtime/CustomMeshComponent/CustomMeshComponent.uplugin" 289
"../../../Engine/Plugins/Runtime/CommonUI/CommonUI.uplugin" 290
"../../../Engine/Plugins/Media/WebMMedia/WebMMedia.uplugin" 291
"../../../Engine/Plugins/Runtime/ComputeFramework/ComputeFramework.uplugin" 292
"../../../Engine/Plugins/Runtime/AppleImageUtils/AppleImageUtils.uplugin" 293
"../../../Engine/Plugins/Runtime/GameInput/GameInput.uplugin" 294
"../../../Engine/Plugins/Runtime/DataRegistry/DataRegistry.uplugin" 295
"../../../Engine/Plugins/Runtime/Firebase/Firebase.uplugin" 296
"../../../Engine/Plugins/Runtime/ExternalGPUStatistics/ExternalGPUStatistics.uplugin" 297
"../../../Engine/Plugins/Runtime/GameplayAbilities/GameplayAbilities.uplugin" 298
"../../../Engine/Plugins/Runtime/GameFeatures/GameFeatures.uplugin" 299
"../../../Engine/Plugins/Runtime/ChunkDownloader/ChunkDownloader.uplugin" 300
"../../../Engine/Plugins/Runtime/GameplayBehaviorSmartObjects/GameplayBehaviorSmartObjects.uplugin" 301
"../../../Engine/Plugins/Runtime/ExampleDeviceProfileSelector/ExampleDeviceProfileSelector.uplugin" 302
"../../../Engine/Plugins/Runtime/GameplayInteractions/GameplayInteractions.uplugin" 303
"../../../Engine/Plugins/Runtime/GeometryCache/GeometryCache.uplugin" 304
"../../../Engine/Plugins/Runtime/ActorLayerUtilities/ActorLayerUtilities.uplugin" 305
"../../../Engine/Plugins/Runtime/GeoReferencing/GeoReferencing.uplugin" 306
"../../../Engine/Plugins/Runtime/Harmonix/Harmonix.uplugin" 307
"../../../Engine/Plugins/Runtime/GameplayStateTree/GameplayStateTree.uplugin" 308
"../../../Engine/Plugins/Runtime/GeometryProcessing/GeometryProcessing.uplugin" 309
"../../../Engine/Plugins/Runtime/HTTPChunkInstaller/HTTPChunkInstaller.uplugin" 310
"../../../Engine/Plugins/Runtime/InputDebugging/InputDebugging.uplugin" 311
"../../../Engine/Plugins/Runtime/GooglePAD/GooglePAD.uplugin" 312
"../../../Engine/Plugins/Runtime/GoogleCloudMessaging/GoogleCloudMessaging.uplugin" 313
"../../../Engine/Plugins/Runtime/GeometryScripting/GeometryScripting.uplugin" 314
"../../../Engine/Plugins/Runtime/InstancedActors/InstancedActors.uplugin" 315
"../../../Engine/Plugins/Runtime/IOSReplayKit/IOSReplayKit.uplugin" 316
"../../../Engine/Plugins/Runtime/HPMotionController/HPMotionController.uplugin" 317
"../../../Engine/Plugins/Runtime/IOSDeviceProfileSelector/IOSDeviceProfileSelector.uplugin" 318
"../../../Engine/Plugins/Runtime/LevelStreamingPersistence/LevelStreamingPersistence.uplugin" 319
"../../../Engine/Plugins/Runtime/LiveLinkOvernDisplay/LiveLinkOverNDisplay.uplugin" 320
"../../../Engine/Plugins/Runtime/LocationServicesIOSImpl/LocationServicesIOSImpl.uplugin" 321
"../../../Engine/Plugins/Runtime/LocationServicesAndroidImpl/LocationServicesAndroidImpl.uplugin" 322
"../../../Engine/Plugins/Runtime/MassEntity/MassEntity.uplugin" 323
"../../../Engine/Plugins/Runtime/MassGameplay/MassGameplay.uplugin" 324
"../../../Engine/Plugins/Runtime/HDRIBackdrop/HDRIBackdrop.uplugin" 325
"../../../Engine/Plugins/Runtime/HairStrands/HairStrands.uplugin" 326
"../../../Engine/Plugins/Runtime/LocationServicesBPLibrary/LocationServicesBPLibrary.uplugin" 327
"../../../Engine/Plugins/Runtime/ModelViewViewModel/ModelViewViewModel.uplugin" 328
"../../../Engine/Plugins/Runtime/ModularGameplay/ModularGameplay.uplugin" 329
"../../../Engine/Plugins/Runtime/LinuxDeviceProfileSelector/LinuxDeviceProfileSelector.uplugin" 330
"../../../Engine/Plugins/Runtime/MeshModelingToolset/MeshModelingToolset.uplugin" 331
"../../../Engine/Plugins/Runtime/MIDIDevice/MIDIDevice.uplugin" 332
"../../../Engine/Plugins/Runtime/MsQuic/MsQuic.uplugin" 333
"../../../Engine/Plugins/Runtime/MicrosoftSpatialAudio/MicroSoftSpatialSound.uplugin" 334
"../../../Engine/Plugins/Runtime/MixedRealityCaptureFramework/MixedRealityCaptureFramework.uplugin" 335
"../../../Engine/Plugins/Runtime/MultiServerReplication/MultiServerReplication.uplugin" 336
"../../../Engine/Plugins/Runtime/MobilePatchingUtils/MobilePatchingUtils.uplugin" 337
"../../../Engine/Plugins/Runtime/nDisplayModularFeatures/nDisplayModularFeatures.uplugin" 338
"../../../Engine/Plugins/Runtime/nDisplay/nDisplay.uplugin" 339
"../../../Engine/Plugins/Runtime/NavCorridor/NavCorridor.uplugin" 340
"../../../Engine/Plugins/Runtime/Metasound/Metasound.uplugin" 341
"../../../Engine/Plugins/Runtime/MusicEnvironment/MusicEnvironment.uplugin" 342
"../../../Engine/Plugins/Experimental/VirtualProductionUtilities/VirtualProductionUtilities.uplugin" 343
"../../../Engine/Plugins/Runtime/OptionalMobileFeaturesBPLibrary/OptionalMobileFeaturesBPLibrary.uplugin" 344
"../../../Engine/Plugins/Runtime/NetworkPredictionExtras/NetworkPredictionExtras.uplugin" 345
"../../../Engine/Plugins/Runtime/OpenCV/OpenCV.uplugin" 346
"../../../Engine/Plugins/Runtime/PropertyAccess/PropertyAccessEditor.uplugin" 347
"../../../Engine/Plugins/Runtime/NetworkPrediction/NetworkPrediction.uplugin" 348
"../../../Engine/Plugins/Runtime/OpenXREyeTracker/OpenXREyeTracker.uplugin" 349
"../../../Engine/Plugins/Runtime/NetworkPredictionInsights/NetworkPredictionInsights.uplugin" 350
"../../../Engine/Plugins/Runtime/ReplicationGraph/ReplicationGraph.uplugin" 351
"../../../Engine/Plugins/Runtime/OpenXRMsftHandInteraction/OpenXRMsftHandInteraction.uplugin" 352
"../../../Engine/Plugins/Runtime/ResonanceAudio/ResonanceAudio.uplugin" 353
"../../../Engine/Plugins/Runtime/PropertyBindingUtils/PropertyBindingUtils.uplugin" 354
"../../../Engine/Plugins/Runtime/ReplicationSystemTestPlugin/ReplicationSystemTestPlugin.uplugin" 355
"../../../Engine/Plugins/Runtime/OpenXR/OpenXR.uplugin" 356
"../../../Engine/Plugins/Runtime/OpenXRViveTracker/OpenXRViveTracker.uplugin" 357
"../../../Engine/Plugins/Runtime/ScriptableToolsFramework/ScriptableToolsFramework.uplugin" 358
"../../../Engine/Plugins/Runtime/RigVM/RigVM.uplugin" 359
"../../../Engine/Plugins/Runtime/ProceduralMeshComponent/ProceduralMeshComponent.uplugin" 360
"../../../Engine/Plugins/Runtime/PreLoadScreenMoviePlayer/PreLoadScreenMoviePlayer.uplugin" 361
"../../../Engine/Plugins/Runtime/SignificanceManager/SignificanceManager.uplugin" 362
"../../../Engine/Plugins/Runtime/SmartObjects/SmartObjects.uplugin" 363
"../../../Engine/Plugins/Runtime/SkeletalMerging/SkeletalMerging.uplugin" 364
"../../../Engine/Plugins/Runtime/SoundFields/SoundFields.uplugin" 365
"../../../Engine/Plugins/Runtime/SoundUtilities/SoundUtilities.uplugin" 366
"../../../Engine/Plugins/Runtime/SoundCueTemplates/SoundCueTemplates.uplugin" 367
"../../../Engine/Plugins/Runtime/StateTree/StateTree.uplugin" 368
"../../../Engine/Plugins/Runtime/Soundscape/Soundscape.uplugin" 369
"../../../Engine/Plugins/Runtime/WarpUtils/WarpUtils.uplugin" 370
"../../../Engine/Plugins/Runtime/SunPosition/SunPosition.uplugin" 371
"../../../Engine/Plugins/Runtime/Synthesis/Synthesis.uplugin" 372
"../../../Engine/Plugins/Runtime/WaveTable/WaveTable.uplugin" 373
"../../../Engine/Plugins/Runtime/OSC/OSC.uplugin" 374
"../../../Engine/Plugins/Runtime/Spatialization/Spatialization.uplugin" 375
"../../../Engine/Plugins/Runtime/RenderTrace/RenderTrace.uplugin" 376
"../../../Engine/Plugins/Runtime/WebBrowserWidget/WebBrowserWidget.uplugin" 377
"../../../Engine/Plugins/Runtime/WindowsDeviceProfileSelector/WindowsDeviceProfileSelector.uplugin" 378
"../../../Engine/Plugins/Runtime/SoundMod/SoundMod.uplugin" 379
"../../../Engine/Plugins/Runtime/WebBrowserNativeProxy/WebBrowserNativeProxy.uplugin" 380
"../../../Engine/Plugins/Runtime/WindowsMoviePlayer/WindowsMoviePlayer.uplugin" 381
"../../../Engine/Plugins/Runtime/OpenXRHandTracking/OpenXRHandTracking.uplugin" 382
"../../../Engine/Plugins/Runtime/ZoneGraph/ZoneGraph.uplugin" 383
"../../../Engine/Plugins/Runtime/ZoneGraphAnnotations/ZoneGraphAnnotations.uplugin" 384
"../../../Engine/Plugins/Developer/AnimationSharing/AnimationSharing.uplugin" 385
"../../../Engine/Plugins/Developer/BlankPlugin/BlankPlugin.uplugin" 386
"../../../Engine/Plugins/Developer/CLionSourceCodeAccess/CLionSourceCodeAccess.uplugin" 387
"../../../Engine/Plugins/Runtime/WorldConditions/WorldConditions.uplugin" 388
"../../../Engine/Plugins/Runtime/USDCore/USDCore.uplugin" 389
"../../../Engine/Plugins/Developer/GitSourceControl/GitSourceControl.uplugin" 390
"../../../Engine/Plugins/Developer/KDevelopSourceCodeAccess/KDevelopSourceCodeAccess.uplugin" 391
"../../../Engine/Plugins/Developer/DumpGPUServices/DumpGPUServices.uplugin" 392
"../../../Engine/Plugins/Developer/FieldNotificationTrace/FieldNotificationTrace.uplugin" 393
"../../../Engine/Plugins/Developer/NamingTokens/NamingTokens.uplugin" 394
"../../../Engine/Plugins/Developer/DirectoryPlaceholder/DirectoryPlaceholder.uplugin" 395
"../../../Engine/Plugins/Developer/CodeLiteSourceCodeAccess/CodeLiteSourceCodeAccess.uplugin" 396
"../../../Engine/Plugins/Developer/GPUReshape/GPUReshape.uplugin" 397
"../../../Engine/Plugins/Developer/OneSkyLocalizationService/OneSkyLocalizationService.uplugin" 398
"../../../Engine/Plugins/Developer/PerforceSourceControl/PerforceSourceControl.uplugin" 399
"../../../Engine/Plugins/Developer/NullSourceCodeAccess/NullSourceCodeAccess.uplugin" 400
"../../../Engine/Plugins/Developer/PluginUtils/PluginUtils.uplugin" 401
"../../../Engine/Plugins/Developer/PlasticSourceControl/PlasticSourceControl.uplugin" 402
"../../../Engine/Plugins/Runtime/WebMMoviePlayer/WebMMoviePlayer.uplugin" 403
"../../../Engine/Plugins/Developer/ProjectLauncher/ProjectLauncher.uplugin" 404
"../../../Engine/Plugins/Runtime/XRBase/XRBase.uplugin" 405
"../../../Engine/Plugins/Developer/N10XSourceCodeAccess/N10XSourceCodeAccess.uplugin" 406
"../../../Engine/Plugins/Developer/RiderSourceCodeAccess/RiderSourceCodeAccess.uplugin" 407
"../../../Engine/Plugins/Developer/UObjectPlugin/UObjectPlugin.uplugin" 408
"../../../Engine/Plugins/Developer/VisualStudioCodeSourceCodeAccess/VisualStudioCodeSourceCodeAccess.uplugin" 409
"../../../Engine/Plugins/Developer/SubversionSourceControl/SubversionSourceControl.uplugin" 410
"../../../Engine/Plugins/Developer/RenderDocPlugin/RenderDocPlugin.uplugin" 411
"../../../Engine/Plugins/Developer/TextureFormatOodle/TextureFormatOodle.uplugin" 412
"../../../Engine/Plugins/FX/Cascade/Cascade.uplugin" 413
"../../../Engine/Plugins/FX/CascadeToNiagaraConverter/CascadeToNiagaraConverter.uplugin" 414
"../../../Engine/Plugins/Developer/PixWinPlugin/PixWinPlugin.uplugin" 415
"../../../Engine/Plugins/Developer/XCodeSourceCodeAccess/XCodeSourceCodeAccess.uplugin" 416
"../../../Engine/Plugins/FX/NiagaraMRQ/NiagaraMRQ.uplugin" 417
"../../../Engine/Plugins/Developer/VisualStudioSourceCodeAccess/VisualStudioSourceCodeAccess.uplugin" 418
"../../../Engine/Plugins/Developer/TraceSourceFiltering/TraceSourceFilters.uplugin" 419
"../../../Engine/Plugins/FX/ExampleCustomDataInterface/ExampleCustomDataInterface.uplugin" 420
"../../../Engine/Plugins/Developer/PropertyAccessNode/PropertyAccessNode.uplugin" 421
"../../../Engine/Plugins/Developer/XcodeGPUDebuggerPlugin/XcodeGPUDebuggerPlugin.uplugin" 422
"../../../Engine/Plugins/FX/NiagaraPreviewContent/NiagaraPreviewContent.uplugin" 423
"../../../Engine/Plugins/FX/NiagaraNanite/NiagaraNanite.uplugin" 424
"../../../Engine/Plugins/FX/NiagaraFluids/NiagaraFluids.uplugin" 425
"../../../Engine/Plugins/MetaHuman/MetaHumanCalibrationProcessing/MetaHumanCalibrationProcessing.uplugin" 426
"../../../Engine/Plugins/MetaHuman/MetaHumanAnimator/MetaHuman.uplugin" 427
"../../../Engine/Plugins/MetaHuman/MetaHumanCharacter/MetaHumanCharacter.uplugin" 428
"../../../Engine/Plugins/PCGInterops/PCGGeometryScriptInterop/PCGGeometryScriptInterop.uplugin" 429
"../../../Engine/Plugins/FX/Niagara/Niagara.uplugin" 430
"../../../Engine/Plugins/VirtualProduction/ActorModifier/ActorModifier.uplugin" 431
"../../../Engine/Plugins/PCGInterops/PCGExternalDataInterop/PCGExternalDataInterop.uplugin" 432
"../../../Engine/Plugins/MetaHuman/MetaHumanCoreTechLib/MetaHumanCoreTech.uplugin" 433
"../../../Engine/Plugins/FX/NiagaraSimCaching/NiagaraSimCaching.uplugin" 434
"../../../Engine/Plugins/VirtualProduction/ActorModifierCore/ActorModifierCore.uplugin" 435
"../../../Engine/Plugins/MetaHuman/MetaHumanSDK/MetaHumanSDK.uplugin" 436
"../../../Engine/Plugins/VirtualProduction/Avalanche/Avalanche.uplugin" 437
"../../../Engine/Plugins/VirtualProduction/AvalancheDataLink/AvalancheDataLink.uplugin" 438
"../../../Engine/Plugins/VirtualProduction/AvalancheSceneState/AvalancheSceneState.uplugin" 439
"../../../Engine/Plugins/PCGInterops/PCGPythonInterop/PCGPythonInterop.uplugin" 440
"../../../Engine/Plugins/VirtualProduction/CaptureData/CaptureData.uplugin" 441
"../../../Engine/Plugins/VirtualProduction/ClonerEffector/ClonerEffector.uplugin" 442
"../../../Engine/Plugins/VirtualProduction/CameraCalibrationML/CameraCalibrationML.uplugin" 443
"../../../Engine/Plugins/VirtualProduction/CameraCalibrationCore/CameraCalibrationCore.uplugin" 444
"../../../Engine/Plugins/VirtualProduction/CustomDetailsView/CustomDetailsView.uplugin" 445
"../../../Engine/Plugins/VirtualProduction/CompositePlane/CompositePlane.uplugin" 446
"../../../Engine/Plugins/VirtualProduction/DataLink/DataLink.uplugin" 447
"../../../Engine/Plugins/VirtualProduction/CinematicAssemblyTools/CinematicAssemblyTools.uplugin" 448
"../../../Engine/Plugins/VirtualProduction/CameraCalibration/CameraCalibration.uplugin" 449
"../../../Engine/Plugins/VirtualProduction/DataCharts/DataCharts.uplugin" 450
"../../../Engine/Plugins/VirtualProduction/EpicStageApp/EpicStageApp.uplugin" 451
"../../../Engine/Plugins/VirtualProduction/LensComponent/LensComponent.uplugin" 452
"../../../Engine/Plugins/VirtualProduction/ICVFXTesting/ICVFXTesting.uplugin" 453
"../../../Engine/Plugins/MetaHuman/MetaHumanLiveLink/MetaHumanLiveLink.uplugin" 454
"../../../Engine/Plugins/VirtualProduction/LevelSnapshots/LevelSnapshots.uplugin" 455
"../../../Engine/Plugins/VirtualProduction/DynamicMaterial/DynamicMaterial.uplugin" 456
"../../../Engine/Plugins/VirtualProduction/DataLinkOAuth/DataLinkOAuth.uplugin" 457
"../../../Engine/Plugins/VirtualProduction/GeometryMask/GeometryMask.uplugin" 458
"../../../Engine/Plugins/VirtualProduction/LiveLinkFreeD/LiveLinkFreeD.uplugin" 459
"../../../Engine/Plugins/VirtualProduction/LiveLinkCamera/LiveLinkCamera.uplugin" 460
"../../../Engine/Plugins/VirtualProduction/LiveLinkVRPN/LiveLinkVRPN.uplugin" 461
"../../../Engine/Plugins/VirtualProduction/LiveLinkInputDevice/LiveLinkInputDevice.uplugin" 462
"../../../Engine/Plugins/VirtualProduction/LiveLinkOpenTrackIO/LiveLinkOpenTrackIO.uplugin" 463
"../../../Engine/Plugins/VirtualProduction/MultiUserTakes/MultiUserTakes.uplugin" 464
"../../../Engine/Plugins/VirtualProduction/LiveLinkMasterLockit/LiveLinkMasterLockit.uplugin" 465
"../../../Engine/Plugins/VirtualProduction/LiveLinkXR/LiveLinkXR.uplugin" 466
"../../../Engine/Plugins/VirtualProduction/PropertyAnimator/PropertyAnimator.uplugin" 467
"../../../Engine/Plugins/VirtualProduction/OperatorStack/OperatorStack.uplugin" 468
"../../../Engine/Plugins/VirtualProduction/RemoteControl/RemoteControl.uplugin" 469
"../../../Engine/Plugins/VirtualProduction/LiveLinkPrestonMDR/LiveLinkPrestonMDR.uplugin" 470
"../../../Engine/Plugins/VirtualProduction/ICVFX/ICVFX.uplugin" 471
"../../../Engine/Plugins/VirtualProduction/PerformanceCaptureWorkflow/PerformanceCaptureWorkflow.uplugin" 472
"../../../Engine/Plugins/VirtualProduction/RemoteControlProtocolMIDI/RemoteControlProtocolMIDI.uplugin" 473
"../../../Engine/Plugins/VirtualProduction/RemoteControlInterception/RemoteControlInterception.uplugin" 474
"../../../Engine/Plugins/VirtualProduction/SceneState/SceneState.uplugin" 475
"../../../Engine/Plugins/VirtualProduction/StageMonitoring/StageMonitoring.uplugin" 476
"../../../Engine/Plugins/VirtualProduction/StormSync/StormSync.uplugin" 477
"../../../Engine/Plugins/VirtualProduction/SequencerPlaylists/SequencerPlaylists.uplugin" 478
"../../../Engine/Plugins/VirtualProduction/SceneStateDataLink/SceneStateDataLink.uplugin" 479
"../../../Engine/Plugins/VirtualProduction/RemoteControlProtocolDMX/RemoteControlProtocolDMX.uplugin" 480
"../../../Engine/Plugins/VirtualProduction/Switchboard/Switchboard.uplugin" 481
"../../../Engine/Plugins/VirtualProduction/Takes/Takes.uplugin" 482
"../../../Engine/Plugins/VirtualProduction/Text3D/Text3D.uplugin" 483
"../../../Engine/Plugins/VirtualProduction/TimedDataMonitor/TimedDataMonitor.uplugin" 484
"../../../Engine/Plugins/VirtualProduction/VirtualCameraCore/VirtualCameraCore.uplugin" 485
"../../../Engine/Plugins/VirtualProduction/VirtualCamera/VirtualCamera.uplugin" 486
"../../../Engine/Plugins/VirtualProduction/TextureShare/TextureShare.uplugin" 487
"../../../Engine/Plugins/VirtualProduction/VirtualScouting/VirtualScouting.uplugin" 488
"../../../Engine/Plugins/VirtualProduction/StormSyncAvalancheBridge/StormSyncAvalancheBridge.uplugin" 489
"../../../Engine/Plugins/VirtualProduction/PropertyAnimatorCore/PropertyAnimatorCore.uplugin" 490
"../../../Engine/Plugins/Interchange/Editor/InterchangeEditor.uplugin" 491
"../../../Engine/Plugins/Interchange/Runtime/Interchange.uplugin" 492
"../../../Engine/Plugins/Tests/CQTest/CQTest.uplugin" 493
"../../../Engine/Plugins/Tests/AutomationDriverTests/AutomationDriverTests.uplugin" 494
"../../../Engine/Plugins/Tests/CQTestExperimental/CQTestExperimental.uplugin" 495
"../../../Engine/Plugins/Interchange/Assets/InterchangeAssets.uplugin" 496
"../../../Engine/Plugins/Tests/AudioCQTests/AudioCQTests.uplugin" 497
"../../../Engine/Plugins/Tests/InterchangeTests/InterchangeTests.uplugin" 498
"../../../Engine/Plugins/Tests/CQTestEnhancedInput/CQTestEnhancedInput.uplugin" 499
"../../../Engine/Plugins/Tests/EditorTests/EditorTests.uplugin" 500
"../../../Engine/Plugins/VirtualProduction/RemoteControlProtocolOSC/RemoteControlProtocolOSC.uplugin" 501
"../../../Engine/Plugins/Tests/RHITests/RHITests.uplugin" 502
"../../../Engine/Plugins/Tests/FunctionalTestingEditor/FunctionalTestingEditor.uplugin" 503
"../../../Engine/Plugins/Portal/LauncherChunkInstaller/LauncherChunkInstaller.uplugin" 504
"../../../Engine/Plugins/Tests/FbxAutomationTestBuilder/FbxAutomationTestBuilder.uplugin" 505
"../../../Engine/Plugins/Slate/SlateInsights/SlateInsights.uplugin" 506
"../../../Engine/Plugins/Slate/SlateScripting/SlateScripting.uplugin" 507
"../../../Engine/Plugins/Tests/RuntimeTests/RuntimeTests.uplugin" 508
"../../../Engine/Plugins/Tests/TestFramework/TestFramework.uplugin" 509
"../../../Engine/Plugins/NetcodeUnitTest/NUTUnrealEngine/NUTUnrealEngine.uplugin" 510
"../../../Engine/Plugins/AI/AISupport/AISupport.uplugin" 511
"../../../Engine/Plugins/VirtualProduction/RemoteControlWebInterface/RemoteControlWebInterface.uplugin" 512
"../../../Engine/Plugins/VirtualProduction/LiveLinkLens/LiveLinkLens.uplugin" 513
"../../../Engine/Plugins/Tests/TestSamples/TestSamples.uplugin" 514
"../../../Engine/Plugins/2D/Paper2D/Paper2D.uplugin" 515
"../../../Engine/Plugins/VirtualProduction/SVGImporter/SVGImporter.uplugin" 516
"../../../Engine/Plugins/Animation/ACLPlugin/ACLPlugin.uplugin" 517
"../../../Engine/Plugins/AI/MassCrowd/MassCrowd.uplugin" 518
"../../../Engine/Plugins/Tests/WidgetAutomationTests/WidgetAutomationTests.uplugin" 519
"../../../Engine/Plugins/AI/EnvironmentQueryEditor/EnvironmentQueryEditor.uplugin" 520
"../../../Engine/Plugins/AI/MLAdapter/MLAdapter.uplugin" 521
"../../../Engine/Plugins/Animation/AnimationData/AnimationData.uplugin" 522
"../../../Engine/Plugins/Animation/AnimatorKit/AnimatorKit.uplugin" 523
"../../../Engine/Plugins/Animation/AnimationLocomotionLibrary/AnimationLocomotionLibrary.uplugin" 524
"../../../Engine/Plugins/Animation/BlendSpaceMotionAnalysis/BlendSpaceMotionAnalysis.uplugin" 525
"../../../Engine/Plugins/Animation/AnimationModifierLibrary/AnimationModifierLibrary.uplugin" 526
"../../../Engine/Plugins/Animation/AnimationWarping/AnimationWarping.uplugin" 527
"../../../Engine/Plugins/Animation/ControlRig/ControlRig.uplugin" 528
"../../../Engine/Plugins/Tests/PythonAutomationTest/PythonAutomationTest.uplugin" 529
"../../../Engine/Plugins/AI/MassAI/MassAI.uplugin" 530
"../../../Engine/Plugins/Animation/ControlRigModules/ControlRigModules.uplugin" 531
"../../../Engine/Plugins/Animation/GameplayInsights/GameplayInsights.uplugin" 532
"../../../Engine/Plugins/Animation/EaseCurveTool/EaseCurveTool.uplugin" 533
"../../../Engine/Plugins/Animation/LiveLinkCurveDebugUI/LiveLinkCurveDebugUI.uplugin" 534
"../../../Engine/Plugins/Animation/DeformerGraph/DeformerGraph.uplugin" 535
"../../../Engine/Plugins/Animation/DNACalib/DNACalib.uplugin" 536
"../../../Engine/Plugins/NetcodeUnitTest/NetcodeUnitTest/NetcodeUnitTest.uplugin" 537
"../../../Engine/Plugins/Animation/LiveLinkUnrealDevice/LiveLinkUnrealDevice.uplugin" 538
"../../../Engine/Plugins/Animation/ControlRigSpline/ControlRigSpline.uplugin" 539
"../../../Engine/Plugins/Animation/LiveLinkExampleDevice/LiveLinkExampleDevice.uplugin" 540
"../../../Engine/Plugins/Animation/IKRig/IKRig.uplugin" 541
"../../../Engine/Plugins/Animation/BlendStack/BlendStack.uplugin" 542
"../../../Engine/Plugins/Animation/MotionWarping/MotionWarping.uplugin" 543
"../../../Engine/Plugins/Animation/RigLogic/RigLogic.uplugin" 544
"../../../Engine/Plugins/Animation/LiveLinkHub/LiveLinkHub.uplugin" 545
"../../../Engine/Plugins/Animation/SkeletalMeshModelingTools/SkeletalMeshModelingTools.uplugin" 546
"../../../Engine/Plugins/Animation/LiveLinkDevice/LiveLinkDevice.uplugin" 547
"../../../Engine/Plugins/Animation/GeneSplicer/GeneSplicer.uplugin" 548
"../../../Engine/Plugins/AI/HTNPlanner/HTNPlanner.uplugin" 549
"../../../Engine/Plugins/Animation/PerformanceCaptureCore/PerformanceCaptureCore.uplugin" 550
"../../../Engine/Plugins/Cameras/CameraShakePreviewer/CameraShakePreviewer.uplugin" 551
"../../../Engine/Plugins/Cameras/GameplayCameras/GameplayCameras.uplugin" 552
"../../../Engine/Plugins/Animation/TweeningUtils/TweeningUtils.uplugin" 553
"../../../Engine/Plugins/Cameras/EngineCameras/EngineCameras.uplugin" 554
"../../../Engine/Plugins/Compression/OodleNetwork/OodleNetwork.uplugin" 555
"../../../Engine/Plugins/Editor/AssetSearch/AssetSearch.uplugin" 556
"../../../Engine/Plugins/Editor/AssetRegistryExport/AssetRegistryExport.uplugin" 557
"../../../Engine/Plugins/Editor/BlueprintHeaderView/BlueprintHeaderView.uplugin" 558
"../../../Engine/Plugins/Editor/AssetReferenceRestrictions/AssetReferenceRestrictions.uplugin" 559
"../../../Engine/Plugins/Editor/AssetManagerEditor/AssetManagerEditor.uplugin" 560
"../../../Engine/Plugins/Editor/BlueprintMaterialTextureNodes/BlueprintMaterialTextureNodes.uplugin" 561
"../../../Engine/Plugins/Editor/ConsoleVariablesEditor/ConsoleVariables.uplugin" 562
"../../../Engine/Plugins/Editor/ColorGrading/ColorGrading.uplugin" 563
"../../../Engine/Plugins/Editor/CryptoKeys/CryptoKeys.uplugin" 564
"../../../Engine/Plugins/Editor/ChangelistReview/ChangelistReview.uplugin" 565
"../../../Engine/Plugins/Editor/DataValidation/DataValidation.uplugin" 566
"../../../Engine/Plugins/Editor/DisplayClusterLaunch/DisplayClusterLaunch.uplugin" 567
"../../../Engine/Plugins/Editor/EditorDebugTools/EditorDebugTools.uplugin" 568
"../../../Engine/Plugins/Editor/CurveEditorTools/CurveEditorTools.uplugin" 569
"../../../Engine/Plugins/Animation/PoseSearch/PoseSearch.uplugin" 570
"../../../Engine/Plugins/Editor/EngineAssetDefinitions/EngineAssetDefinitions.uplugin" 571
"../../../Engine/Plugins/Editor/GameplayTagsEditor/GameplayTagsEditor.uplugin" 572
"../../../Engine/Plugins/Editor/EditorSysConfigAssistant/EditorSysConfigAssistant.uplugin" 573
"../../../Engine/Plugins/Editor/LandscapePatch/LandscapePatch.uplugin" 574
"../../../Engine/Plugins/Editor/GuidedTutorials/GuidedTutorials.uplugin" 575
"../../../Engine/Plugins/Editor/MaterialAnalyzer/MaterialAnalyzer.uplugin" 576
"../../../Engine/Plugins/Editor/LiveUpdateForSlate/LiveUpdateForSlate.uplugin" 577
"../../../Engine/Plugins/Editor/EditorScriptingUtilities/EditorScriptingUtilities.uplugin" 578
"../../../Engine/Plugins/Editor/GeometryMode/GeometryMode.uplugin" 579
"../../../Engine/Plugins/Editor/FacialAnimation/FacialAnimation.uplugin" 580
"../../../Engine/Plugins/Editor/MeshLODToolset/MeshLODToolset.uplugin" 581
"../../../Engine/Plugins/Editor/MacGraphicsSwitching/MacGraphicsSwitching.uplugin" 582
"../../../Engine/Plugins/Editor/ModelingToolsEditorMode/ModelingToolsEditorMode.uplugin" 583
"../../../Engine/Plugins/Editor/ModelViewViewModelPreview/ModelViewViewModelPreview.uplugin" 584
"../../../Engine/Plugins/Editor/ProxyLODPlugin/ProxyLODPlugin.uplugin" 585
"../../../Engine/Plugins/Editor/MobileLauncherProfileWizard/MobileLauncherProfileWizard.uplugin" 586
"../../../Engine/Plugins/Animation/LiveLink/LiveLink.uplugin" 587
"../../../Engine/Plugins/Editor/PluginBrowser/PluginBrowser.uplugin" 588
"../../../Engine/Plugins/Editor/SequencerAnimTools/SequencerAnimTools.uplugin" 589
"../../../Engine/Plugins/Editor/ScriptableToolsEditorMode/ScriptableToolsEditorMode.uplugin" 590
"../../../Engine/Plugins/Editor/MakeCookedEditorAsDLC/MakeCookedEditorAsDLC.uplugin" 591
"../../../Engine/Plugins/Editor/StylusInput/StylusInput.uplugin" 592
"../../../Engine/Plugins/Editor/SpeedTreeImporter/SpeedTreeImporter.uplugin" 593
"../../../Engine/Plugins/Editor/UMGWidgetPreview/UMGWidgetPreview.uplugin" 594
"../../../Engine/Plugins/Enterprise/AxFImporter/AxFImporter.uplugin" 595
"../../../Engine/Plugins/Editor/WorldPartitionHLODUtilities/WorldPartitionHLODUtilities.uplugin" 596
"../../../Engine/Plugins/Editor/WaveformEditor/WaveformEditor.uplugin" 597
"../../../Engine/Plugins/Editor/SampleToolsEditorMode/SampleToolsEditorMode.uplugin" 598
"../../../Engine/Plugins/Enterprise/DatasmithC4DImporter/DatasmithC4DImporter.uplugin" 599
"../../../Engine/Plugins/Editor/UVEditor/UVEditor.uplugin" 600
"../../../Engine/Plugins/Enterprise/DatasmithFBXImporter/DatasmithFBXImporter.uplugin" 601
"../../../Engine/Plugins/Enterprise/DatasmithImporter/DatasmithImporter.uplugin" 602
"../../../Engine/Plugins/Enterprise/DatasmithContent/DatasmithContent.uplugin" 603
"../../../Engine/Plugins/Enterprise/LidarPointCloud/LidarPointCloud.uplugin" 604
"../../../Engine/Plugins/Enterprise/VariantManagerContent/VariantManagerContent.uplugin" 605
"../../../Engine/Plugins/Enterprise/VariantManager/VariantManager.uplugin" 606
"../../../Engine/Plugins/Enterprise/GLTFExporter/GLTFExporter.uplugin" 607
"../../../Engine/Plugins/Enterprise/DatasmithCADImporter/DatasmithCADImporter.uplugin" 608
"../../../Engine/Plugins/Importers/AlembicImporter/AlembicImporter.uplugin" 609
"../../../Engine/Plugins/Importers/USDImporter/USDImporter.uplugin" 610
"../../../Engine/Plugins/Importers/AlembicHairImporter/AlembicHairImporter.uplugin" 611
"../../../Engine/Plugins/Editor/StaticMeshEditorModeling/StaticMeshEditorModeling.uplugin" 612
"../../../Engine/Plugins/Importers/USDImporterMDL/USDImporterMDL.uplugin" 613
"../../../Engine/Plugins/Importers/USDMultiUser/USDMultiUser.uplugin" 614
"../../../Engine/Plugins/Enterprise/MDLImporter/MDLImporter.uplugin" 615
"../../../Engine/Plugins/MovieScene/MovieSceneTextTrack/MovieSceneTextTrack.uplugin" 616
"../../../Engine/Plugins/MovieScene/SequenceValidator/SequenceValidator.uplugin" 617
"../../../Engine/Plugins/MovieScene/MoviePipelineMaskRenderPass/MoviePipelineMaskRenderPass.uplugin" 618
"../../../Engine/Plugins/MovieScene/TemplateSequence/TemplateSequence.uplugin" 619
"../../../Engine/Plugins/MovieScene/SequencerScripting/SequencerScripting.uplugin" 620
"../../../Engine/Plugins/Online/EOSShared/EOSShared.uplugin" 621
"../../../Engine/Plugins/MovieScene/ReplayTracks/ReplayTracks.uplugin" 622
"../../../Engine/Plugins/MovieScene/LevelSequenceEditor/LevelSequenceEditor.uplugin" 623
"../../../Engine/Plugins/MovieScene/MovieRenderPipeline/MovieRenderPipeline.uplugin" 624
"../../../Engine/Plugins/Online/OnlineServices/OnlineServices.uplugin" 625
"../../../Engine/Plugins/Online/OnlineFramework/OnlineFramework.uplugin" 626
"../../../Engine/Plugins/Online/OnlineServicesNull/OnlineServicesNull.uplugin" 627
"../../../Engine/Plugins/Online/OnlineServicesEOS/OnlineServicesEOS.uplugin" 628
"../../../Engine/Plugins/Online/OnlineServicesOSSAdapter/OnlineServicesOSSAdapter.uplugin" 629
"../../../Engine/Plugins/Online/OnlineFrameworkCommon/OnlineFrameworkCommon.uplugin" 630
"../../../Engine/Plugins/Online/OnlineBase/OnlineBase.uplugin" 631
"../../../Engine/Plugins/Online/OnlineSubsystemAmazon/OnlineSubsystemAmazon.uplugin" 632
"../../../Engine/Plugins/Enterprise/DataprepEditor/DataprepEditor.uplugin" 633
"../../../Engine/Plugins/MovieScene/ActorSequence/ActorSequence.uplugin" 634
"../../../Engine/Plugins/Online/OnlineServicesEOSGS/OnlineServicesEOSGS.uplugin" 635
"../../../Engine/Plugins/Online/OnlineSubsystemFacebook/OnlineSubsystemFacebook.uplugin" 636
"../../../Engine/Plugins/Online/OnlineSubsystemGoogle/OnlineSubsystemGoogle.uplugin" 637
"../../../Engine/Plugins/Online/OnlineSubsystem/OnlineSubsystem.uplugin" 638
"../../../Engine/Plugins/Online/OnlineSubsystemNull/OnlineSubsystemNull.uplugin" 639
"../../../Engine/Plugins/MovieScene/CustomizableSequencerTracks/CustomizableSequencerTracks.uplugin" 640
"../../../Engine/Plugins/Online/OnlineSubsystemEOS/OnlineSubsystemEOS.uplugin" 641
"../../../Engine/Plugins/Online/SocketSubsystemEOS/SocketSubsystemEOS.uplugin" 642
"../../../Engine/Plugins/Online/OnlineSubsystemTencent/OnlineSubsystemTencent.uplugin" 643
"../../../Engine/Plugins/Online/SocketSubsystemSteamIP/SocketSubsystemSteamIP.uplugin" 644
"../../../Engine/Plugins/Online/OnlineSubsystemUtils/OnlineSubsystemUtils.uplugin" 645
"../../../Engine/Plugins/Online/WebAuth/WebAuth.uplugin" 646
"../../../Engine/Plugins/Online/EOSOverlayInputProvider/EOSOverlayInputProvider.uplugin" 647
"../../../Engine/Plugins/Protocols/MQTT/MQTT.uplugin" 648
"../../../Engine/Plugins/Web/HttpBlueprint/HttpBlueprint.uplugin" 649
"../../../Engine/Plugins/Online/OnlineSubsystemApple/OnlineSubsystemApple.uplugin" 650
"../../../Engine/Plugins/Experimental/MetaHuman/MetaHumanCharacterUAF/MetaHumanCharacterUAF.uplugin" 651
"../../../Engine/Plugins/Online/OnlineSubsystemSteam/OnlineSubsystemSteam.uplugin" 652
"../../../Engine/Plugins/Online/OnlineServicesEpicCommon/OnlineServicesEpicCommon.uplugin" 653
"../../../Engine/Plugins/Experimental/MetaHuman/MetaHumanRuntime/MetaHumanRuntime.uplugin" 654
"../../../Engine/Plugins/VirtualProduction/Rivermax/RivermaxSync/RivermaxSync.uplugin" 655
"../../../Engine/Plugins/Experimental/MetaHuman/MetaHumanCalibrationDiagnostics/MetaHumanCalibrationDiagnostics.uplugin" 656
"../../../Engine/Plugins/Experimental/Animation/CurveExpression/CurveExpression.uplugin" 657
"../../../Engine/Plugins/VirtualProduction/Rivermax/RivermaxMedia/RivermaxMedia.uplugin" 658
"../../../Engine/Plugins/Experimental/Animation/HierarchyTable/HierarchyTable.uplugin" 659
"../../../Engine/Plugins/Experimental/Animation/Optimus/Optimus.uplugin" 660
"../../../Engine/Plugins/Experimental/Animation/ContextualAnimation/ContextualAnimation.uplugin" 661
"../../../Engine/Plugins/Experimental/Animation/RelativeIKOp/RelativeIKOp.uplugin" 662
"../../../Engine/Plugins/Experimental/Animation/PackedAttributes/PackedAttributes.uplugin" 663
"../../../Engine/Plugins/Experimental/Animation/MotionTrajectory/MotionTrajectory.uplugin" 664
"../../../Engine/Plugins/Experimental/Animation/HierarchyTableAnimation/HierarchyTableAnimation.uplugin" 665
"../../../Engine/Plugins/Experimental/Animation/Locomotor/Locomotor.uplugin" 666
"../../../Engine/Plugins/Experimental/Animation/RigMapper/RigMapper.uplugin" 667
"../../../Engine/Plugins/Experimental/VirtualProduction/LedWallCalibration/LedWallCalibration.uplugin" 668
"../../../Engine/Plugins/Runtime/Windows/WinVirtualKeyboard/WinVirtualKeyboard.uplugin" 669
"../../../Engine/Plugins/Experimental/Animation/TrajectoryTools/TrajectoryTools.uplugin" 670
"../../../Engine/Plugins/VirtualProduction/Rivermax/RivermaxCore/RivermaxCore.uplugin" 671
"../../../Engine/Plugins/Runtime/Windows/XInputDevice/XInputDevice.uplugin" 672
"../../../Engine/Plugins/Experimental/VirtualProduction/VPSettings/VPSettings.uplugin" 673
"../../../Engine/Plugins/Experimental/AVCodecs/NVCodecs/NVCodecs.uplugin" 674
"../../../Engine/Plugins/Experimental/Animation/SkeletalMeshMorphTargetEditingTools/SkeletalMeshMorphTargetEditingTools.uplugin" 675
"../../../Engine/Plugins/Experimental/AVCodecs/WMFCodecs/WMFCodecs.uplugin" 676
"../../../Engine/Plugins/Runtime/Windows/WinDualShock/WinDualShock.uplugin" 677
"../../../Engine/Plugins/Experimental/CharacterFXEditor/ExampleCharacterFXEditor/ExampleCharacterFXEditor.uplugin" 678
"../../../Engine/Plugins/Experimental/Animation/RigMapperOp/RigMapperOp.uplugin" 679
"../../../Engine/Plugins/Developer/Concert/ConcertMain/ConcertMain.uplugin" 680
"../../../Engine/Plugins/Experimental/CharacterFXEditor/BaseCharacterFXEditor/BaseCharacterFXEditor.uplugin" 681
"../../../Engine/Plugins/Runtime/PacketHandlers/DTLSHandlerComponent/DTLSHandlerComponent.uplugin" 682
"../../../Engine/Plugins/Experimental/AVCodecs/AVCodecsCore/AVCodecsCore.uplugin" 683
"../../../Engine/Plugins/Experimental/AVCodecs/VTCodecs/VTCodecs.uplugin" 684
"../../../Engine/Plugins/Experimental/PCGInterops/PCGNaniteAssembliesInterop/PCGNaniteAssembliesInterop.uplugin" 685
"../../../Engine/Plugins/Experimental/AVCodecs/AMFCodecs/AMFCodecs.uplugin" 686
"../../../Engine/Plugins/Experimental/VirtualProduction/VPRoles/VPRoles.uplugin" 687
"../../../Engine/Plugins/Experimental/PCGInterops/PCGFastGeoInterop/PCGFastGeoInterop.uplugin" 688
"../../../Engine/Plugins/Experimental/AVCodecs/LibVpxCodecs/LibVpxCodecs.uplugin" 689
"../../../Engine/Plugins/Online/VoiceChat/VoiceChat/VoiceChat.uplugin" 690
"../../../Engine/Plugins/Experimental/PCGInterops/PCGNiagaraInterop/PCGNiagaraInterop.uplugin" 691
"../../../Engine/Plugins/Online/VoiceChat/EOSVoiceChat/EOSVoiceChat.uplugin" 692
"../../../Engine/Plugins/Experimental/PCGInterops/PCGInstancedActorsInterop/PCGInstancedActorsInterop.uplugin" 693
"../../../Engine/Plugins/Editor/ContentBrowser/ContentBrowserFileDataSource/ContentBrowserFileDataSource.uplugin" 694
"../../../Engine/Plugins/Online/IOS/OnlineSubsystemIOS/OnlineSubsystemIOS.uplugin" 695
"../../../Engine/Plugins/Experimental/Enterprise/DataprepGeometryOperations/DataprepGeometryOperations.uplugin" 696
"../../../Engine/Plugins/Experimental/Enterprise/DatasmithInterchange/DatasmithInterchange.uplugin" 697
"../../../Engine/Plugins/Experimental/Enterprise/DatasmithRuntime/DatasmithRuntime.uplugin" 698
"../../../Engine/Plugins/Runtime/XR/XRVisualization/XRVisualization.uplugin" 699
"../../../Engine/Plugins/Editor/ContentBrowser/ContentBrowserAliasDataSource/ContentBrowserAliasDataSource.uplugin" 700
"../../../Engine/Plugins/Runtime/XR/XRScribe/XRScribe.uplugin" 701
"../../../Engine/Plugins/VirtualProduction/CaptureManager/CaptureManagerApp/CaptureManagerApp.uplugin" 702
"../../../Engine/Plugins/Runtime/PacketHandlers/AESHandlerComponent/AESHandlerComponent.uplugin" 703
"../../../Engine/Plugins/VirtualProduction/CaptureManager/CaptureManagerCore/CaptureManagerCore.uplugin" 704
"../../../Engine/Plugins/Runtime/PacketHandlers/AESGCMHandlerComponent/AESGCMHandlerComponent.uplugin" 705
"../../../Engine/Plugins/Online/Android/OnlineSubsystemGooglePlay/OnlineSubsystemGooglePlay.uplugin" 706
"../../../Engine/Plugins/Editor/ContentBrowser/ContentBrowserClassDataSource/ContentBrowserClassDataSource.uplugin" 707
"../../../Engine/Plugins/Runtime/Advertising/IOSTapJoy/IOSTapJoy.uplugin" 708
"../../../Engine/Plugins/Online/Android/AndroidFetchBackgroundDownload/AndroidFetchBackgroundDownload.uplugin" 709
"../../../Engine/Plugins/Runtime/Database/SQLiteSupport/SQLiteSupport.uplugin" 710
"../../../Engine/Plugins/Runtime/Database/ADOSupport/ADOSupport.uplugin" 711
"../../../Engine/Plugins/Runtime/Database/RemoteDatabaseSupport/RemoteDatabaseSupport.uplugin" 712
"../../../Engine/Plugins/Runtime/MeshReconstruction/DummyMeshReconstructor/DummyMeshReconstructor.uplugin" 713
"../../../Engine/Plugins/Runtime/Steam/SteamController/SteamController.uplugin" 714
"../../../Engine/Plugins/VirtualProduction/DMX/DMXEngine/DMXEngine.uplugin" 715
"../../../Engine/Plugins/VirtualProduction/CaptureManager/CaptureManagerEditor/CaptureManagerEditor.uplugin" 716
"../../../Engine/Plugins/VirtualProduction/DMX/DatasmithMVR/DatasmithMVR.uplugin" 717
"../../../Engine/Plugins/Runtime/Database/DatabaseSupport/DatabaseSupport.uplugin" 718
"../../../Engine/Plugins/VirtualProduction/DMX/DMXFixtures/DMXFixtures.uplugin" 719
"../../../Engine/Plugins/VirtualProduction/CaptureManager/CaptureManagerDevices/CaptureManagerDevices.uplugin" 720
"../../../Engine/Plugins/VirtualProduction/DMX/DMXGDTF/DMXGDTF.uplugin" 721
"../../../Engine/Plugins/VirtualProduction/DMX/DMXDisplayCluster/DMXDisplayCluster.uplugin" 722
"../../../Engine/Plugins/VirtualProduction/DMX/DMXModularFeatures/DMXModularFeatures.uplugin" 723
"../../../Engine/Plugins/VirtualProduction/DMX/DMXControlConsole/DMXControlConsole.uplugin" 724
"../../../Engine/Plugins/VirtualProduction/DMX/DMXPixelMapping/DMXPixelMapping.uplugin" 725
"../../../Engine/Plugins/Runtime/Database/SQLiteCore/SQLiteCore.uplugin" 726
"../../../Engine/Plugins/VirtualProduction/DMX/DMXProtocol/DMXProtocol.uplugin" 727
"../../../Engine/Plugins/Runtime/Nvidia/GeForceNOWWrapper/GeForceNOWWrapper.uplugin" 728
"../../../Engine/Plugins/Interchange/Extensions/OpenUSD/InterchangeOpenUSD.uplugin" 729
"../../../Engine/Plugins/Interchange/Extensions/OpenVDB/InterchangeOpenVDB.uplugin" 730
"../../../Engine/Plugins/Runtime/Nvidia/Reflex/Reflex.uplugin" 731
"../../../Engine/Plugins/Animation/MLDeformer/ChaosFleshGenerator/ChaosFleshGenerator.uplugin" 732
"../../../Engine/Plugins/Editor/ContentBrowser/ContentBrowserAssetDataSource/ContentBrowserAssetDataSource.uplugin" 733
"../../../Engine/Plugins/Animation/MLDeformer/ChaosClothGenerator/ChaosClothGenerator.uplugin" 734
"../../../Engine/Plugins/Animation/MLDeformer/MLDeformerFramework/MLDeformerFramework.uplugin" 735
"../../../Engine/Plugins/Animation/MLDeformer/NeuralMorphModel/NeuralMorphModel.uplugin" 736
"../../../Engine/Plugins/Experimental/Web/WebAPI/WebAPI.uplugin" 737
"../../../Engine/Plugins/Experimental/PCGInterops/PCGWaterInterop/PCGWaterInterop.uplugin" 738
"../../../Engine/Plugins/Editor/Localization/PortableObjectFileDataSource/PortableObjectFileDataSource.uplugin" 739
"../../../Engine/Plugins/Animation/MLDeformer/VertexDeltaModel/VertexDeltaModel.uplugin" 740
"../../../Engine/Plugins/Animation/MLDeformer/NearestNeighborModel/NearestNeighborModel.uplugin" 741
"../../../Engine/Plugins/Experimental/UAF/UAF/UAF.uplugin" 742
"../../../Engine/Plugins/Runtime/Steam/SteamAudio/SteamAudio.uplugin" 743
"../../../Engine/Plugins/Experimental/UAF/UAFChooser/UAFChooser.uplugin" 744
"../../../Engine/Plugins/Editor/ObjectMixer/ObjectMixer/ObjectMixer.uplugin" 745
"../../../Engine/Plugins/Experimental/UAF/UAFAnimGraph/UAFAnimGraph.uplugin" 746
"../../../Engine/Plugins/Experimental/UAF/UAFMirroring/UAFMirroring.uplugin" 747
"../../../Engine/Plugins/Experimental/UAF/UAFWarping/UAFWarping.uplugin" 748
"../../../Engine/Plugins/Experimental/UAF/UAFTests/UAFTests.uplugin" 749
"../../../Engine/Plugins/Runtime/Analytics/FileLogging/FileLogging.uplugin" 750
"../../../Engine/Plugins/Runtime/Analytics/AnalyticsMulticast/AnalyticsMulticast.uplugin" 751
"../../../Engine/Plugins/Editor/ObjectMixer/LightMixer/LightMixer.uplugin" 752
"../../../Engine/Plugins/Experimental/UAF/UAFStateTree/UAFStateTree.uplugin" 753
"../../../Engine/Plugins/Runtime/Analytics/Adjust/Adjust.uplugin" 754
"../../../Engine/Plugins/Runtime/Analytics/AnalyticsBlueprintLibrary/AnalyticsBlueprintLibrary.uplugin" 755
"../../../Engine/Plugins/Experimental/UAF/UAFPoseSearch/UAFPoseSearch.uplugin" 756
"../../../Engine/Plugins/Runtime/AR/ARUtilities/ARUtilities.uplugin" 757
"../../../Engine/Plugins/Developer/Concert/ConcertScripting/ConcertReplicationScripting/ConcertReplicationScripting.uplugin" 758
"../../../Engine/Plugins/Experimental/Animation/MLDeformer/DetailPoseModel/DetailPoseModel.uplugin" 759
"../../../Engine/Plugins/Runtime/AR/AppleAR/AppleARKitFaceSupport/AppleARKitFaceSupport.uplugin" 760
"../../../Engine/Plugins/Developer/Concert/ConcertInsights/ConcertInsightsCore/ConcertInsightsCore.uplugin" 761
"../../../Engine/Plugins/Runtime/AR/AppleAR/AppleARKit/AppleARKit.uplugin" 762
"../../../Engine/Plugins/Developer/Concert/ConcertInsights/ConcertInsightsClient/ConcertInsightsClient.uplugin" 763
"../../../Engine/Plugins/Runtime/Steam/SteamShared/SteamShared.uplugin" 764
"../../../Engine/Plugins/Developer/Concert/ConcertApp/DisasterRecoveryClient/DisasterRecoveryClient.uplugin" 765
"../../../Engine/Plugins/Developer/Concert/ConcertApp/MultiUserServer/MultiUserServer.uplugin" 766
"../../../Engine/Plugins/Developer/Concert/ConcertSync/ConcertSyncClient/ConcertSyncClient.uplugin" 767
"../../../Engine/Plugins/Developer/Concert/ConcertSync/ConcertSyncCore/ConcertSyncCore.uplugin" 768
"../../../Engine/Plugins/Developer/Concert/ConcertSync/ConcertSyncServer/ConcertSyncServer.uplugin" 769
"../../../Engine/Plugins/Developer/Concert/ConcertSync/ConcertSyncTest/ConcertSyncTest.uplugin" 770
"../../../Engine/Plugins/Developer/Concert/ConcertInsights/ConcertInsightsServer/ConcertInsightsServer.uplugin" 771
"../../../Engine/Plugins/Developer/Concert/ConcertApp/MultiUserClient/MultiUserClient.uplugin" 772
"../../../Engine/Plugins/Developer/Concert/ConcertUI/ConcertClientSharedSlate/ConcertClientSharedSlate.uplugin" 773
"../../../Engine/Plugins/Runtime/AR/Google/GoogleARCoreServices/GoogleARCoreServices.uplugin" 774
"../../../Engine/Plugins/Runtime/AR/Google/GoogleARCore/GoogleARCore.uplugin" 775
"../../../Engine/Plugins/Runtime/Steam/SteamSockets/SteamSockets.uplugin" 776
"../../../Engine/Plugins/Experimental/UAF/UAFControlRig/UAFControlRig.uplugin" 777
"../../../Engine/Plugins/Developer/Concert/ConcertInsights/ConcertInsightsVisualizer/ConcertInsightsVisualizer.uplugin" 778
"../../../Engine/Plugins/Developer/Concert/ConcertUI/ConcertSharedSlate/ConcertSharedSlate.uplugin" 779
"../../../Engine/Platforms/Android/Plugins/Animation/ACLPlugin/ACLPlugin_Android.uplugin" 780
"../../../Engine/Platforms/Android/Plugins/Animation/RigLogic/RigLogic_Android.uplugin" 781
"../../../Engine/Platforms/IOS/Plugins/Animation/RigLogic/RigLogic_IOS.uplugin" 782
"../../../Engine/Content/Internationalization/icudt64l/cnvalias.icu" 783
"../../../Engine/Content/Internationalization/icudt64l/res_index.res" 784
"../../../Engine/Content/Internationalization/icudt64l/plurals.res" 785
"../../../Engine/Content/Internationalization/icudt64l/lang/en.res" 786
"../../../Engine/Content/Internationalization/icudt64l/lang/pool.res" 787
"../../../Engine/Content/Internationalization/icudt64l/lang/root.res" 788
"../../../Engine/Content/Internationalization/icudt64l/region/en.res" 789
"../../../Engine/Content/Internationalization/icudt64l/region/pool.res" 790
"../../../Engine/Content/Internationalization/icudt64l/region/root.res" 791
"../../../Engine/Content/Internationalization/icudt64l/windowsZones.res" 792
"../../../Engine/Content/Internationalization/icudt64l/zoneinfo64.res" 793
"../../../Engine/Content/Internationalization/icudt64l/keyTypeData.res" 794
"../../../Engine/Content/Internationalization/icudt64l/timezoneTypes.res" 795
"../../../Engine/Content/Internationalization/icudt64l/likelySubtags.res" 796
"../../../Engine/Content/Internationalization/icudt64l/en_US.res" 797
"../../../Engine/Content/Internationalization/icudt64l/pool.res" 798
"../../../Engine/Content/Internationalization/icudt64l/en.res" 799
"../../../Engine/Content/Internationalization/icudt64l/root.res" 800
"../../../Engine/Content/Internationalization/icudt64l/supplementalData.res" 801
"../../../Engine/Config/ConfigRedirects.ini" 802
"C:/Users/cjoyn/AppData/Local/UnrealEngine/5.7/Saved/Config/WindowsEditor/Manifest.ini" 803
"../../../Engine/Config/BaseEngine.ini" 804
"../../../Engine/Config/Windows/BaseWindowsEngine.ini" 805
"../../../../../../Users/cjoyn/OneDrive/Documents/Unreal Projects/CIS488UnrealProject/TheMarbelousAscent/Config/DefaultEngine.ini" 806
"../../../Engine/Config/BaseGame.ini" 807
"../../../../../../Users/cjoyn/OneDrive/Documents/Unreal Projects/CIS488UnrealProject/TheMarbelousAscent/Config/DefaultGame.ini" 808
"../../../Engine/Config/Windows/WindowsGame.ini" 809
"C:/Users/cjoyn/OneDrive/Documents/Unreal Projects/CIS488UnrealProject/TheMarbelousAscent/Saved/Config/WindowsEditor/Game.ini" 810
"../../../Engine/Config/BaseInput.ini" 811
"../../../Engine/Config/Windows/BaseWindowsInput.ini" 812
"../../../../../../Users/cjoyn/OneDrive/Documents/Unreal Projects/CIS488UnrealProject/TheMarbelousAscent/Config/DefaultInput.ini" 813
"../../../Engine/Config/Windows/WindowsInput.ini" 814
"../../../Engine/Config/BaseDeviceProfiles.ini" 815
"../../../Engine/Config/BaseGameUserSettings.ini" 816
"C:/Users/cjoyn/OneDrive/Documents/Unreal Projects/CIS488UnrealProject/TheMarbelousAscent/Saved/Config/WindowsEditor/GameUserSettings.ini" 817
"../../../Engine/Config/BaseScalability.ini" 818
"../../../Engine/Config/BaseRuntimeOptions.ini" 819
"../../../Engine/Config/BaseInstallBundle.ini" 820
"../../../Engine/Config/BaseHardware.ini" 821
"../../../Engine/Config/BaseCompat.ini" 822
"../../../Engine/Config/BaseLightmass.ini" 823
"../../../Engine/Config/BaseEditor.ini" 824
"../../../../../../Users/cjoyn/OneDrive/Documents/Unreal Projects/CIS488UnrealProject/TheMarbelousAscent/Config/DefaultEditor.ini" 825
"C:/Users/cjoyn/OneDrive/Documents/Unreal Projects/CIS488UnrealProject/TheMarbelousAscent/Saved/Config/WindowsEditor/Editor.ini" 826
"../../../Engine/Config/BaseMaterialExpressions.ini" 827
"../../../Engine/Config/BaseEditorPerProjectUserSettings.ini" 828
"../../../Engine/Config/Windows/WindowsEditorPerProjectUserSettings.ini" 829
"C:/Users/cjoyn/OneDrive/Documents/Unreal Projects/CIS488UnrealProject/TheMarbelousAscent/Saved/Config/WindowsEditor/EditorPerProjectUserSettings.ini" 830
"../../../Engine/Config/BaseEditorSettings.ini" 831
"../../../Engine/Config/Windows/WindowsEditorSettings.ini" 832
"C:/Users/cjoyn/AppData/Local/UnrealEngine/5.7/Saved/Config/WindowsEditor/EditorSettings.ini" 833
"../../../Engine/Config/BaseEditorKeyBindings.ini" 834
"C:/Users/cjoyn/AppData/Local/UnrealEngine/5.7/Saved/Config/WindowsEditor/EditorLayout.ini" 835
"../../../Engine/Config/IOS/BaseIOSEngine.ini" 836
"../../../Engine/Config/Mac/BaseMacEngine.ini" 837
"../../../../../../Users/cjoyn/OneDrive/Documents/Unreal Projects/CIS488UnrealProject/TheMarbelousAscent/Binaries/Win64/TheMarbelousAscent-Win64-Shipping.target" 838
"../../../Engine/Config/Unix/UnixEngine.ini" 839
"../../../Engine/Config/Linux/BaseLinuxEngine.ini" 840
"../../../../../../Users/cjoyn/OneDrive/Documents/Unreal Projects/CIS488UnrealProject/TheMarbelousAscent/Intermediate/CachedAssetRegistryDiscovery.bin" 841
"../../../../../../Users/cjoyn/OneDrive/Documents/Unreal Projects/CIS488UnrealProject/TheMarbelousAscent/Binaries/Win64/TheMarbelousAscentEditor.target" 842
"../../../Engine/Config/Android/BaseAndroidEngine.ini" 843
"../../../Engine/Config/Linux/LinuxEngine.ini" 844
"../../../Engine/Config/IOS/BaseIOSGame.ini" 845
"../../../Engine/Config/Android/AndroidEngine.ini" 846
"../../../Engine/Config/IOS/IOSGame.ini" 847
"../../../Engine/Config/TVOS/TVOSEngine.ini" 848
"../../../Engine/Config/Mac/MacGame.ini" 849
"../../../Engine/Config/Android/BaseAndroidGame.ini" 850
"../../../Engine/Config/Mac/BaseMacInput.ini" 851
"../../../Engine/Config/IOS/BaseIOSInput.ini" 852
"../../../Engine/Config/Android/BaseAndroidInput.ini" 853
"../../../Engine/Config/Linux/LinuxGame.ini" 854
"../../../Engine/Config/IOS/IOSScalability.ini" 855
"../../../Engine/Config/IOS/BaseIOSInstallBundle.ini" 856
"../../../Engine/Config/Android/AndroidScalability.ini" 857
"../../../Engine/Config/Android/BaseAndroidInstallBundle.ini" 858
"../../../Engine/Platforms/VisionOS/Config/BaseVisionOSEngine.ini" 859
"../../../Engine/Platforms/VisionOS/Config/VisionOSEngine.ini" 860
"../../../Engine/Config/PluginBase.ini" 861
"../../../Engine/Plugins/ChaosVD/Config/DefaultChaosVD.ini" 862
"../../../Engine/Plugins/EnhancedInput/Config/BaseEnhancedInput.ini" 863
"../../../Engine/Plugins/Fab/Config/BaseFab.ini" 864
"../../../Engine/Plugins/TraceUtilities/Config/BaseTraceUtilities.ini" 865
"../../../Engine/Plugins/Compositing/CompositeCore/Config/BaseCompositeCore.ini" 866
"../../../Engine/Plugins/Experimental/FullBodyIK/Config/BaseFullBodyIK.ini" 867
"../../../Engine/Plugins/Experimental/ToolPresets/Config/BaseToolPresets.ini" 868
"../../../Engine/Plugins/Runtime/HairStrands/Config/BaseHairStrands.ini" 869
"../../../Engine/Plugins/Runtime/Metasound/Config/BaseMetasound.ini" 870
"../../../Engine/Plugins/Runtime/Metasound/Config/DefaultMetasound.ini" 871
"../../../Engine/Plugins/Runtime/PropertyBindingUtils/Config/BasePropertyBindingUtils.ini" 872
"../../../Engine/Plugins/Runtime/RigVM/Config/BaseRigVM.ini" 873
"../../../Engine/Plugins/Runtime/StateTree/Config/BaseStateTree.ini" 874
"../../../Engine/Plugins/Runtime/Synthesis/Config/BaseSynthesis.ini" 875
"../../../Engine/Plugins/FX/Niagara/Config/BaseNiagara.ini" 876
"../../../Engine/Plugins/MetaHuman/MetaHumanSDK/Config/BaseMetaHumanSDK.ini" 877
"../../../Engine/Plugins/VirtualProduction/Takes/Config/BaseTakes.ini" 878
"../../../Engine/Plugins/Interchange/Assets/Config/BaseInterchangeAssets.ini" 879
"../../../Engine/Plugins/Interchange/Runtime/Config/BaseInterchange.ini" 880
"../../../Engine/Plugins/2D/Paper2D/Config/BasePaper2D.ini" 881
"../../../Engine/Plugins/Animation/ControlRig/Config/BaseControlRig.ini" 882
"../../../Engine/Plugins/Animation/IKRig/Config/BaseIKRig.ini" 883
"../../../Engine/Plugins/Animation/DeformerGraph/Config/BaseDeformerGraph.ini" 884
"../../../Engine/Plugins/Cameras/GameplayCameras/Config/BaseGameplayCameras.ini" 885
"../../../Engine/Plugins/Editor/EditorScriptingUtilities/Config/BaseEditorScriptingUtilities.ini" 886
"../../../Engine/Plugins/Enterprise/DatasmithContent/Config/BaseDatasmithContent.ini" 887
"../../../Engine/Plugins/Enterprise/VariantManagerContent/Config/BaseVariantManagerContent.ini" 888
"../../../Engine/Plugins/Enterprise/GLTFExporter/Config/BaseGLTFExporter.ini" 889
"../../../Engine/Plugins/Enterprise/GLTFExporter/Config/DefaultGLTFExporter.ini" 890
"../../../Engine/Plugins/ChaosVD/Config/Engine.ini" 891
"../../../Engine/Plugins/EnhancedInput/Config/Input.ini" 892
"../../../Engine/Plugins/Runtime/InputDebugging/Config/Input.ini" 893
"../../../Engine/Plugins/Runtime/Windows/XInputDevice/Config/Input.ini" 894
"../../../Engine/Plugins/NNE/NNEDenoiser/Config/Game.ini" 895
"../../../Engine/Plugins/Runtime/RigVM/Config/Editor.ini" 896
"../../../Engine/Plugins/Online/OnlineSubsystemUtils/Config/Editor.ini" 897
"../../../Engine/Plugins/Editor/ModelingToolsEditorMode/Binaries/Win64/UnrealEditor.modules" 898
"../../../Engine/Plugins/Runtime/MeshModelingToolset/Binaries/Win64/UnrealEditor.modules" 899
"../../../Engine/Plugins/Experimental/MeshModelingToolsetExp/Binaries/Win64/UnrealEditor.modules" 900
"../../../Engine/Plugins/Editor/MeshLODToolset/Binaries/Win64/UnrealEditor.modules" 901
"../../../Engine/Plugins/Experimental/ToolPresets/Binaries/Win64/UnrealEditor.modules" 902
"../../../Engine/Plugins/Editor/StylusInput/Binaries/Win64/UnrealEditor.modules" 903
"../../../Engine/Plugins/Runtime/GeometryProcessing/Binaries/Win64/UnrealEditor.modules" 904
"../../../Engine/Plugins/Editor/ProxyLODPlugin/Binaries/Win64/UnrealEditor.modules" 905
"../../../Engine/Plugins/Experimental/PlanarCutPlugin/Binaries/Win64/UnrealEditor.modules" 906
"../../../Engine/Plugins/Runtime/GeometryCache/Binaries/Win64/UnrealEditor.modules" 907
"../../../Engine/Plugins/Experimental/GeometryFlow/Binaries/Win64/UnrealEditor.modules" 908
"../../../Engine/Plugins/Editor/EditorScriptingUtilities/Binaries/Win64/UnrealEditor.modules" 909
"../../../Engine/Plugins/FX/Niagara/Binaries/Win64/UnrealEditor.modules" 910
"../../../Engine/Plugins/Experimental/PythonScriptPlugin/Binaries/Win64/UnrealEditor.modules" 911
"../../../Engine/Plugins/Editor/ContentBrowser/ContentBrowserFileDataSource/Binaries/Win64/UnrealEditor.modules" 912
"../../../Engine/Plugins/AudioInsights/Binaries/Win64/UnrealEditor.modules" 913
"../../../Engine/Plugins/Runtime/AudioWidgets/Binaries/Win64/UnrealEditor.modules" 914
"../../../Engine/Plugins/Runtime/AudioSynesthesia/Binaries/Win64/UnrealEditor.modules" 915
"../../../Engine/Plugins/Bridge/Binaries/Win64/UnrealEditor.modules" 916
"../../../Engine/Plugins/MetaHuman/MetaHumanSDK/Binaries/Win64/UnrealEditor.modules" 917
"../../../Engine/Plugins/Animation/ControlRig/Binaries/Win64/UnrealEditor.modules" 918
"../../../Engine/Plugins/Runtime/HairStrands/Binaries/Win64/UnrealEditor.modules" 919
"../../../Engine/Plugins/Animation/RigLogic/Binaries/Win64/UnrealEditor.modules" 920
"../../../Engine/Plugins/Interchange/Runtime/Binaries/Win64/UnrealEditor.modules" 921
"../../../Engine/Plugins/Online/EOSShared/Binaries/Win64/UnrealEditor.modules" 922
"../../../Engine/Plugins/Runtime/RigVM/Binaries/Win64/UnrealEditor.modules" 923
"../../../Engine/Plugins/MovieScene/LevelSequenceEditor/Binaries/Win64/UnrealEditor.modules" 924
"../../../Engine/Plugins/Runtime/PropertyAccess/Binaries/Win64/UnrealEditor.modules" 925
"../../../Engine/Plugins/MovieScene/SequencerScripting/Binaries/Win64/UnrealEditor.modules" 926
"../../../Engine/Plugins/Animation/TweeningUtils/Binaries/Win64/UnrealEditor.modules" 927
"../../../Engine/Plugins/Animation/DeformerGraph/Binaries/Win64/UnrealEditor.modules" 928
"../../../Engine/Plugins/Experimental/Dataflow/Binaries/Win64/UnrealEditor.modules" 929
"../../../Engine/Plugins/Runtime/ComputeFramework/Binaries/Win64/UnrealEditor.modules" 930
"../../../Engine/Plugins/Enterprise/VariantManagerContent/Binaries/Win64/UnrealEditor.modules" 931
"../../../Engine/Plugins/Enterprise/VariantManager/Binaries/Win64/UnrealEditor.modules" 932
"../../../Engine/Plugins/Interchange/Assets/Binaries/Win64/UnrealEditor.modules" 933
"../../../Engine/Plugins/Experimental/CharacterFXEditor/BaseCharacterFXEditor/Binaries/Win64/UnrealEditor.modules" 934
"../../../Engine/Plugins/Runtime/ProceduralMeshComponent/Binaries/Win64/UnrealEditor.modules" 935
"../../../Engine/Plugins/Experimental/ChaosCaching/Binaries/Win64/UnrealEditor.modules" 936
"../../../Engine/Plugins/Experimental/EditorDataStorage/Binaries/Win64/UnrealEditor.modules" 937
"../../../Engine/Plugins/Experimental/EditorDataStorageFeatures/Binaries/Win64/UnrealEditor.modules" 938
"../../../Engine/Plugins/Animation/SkeletalMeshModelingTools/Binaries/Win64/UnrealEditor.modules" 939
"../../../Engine/Plugins/VirtualProduction/Takes/Binaries/Win64/UnrealEditor.modules" 940
"../../../Engine/Plugins/Runtime/AudioCapture/Binaries/Win64/UnrealEditor.modules" 941
"../../../Engine/Plugins/Developer/NamingTokens/Binaries/Win64/UnrealEditor.modules" 942
"../../../Engine/Plugins/Editor/EngineAssetDefinitions/Binaries/Win64/UnrealEditor.modules" 943
"../../../Engine/Plugins/ChaosCloth/Binaries/Win64/UnrealEditor.modules" 944
"../../../Engine/Plugins/ChaosInsights/Binaries/Win64/UnrealEditor.modules" 945
"../../../Engine/Plugins/ChaosVD/Binaries/Win64/UnrealEditor.modules" 946
"../../../Engine/Plugins/CmdLinkServer/Binaries/Win64/UnrealEditor.modules" 947
"../../../Engine/Plugins/EnhancedInput/Binaries/Win64/UnrealEditor.modules" 948
"../../../Engine/Plugins/Editor/DataValidation/Binaries/Win64/UnrealEditor.modules" 949
"../../../Engine/Plugins/Fab/Binaries/Win64/UnrealEditor.modules" 950
"../../../Engine/Plugins/IoStoreInsights/Binaries/Win64/UnrealEditor.modules" 951
"../../../Engine/Plugins/MassInsights/Binaries/Win64/UnrealEditor.modules" 952
"../../../Engine/Plugins/MeshPainting/Binaries/Win64/UnrealEditor.modules" 953
"../../../Engine/Plugins/Interchange/Editor/Binaries/Win64/UnrealEditor.modules" 954
"../../../Engine/Plugins/RenderGraphInsights/Binaries/Win64/UnrealEditor.modules" 955
"../../../Engine/Plugins/TraceUtilities/Binaries/Win64/UnrealEditor.modules" 956
"../../../Engine/Plugins/UbaController/Binaries/Win64/UnrealEditor.modules" 957
"../../../Engine/Plugins/XGEController/Binaries/Win64/UnrealEditor.modules" 958
"../../../Engine/Plugins/WorldMetrics/Binaries/Win64/UnrealEditor.modules" 959
"../../../Engine/Plugins/Experimental/AdvancedRenamer/Binaries/Win64/UnrealEditor.modules" 960
"../../../Engine/Plugins/Experimental/AutomationUtils/Binaries/Win64/UnrealEditor.modules" 961
"../../../Engine/Plugins/Experimental/BackChannel/Binaries/Win64/UnrealEditor.modules" 962
"../../../Engine/Plugins/Experimental/ChaosEditor/Binaries/Win64/UnrealEditor.modules" 963
"../../../Engine/Plugins/Experimental/GeometryCollectionPlugin/Binaries/Win64/UnrealEditor.modules" 964
"../../../Engine/Plugins/Experimental/Fracture/Binaries/Win64/UnrealEditor.modules" 965
"../../../Engine/Plugins/Experimental/ChaosSolverPlugin/Binaries/Win64/UnrealEditor.modules" 966
"../../../Engine/Plugins/Experimental/GeometryDataflow/Binaries/Win64/UnrealEditor.modules" 967
"../../../Engine/Plugins/Experimental/ChaosNiagara/Binaries/Win64/UnrealEditor.modules" 968
"../../../Engine/Plugins/Experimental/ChaosUserDataPT/Binaries/Win64/UnrealEditor.modules" 969
"../../../Engine/Plugins/Experimental/EditorPerformance/Binaries/Win64/UnrealEditor.modules" 970
"../../../Engine/Plugins/Experimental/EditorTelemetry/Binaries/Win64/UnrealEditor.modules" 971
"../../../Engine/Plugins/Experimental/GlobalConfigurationData/Binaries/Win64/UnrealEditor.modules" 972
"../../../Engine/Plugins/Experimental/LocalizableMessage/Binaries/Win64/UnrealEditor.modules" 973
"../../../Engine/Plugins/Experimental/CharacterAI/Binaries/Win64/UnrealEditor.modules" 974
"../../../Engine/Plugins/Experimental/LevelSequenceNavigatorBridge/Binaries/Win64/UnrealEditor.modules" 975
"../../../Engine/Plugins/Experimental/SequenceNavigator/Binaries/Win64/UnrealEditor.modules" 976
"../../../Engine/Plugins/Experimental/NFORDenoise/Binaries/Win64/UnrealEditor.modules" 977
"../../../Engine/Plugins/Experimental/PlatformCrypto/Binaries/Win64/UnrealEditor.modules" 978
"../../../Engine/Plugins/Experimental/RuntimeTelemetry/Binaries/Win64/UnrealEditor.modules" 979
"../../../Engine/Plugins/Experimental/SkeletalReduction/Binaries/Win64/UnrealEditor.modules" 980
"../../../Engine/Plugins/Media/AndroidMedia/Binaries/Win64/UnrealEditor.modules" 981
"../../../Engine/Plugins/Media/AvfMedia/Binaries/Win64/UnrealEditor.modules" 982
"../../../Engine/Plugins/Media/ImgMedia/Binaries/Win64/UnrealEditor.modules" 983
"../../../Engine/Plugins/Media/MediaPlayerEditor/Binaries/Win64/UnrealEditor.modules" 984
"../../../Engine/Plugins/Media/MediaCompositing/Binaries/Win64/UnrealEditor.modules" 985
"../../../Engine/Plugins/Media/MediaPlate/Binaries/Win64/UnrealEditor.modules" 986
"../../../Engine/Plugins/Compositing/CompositeCore/Binaries/Win64/UnrealEditor.modules" 987
"../../../Engine/Plugins/Media/WmfMedia/Binaries/Win64/UnrealEditor.modules" 988
"../../../Engine/Plugins/Messaging/TcpMessaging/Binaries/Win64/UnrealEditor.modules" 989
"../../../Engine/Plugins/Messaging/UdpMessaging/Binaries/Win64/UnrealEditor.modules" 990
"../../../Engine/Plugins/Runtime/AndroidDeviceProfileSelector/Binaries/Win64/UnrealEditor.modules" 991
"../../../Engine/Plugins/Runtime/AndroidPermission/Binaries/Win64/UnrealEditor.modules" 992
"../../../Engine/Plugins/NNE/NNEDenoiser/Binaries/Win64/UnrealEditor.modules" 993
"../../../Engine/Plugins/NNE/NNERuntimeORT/Binaries/Win64/UnrealEditor.modules" 994
"../../../Engine/Plugins/Runtime/AndroidFileServer/Binaries/Win64/UnrealEditor.modules" 995
"../../../Engine/Plugins/Runtime/AppleImageUtils/Binaries/Win64/UnrealEditor.modules" 996
"../../../Engine/Plugins/Runtime/AssetTags/Binaries/Win64/UnrealEditor.modules" 997
"../../../Engine/Plugins/Runtime/ArchVisCharacter/Binaries/Win64/UnrealEditor.modules" 998
"../../../Engine/Plugins/Runtime/CableComponent/Binaries/Win64/UnrealEditor.modules" 999
"../../../Engine/Plugins/Runtime/CustomMeshComponent/Binaries/Win64/UnrealEditor.modules" 1000
"../../../Engine/Plugins/Runtime/ExampleDeviceProfileSelector/Binaries/Win64/UnrealEditor.modules" 1001
"../../../Engine/Plugins/Runtime/ChunkDownloader/Binaries/Win64/UnrealEditor.modules" 1002
"../../../Engine/Plugins/Runtime/ActorLayerUtilities/Binaries/Win64/UnrealEditor.modules" 1003
"../../../Engine/Plugins/Runtime/GooglePAD/Binaries/Win64/UnrealEditor.modules" 1004
"../../../Engine/Plugins/Runtime/InputDebugging/Binaries/Win64/UnrealEditor.modules" 1005
"../../../Engine/Plugins/Runtime/LocationServicesBPLibrary/Binaries/Win64/UnrealEditor.modules" 1006
"../../../Engine/Plugins/Runtime/MsQuic/Binaries/Win64/UnrealEditor.modules" 1007
"../../../Engine/Plugins/Runtime/MobilePatchingUtils/Binaries/Win64/UnrealEditor.modules" 1008
"../../../Engine/Plugins/Runtime/Metasound/Binaries/Win64/UnrealEditor.modules" 1009
"../../../Engine/Plugins/Editor/ContentBrowser/ContentBrowserAssetDataSource/Binaries/Win64/UnrealEditor.modules" 1010
"../../../Engine/Plugins/Runtime/WaveTable/Binaries/Win64/UnrealEditor.modules" 1011
"../../../Engine/Plugins/Runtime/ResonanceAudio/Binaries/Win64/UnrealEditor.modules" 1012
"../../../Engine/Plugins/Runtime/SoundFields/Binaries/Win64/UnrealEditor.modules" 1013
"../../../Engine/Plugins/Runtime/Synthesis/Binaries/Win64/UnrealEditor.modules" 1014
"../../../Engine/Plugins/Runtime/WindowsDeviceProfileSelector/Binaries/Win64/UnrealEditor.modules" 1015
"../../../Engine/Plugins/Runtime/WindowsMoviePlayer/Binaries/Win64/UnrealEditor.modules" 1016
"../../../Engine/Plugins/Developer/AnimationSharing/Binaries/Win64/UnrealEditor.modules" 1017
"../../../Engine/Plugins/Runtime/SignificanceManager/Binaries/Win64/UnrealEditor.modules" 1018
"../../../Engine/Plugins/Developer/CLionSourceCodeAccess/Binaries/Win64/UnrealEditor.modules" 1019
"../../../Engine/Plugins/Runtime/WebMMoviePlayer/Binaries/Win64/UnrealEditor.modules" 1020
"../../../Engine/Plugins/Media/WebMMedia/Binaries/Win64/UnrealEditor.modules" 1021
"../../../Engine/Plugins/Developer/DumpGPUServices/Binaries/Win64/UnrealEditor.modules" 1022
"../../../Engine/Plugins/Developer/GitSourceControl/Binaries/Win64/UnrealEditor.modules" 1023
"../../../Engine/Plugins/Developer/GPUReshape/Binaries/Win64/UnrealEditor.modules" 1024
"../../../Engine/Plugins/Developer/PerforceSourceControl/Binaries/Win64/UnrealEditor.modules" 1025
"../../../Engine/Plugins/Developer/PluginUtils/Binaries/Win64/UnrealEditor.modules" 1026
"../../../Engine/Plugins/Developer/PlasticSourceControl/Binaries/Win64/UnrealEditor.modules" 1027
"../../../Engine/Plugins/Developer/PixWinPlugin/Binaries/Win64/UnrealEditor.modules" 1028
"../../../Engine/Plugins/Developer/ProjectLauncher/Binaries/Win64/UnrealEditor.modules" 1029
"../../../Engine/Plugins/Developer/RenderDocPlugin/Binaries/Win64/UnrealEditor.modules" 1030
"../../../Engine/Plugins/Developer/RiderSourceCodeAccess/Binaries/Win64/UnrealEditor.modules" 1031
"../../../Engine/Plugins/Developer/SubversionSourceControl/Binaries/Win64/UnrealEditor.modules" 1032
"../../../Engine/Plugins/Developer/TextureFormatOodle/Binaries/Win64/UnrealEditor.modules" 1033
"../../../Engine/Plugins/Developer/N10XSourceCodeAccess/Binaries/Win64/UnrealEditor.modules" 1034
"../../../Engine/Plugins/Developer/UObjectPlugin/Binaries/Win64/UnrealEditor.modules" 1035
"../../../Engine/Plugins/Developer/VisualStudioCodeSourceCodeAccess/Binaries/Win64/UnrealEditor.modules" 1036
"../../../Engine/Plugins/Developer/VisualStudioSourceCodeAccess/Binaries/Win64/UnrealEditor.modules" 1037
"../../../Engine/Plugins/FX/Cascade/Binaries/Win64/UnrealEditor.modules" 1038
"../../../Engine/Plugins/Developer/PropertyAccessNode/Binaries/Win64/UnrealEditor.modules" 1039
"../../../Engine/Plugins/FX/NiagaraPreviewContent/Binaries/Win64/UnrealEditor.modules" 1040
"../../../Engine/Plugins/FX/NiagaraSimCaching/Binaries/Win64/UnrealEditor.modules" 1041
"../../../Engine/Plugins/Tests/InterchangeTests/Binaries/Win64/UnrealEditor.modules" 1042
"../../../Engine/Plugins/Portal/LauncherChunkInstaller/Binaries/Win64/UnrealEditor.modules" 1043
"../../../Engine/Plugins/AI/AISupport/Binaries/Win64/UnrealEditor.modules" 1044
"../../../Engine/Plugins/2D/Paper2D/Binaries/Win64/UnrealEditor.modules" 1045
"../../../Engine/Plugins/AI/EnvironmentQueryEditor/Binaries/Win64/UnrealEditor.modules" 1046
"../../../Engine/Plugins/Animation/ACLPlugin/Binaries/Win64/UnrealEditor.modules" 1047
"../../../Engine/Plugins/Animation/AnimationModifierLibrary/Binaries/Win64/UnrealEditor.modules" 1048
"../../../Engine/Plugins/Animation/AnimationData/Binaries/Win64/UnrealEditor.modules" 1049
"../../../Engine/Plugins/Animation/BlendSpaceMotionAnalysis/Binaries/Win64/UnrealEditor.modules" 1050
"../../../Engine/Plugins/Animation/ControlRigSpline/Binaries/Win64/UnrealEditor.modules" 1051
"../../../Engine/Plugins/Animation/EaseCurveTool/Binaries/Win64/UnrealEditor.modules" 1052
"../../../Engine/Plugins/Animation/IKRig/Binaries/Win64/UnrealEditor.modules" 1053
"../../../Engine/Plugins/Experimental/FullBodyIK/Binaries/Win64/UnrealEditor.modules" 1054
"../../../Engine/Plugins/Cameras/CameraShakePreviewer/Binaries/Win64/UnrealEditor.modules" 1055
"../../../Engine/Plugins/Cameras/GameplayCameras/Binaries/Win64/UnrealEditor.modules" 1056
"../../../Engine/Plugins/Runtime/StateTree/Binaries/Win64/UnrealEditor.modules" 1057
"../../../Engine/Plugins/MovieScene/TemplateSequence/Binaries/Win64/UnrealEditor.modules" 1058
"../../../Engine/Plugins/Animation/GameplayInsights/Binaries/Win64/UnrealEditor.modules" 1059
"../../../Engine/Plugins/Runtime/PropertyBindingUtils/Binaries/Win64/UnrealEditor.modules" 1060
"../../../Engine/Plugins/Cameras/EngineCameras/Binaries/Win64/UnrealEditor.modules" 1061
"../../../Engine/Plugins/Compression/OodleNetwork/Binaries/Win64/UnrealEditor.modules" 1062
"../../../Engine/Plugins/Editor/BlueprintHeaderView/Binaries/Win64/UnrealEditor.modules" 1063
"../../../Engine/Plugins/Editor/AssetManagerEditor/Binaries/Win64/UnrealEditor.modules" 1064
"../../../Engine/Plugins/Editor/ChangelistReview/Binaries/Win64/UnrealEditor.modules" 1065
"../../../Engine/Plugins/Editor/ColorGrading/Binaries/Win64/UnrealEditor.modules" 1066
"../../../Engine/Plugins/Editor/ObjectMixer/ObjectMixer/Binaries/Win64/UnrealEditor.modules" 1067
"../../../Engine/Plugins/Editor/CryptoKeys/Binaries/Win64/UnrealEditor.modules" 1068
"../../../Engine/Plugins/Editor/CurveEditorTools/Binaries/Win64/UnrealEditor.modules" 1069
"../../../Engine/Plugins/Editor/EditorDebugTools/Binaries/Win64/UnrealEditor.modules" 1070
"../../../Engine/Plugins/Editor/GameplayTagsEditor/Binaries/Win64/UnrealEditor.modules" 1071
"../../../Engine/Plugins/Editor/FacialAnimation/Binaries/Win64/UnrealEditor.modules" 1072
"../../../Engine/Plugins/Editor/MaterialAnalyzer/Binaries/Win64/UnrealEditor.modules" 1073
"../../../Engine/Plugins/Editor/GeometryMode/Binaries/Win64/UnrealEditor.modules" 1074
"../../../Engine/Plugins/Editor/MobileLauncherProfileWizard/Binaries/Win64/UnrealEditor.modules" 1075
"../../../Engine/Plugins/Editor/PluginBrowser/Binaries/Win64/UnrealEditor.modules" 1076
"../../../Engine/Plugins/Editor/SequencerAnimTools/Binaries/Win64/UnrealEditor.modules" 1077
"../../../Engine/Plugins/Editor/SpeedTreeImporter/Binaries/Win64/UnrealEditor.modules" 1078
"../../../Engine/Plugins/Editor/UMGWidgetPreview/Binaries/Win64/UnrealEditor.modules" 1079
"../../../Engine/Plugins/Editor/UVEditor/Binaries/Win64/UnrealEditor.modules" 1080
"../../../Engine/Plugins/Editor/WorldPartitionHLODUtilities/Binaries/Win64/UnrealEditor.modules" 1081
"../../../Engine/Plugins/Enterprise/DatasmithContent/Binaries/Win64/UnrealEditor.modules" 1082
"../../../Engine/Plugins/Enterprise/GLTFExporter/Binaries/Win64/UnrealEditor.modules" 1083
"../../../Engine/Plugins/Importers/AlembicImporter/Binaries/Win64/UnrealEditor.modules" 1084
"../../../Engine/Plugins/MovieScene/ActorSequence/Binaries/Win64/UnrealEditor.modules" 1085
"../../../Engine/Plugins/MovieScene/SequenceValidator/Binaries/Win64/UnrealEditor.modules" 1086
"../../../Engine/Plugins/Online/OnlineBase/Binaries/Win64/UnrealEditor.modules" 1087
"../../../Engine/Plugins/Online/OnlineSubsystem/Binaries/Win64/UnrealEditor.modules" 1088
"../../../Engine/Plugins/Online/OnlineSubsystemNull/Binaries/Win64/UnrealEditor.modules" 1089
"../../../Engine/Plugins/Online/OnlineSubsystemUtils/Binaries/Win64/UnrealEditor.modules" 1090
"../../../Engine/Plugins/Online/OnlineServices/Binaries/Win64/UnrealEditor.modules" 1091
"../../../Engine/Plugins/Runtime/Windows/XInputDevice/Binaries/Win64/UnrealEditor.modules" 1092
"../../../Engine/Plugins/Editor/ContentBrowser/ContentBrowserClassDataSource/Binaries/Win64/UnrealEditor.modules" 1093
"../../../Engine/Plugins/Editor/Localization/PortableObjectFileDataSource/Binaries/Win64/UnrealEditor.modules" 1094
"../../../Engine/Plugins/Editor/ObjectMixer/LightMixer/Binaries/Win64/UnrealEditor.modules" 1095
"../../../Engine/Config/BaseSourceControlSettings.ini" 1096
"../../../Engine/Content/Internationalization/icudt64l/coll/ucadata.icu" 1097
"../../../Engine/Content/Internationalization/icudt64l/coll/en_US.res" 1098
"../../../Engine/Content/Internationalization/icudt64l/coll/en.res" 1099
"../../../Engine/Content/Internationalization/icudt64l/coll/root.res" 1100
"../../../Engine/Content/Certificates/ThirdParty/cacert.pem" 1101
"../../../Engine/Config/ConsoleVariables.ini" 1102
"../../../Engine/Binaries/Win64/Android/UnrealEditor.modules" 1103
"../../../Engine/Binaries/Win64/IOS/UnrealEditor.modules" 1104
"../../../Engine/Binaries/Win64/Linux/UnrealEditor.modules" 1105
"../../../Engine/Content/Localization/Editor/en/Editor.locres" 1106
"../../../Engine/Content/Localization/Keywords/en/Keywords.locres" 1107
"../../../Engine/Content/Localization/Category/en/Category.locres" 1108
"../../../Engine/Content/Localization/ToolTips/en/ToolTips.locres" 1109
"../../../Engine/Content/Localization/PropertyNames/en/PropertyNames.locres" 1110
"../../../Engine/Content/Localization/Engine/en/Engine.locres" 1111
"../../../Engine/Plugins/MetaHuman/MetaHumanSDK/Content/Localization/MetaHumanSDK/en/MetaHumanSDK.locres" 1112
"../../../Engine/Plugins/MetaHuman/MetaHumanSDK/Content/Localization/MetaHumanSDK_Properties/en/MetaHumanSDK_Properties.locres" 1113
"../../../Engine/Plugins/MetaHuman/MetaHumanSDK/Content/Localization/MetaHumanSDK_Tooltips/en/MetaHumanSDK_Tooltips.locres" 1114
"../../../Engine/Plugins/Online/OnlineSubsystem/Content/Localization/OnlineSubsystem/en/OnlineSubsystem.locres" 1115
"../../../Engine/Plugins/Online/OnlineSubsystemUtils/Content/Localization/OnlineSubsystemUtils/en/OnlineSubsystemUtils.locres" 1116
"../../../Engine/Plugins/Online/IOS/OnlineSubsystemIOS/Content/Localization/OnlineSubsystemIOS/en/OnlineSubsystemIOS.locres" 1117
"../../../Engine/Plugins/Online/Android/OnlineSubsystemGooglePlay/Content/Localization/OnlineSubsystemGooglePlay/en/OnlineSubsystemGooglePlay.locres" 1118
"../../../Engine/Content/Internationalization/icudt64l/numberingSystems.res" 1119
"../../../Engine/Content/Internationalization/icudt64l/curr/supplementalData.res" 1120
"../../../Engine/Content/Internationalization/icudt64l/curr/en.res" 1121
"../../../Engine/Content/Internationalization/icudt64l/curr/pool.res" 1122
"../../../Engine/Content/Internationalization/icudt64l/curr/root.res" 1123
"../../../Engine/Content/Internationalization/icudt64l/lang/af.res" 1124
"../../../Engine/Content/Internationalization/icudt64l/region/af.res" 1125
"../../../Engine/Content/Internationalization/icudt64l/lang/agq.res" 1126
"../../../Engine/Content/Internationalization/icudt64l/region/agq.res" 1127
"../../../Engine/Content/Internationalization/icudt64l/lang/ak.res" 1128
"../../../Engine/Content/Internationalization/icudt64l/region/ak.res" 1129
"../../../Engine/Content/Internationalization/icudt64l/lang/am.res" 1130
"../../../Engine/Content/Internationalization/icudt64l/region/am.res" 1131
"../../../Engine/Content/Internationalization/icudt64l/lang/ar.res" 1132
"../../../Engine/Content/Internationalization/icudt64l/region/ar.res" 1133
"../../../Engine/Content/Internationalization/icudt64l/region/ar_AE.res" 1134
"../../../Engine/Content/Internationalization/icudt64l/lang/ar_EG.res" 1135
"../../../Engine/Content/Internationalization/icudt64l/lang/ar_LY.res" 1136
"../../../Engine/Content/Internationalization/icudt64l/region/ar_LY.res" 1137
"../../../Engine/Content/Internationalization/icudt64l/lang/ar_SA.res" 1138
"../../../Engine/Content/Internationalization/icudt64l/region/ar_SA.res" 1139
"../../../Engine/Content/Internationalization/icudt64l/lang/as.res" 1140
"../../../Engine/Content/Internationalization/icudt64l/region/as.res" 1141
"../../../Engine/Content/Internationalization/icudt64l/lang/asa.res" 1142
"../../../Engine/Content/Internationalization/icudt64l/region/asa.res" 1143
"../../../Engine/Content/Internationalization/icudt64l/lang/ast.res" 1144
"../../../Engine/Content/Internationalization/icudt64l/region/ast.res" 1145
"../../../Engine/Content/Internationalization/icudt64l/lang/az.res" 1146
"../../../Engine/Content/Internationalization/icudt64l/lang/az_Cyrl.res" 1147
"../../../Engine/Content/Internationalization/icudt64l/lang/az_AZ.res" 1148
"../../../Engine/Content/Internationalization/icudt64l/lang/az_Latn_AZ.res" 1149
"../../../Engine/Content/Internationalization/icudt64l/lang/az_Latn.res" 1150
"../../../Engine/Content/Internationalization/icudt64l/region/az_AZ.res" 1151
"../../../Engine/Content/Internationalization/icudt64l/region/az_Latn_AZ.res" 1152
"../../../Engine/Content/Internationalization/icudt64l/region/az_Latn.res" 1153
"../../../Engine/Content/Internationalization/icudt64l/region/az.res" 1154
"../../../Engine/Content/Internationalization/icudt64l/region/az_Cyrl.res" 1155
"../../../Engine/Content/Internationalization/icudt64l/lang/bas.res" 1156
"../../../Engine/Content/Internationalization/icudt64l/region/bas.res" 1157
"../../../Engine/Content/Internationalization/icudt64l/lang/be.res" 1158
"../../../Engine/Content/Internationalization/icudt64l/region/be.res" 1159
"../../../Engine/Content/Internationalization/icudt64l/lang/bem.res" 1160
"../../../Engine/Content/Internationalization/icudt64l/region/bem.res" 1161
"../../../Engine/Content/Internationalization/icudt64l/lang/bez.res" 1162
"../../../Engine/Content/Internationalization/icudt64l/region/bez.res" 1163
"../../../Engine/Content/Internationalization/icudt64l/lang/bg.res" 1164
"../../../Engine/Content/Internationalization/icudt64l/region/bg.res" 1165
"../../../Engine/Content/Internationalization/icudt64l/lang/bm.res" 1166
"../../../Engine/Content/Internationalization/icudt64l/region/bm.res" 1167
"../../../Engine/Content/Internationalization/icudt64l/lang/bn.res" 1168
"../../../Engine/Content/Internationalization/icudt64l/region/bn.res" 1169
"../../../Engine/Content/Internationalization/icudt64l/lang/bn_IN.res" 1170
"../../../Engine/Content/Internationalization/icudt64l/region/bn_IN.res" 1171
"../../../Engine/Content/Internationalization/icudt64l/lang/bo.res" 1172
"../../../Engine/Content/Internationalization/icudt64l/region/bo.res" 1173
"../../../Engine/Content/Internationalization/icudt64l/region/bo_IN.res" 1174
"../../../Engine/Content/Internationalization/icudt64l/lang/br.res" 1175
"../../../Engine/Content/Internationalization/icudt64l/region/br.res" 1176
"../../../Engine/Content/Internationalization/icudt64l/lang/brx.res" 1177
"../../../Engine/Content/Internationalization/icudt64l/region/brx.res" 1178
"../../../Engine/Content/Internationalization/icudt64l/lang/bs.res" 1179
"../../../Engine/Content/Internationalization/icudt64l/lang/bs_Cyrl.res" 1180
"../../../Engine/Content/Internationalization/icudt64l/lang/bs_BA.res" 1181
"../../../Engine/Content/Internationalization/icudt64l/lang/bs_Latn_BA.res" 1182
"../../../Engine/Content/Internationalization/icudt64l/lang/bs_Latn.res" 1183
"../../../Engine/Content/Internationalization/icudt64l/region/bs_BA.res" 1184
"../../../Engine/Content/Internationalization/icudt64l/region/bs_Latn_BA.res" 1185
"../../../Engine/Content/Internationalization/icudt64l/region/bs_Latn.res" 1186
"../../../Engine/Content/Internationalization/icudt64l/region/bs.res" 1187
"../../../Engine/Content/Internationalization/icudt64l/region/bs_Cyrl.res" 1188
"../../../Engine/Content/Internationalization/icudt64l/lang/ca.res" 1189
"../../../Engine/Content/Internationalization/icudt64l/region/ca.res" 1190
"../../../Engine/Content/Internationalization/icudt64l/lang/ccp.res" 1191
"../../../Engine/Content/Internationalization/icudt64l/region/ccp.res" 1192
"../../../Engine/Content/Internationalization/icudt64l/lang/ce.res" 1193
"../../../Engine/Content/Internationalization/icudt64l/region/ce.res" 1194
"../../../Engine/Content/Internationalization/icudt64l/lang/ceb.res" 1195
"../../../Engine/Content/Internationalization/icudt64l/region/ceb.res" 1196
"../../../Engine/Content/Internationalization/icudt64l/lang/cgg.res" 1197
"../../../Engine/Content/Internationalization/icudt64l/region/cgg.res" 1198
"../../../Engine/Content/Internationalization/icudt64l/lang/chr.res" 1199
"../../../Engine/Content/Internationalization/icudt64l/region/chr.res" 1200
"../../../Engine/Content/Internationalization/icudt64l/lang/ckb.res" 1201
"../../../Engine/Content/Internationalization/icudt64l/region/ckb.res" 1202
"../../../Engine/Content/Internationalization/icudt64l/lang/cs.res" 1203
"../../../Engine/Content/Internationalization/icudt64l/region/cs.res" 1204
"../../../Engine/Content/Internationalization/icudt64l/lang/cy.res" 1205
"../../../Engine/Content/Internationalization/icudt64l/region/cy.res" 1206
"../../../Engine/Content/Internationalization/icudt64l/lang/da.res" 1207
"../../../Engine/Content/Internationalization/icudt64l/region/da.res" 1208
"../../../Engine/Content/Internationalization/icudt64l/lang/dav.res" 1209
"../../../Engine/Content/Internationalization/icudt64l/region/dav.res" 1210
"../../../Engine/Content/Internationalization/icudt64l/lang/de.res" 1211
"../../../Engine/Content/Internationalization/icudt64l/lang/de_AT.res" 1212
"../../../Engine/Content/Internationalization/icudt64l/region/de_AT.res" 1213
"../../../Engine/Content/Internationalization/icudt64l/region/de.res" 1214
"../../../Engine/Content/Internationalization/icudt64l/lang/de_CH.res" 1215
"../../../Engine/Content/Internationalization/icudt64l/region/de_CH.res" 1216
"../../../Engine/Content/Internationalization/icudt64l/lang/de_LU.res" 1217
"../../../Engine/Content/Internationalization/icudt64l/lang/dje.res" 1218
"../../../Engine/Content/Internationalization/icudt64l/region/dje.res" 1219
"../../../Engine/Content/Internationalization/icudt64l/lang/dsb.res" 1220
"../../../Engine/Content/Internationalization/icudt64l/region/dsb.res" 1221
"../../../Engine/Content/Internationalization/icudt64l/lang/dua.res" 1222
"../../../Engine/Content/Internationalization/icudt64l/region/dua.res" 1223
"../../../Engine/Content/Internationalization/icudt64l/lang/dyo.res" 1224
"../../../Engine/Content/Internationalization/icudt64l/region/dyo.res" 1225
"../../../Engine/Content/Internationalization/icudt64l/lang/dz.res" 1226
"../../../Engine/Content/Internationalization/icudt64l/region/dz.res" 1227
"../../../Engine/Content/Internationalization/icudt64l/lang/ebu.res" 1228
"../../../Engine/Content/Internationalization/icudt64l/region/ebu.res" 1229
"../../../Engine/Content/Internationalization/icudt64l/lang/ee.res" 1230
"../../../Engine/Content/Internationalization/icudt64l/region/ee.res" 1231
"../../../Engine/Content/Internationalization/icudt64l/lang/el.res" 1232
"../../../Engine/Content/Internationalization/icudt64l/region/el.res" 1233
"../../../Engine/Content/Internationalization/icudt64l/lang/en_001.res" 1234
"../../../Engine/Content/Internationalization/icudt64l/lang/en_150.res" 1235
"../../../Engine/Content/Internationalization/icudt64l/region/en_150.res" 1236
"../../../Engine/Content/Internationalization/icudt64l/lang/en_AG.res" 1237
"../../../Engine/Content/Internationalization/icudt64l/region/en_AG.res" 1238
"../../../Engine/Content/Internationalization/icudt64l/lang/en_AI.res" 1239
"../../../Engine/Content/Internationalization/icudt64l/region/en_AI.res" 1240
"../../../Engine/Content/Internationalization/icudt64l/lang/en_AT.res" 1241
"../../../Engine/Content/Internationalization/icudt64l/region/en_AT.res" 1242
"../../../Engine/Content/Internationalization/icudt64l/lang/en_AU.res" 1243
"../../../Engine/Content/Internationalization/icudt64l/region/en_AU.res" 1244
"../../../Engine/Content/Internationalization/icudt64l/lang/en_BB.res" 1245
"../../../Engine/Content/Internationalization/icudt64l/region/en_BB.res" 1246
"../../../Engine/Content/Internationalization/icudt64l/lang/en_BE.res" 1247
"../../../Engine/Content/Internationalization/icudt64l/region/en_BE.res" 1248
"../../../Engine/Content/Internationalization/icudt64l/lang/en_BM.res" 1249
"../../../Engine/Content/Internationalization/icudt64l/region/en_BM.res" 1250
"../../../Engine/Content/Internationalization/icudt64l/lang/en_BS.res" 1251
"../../../Engine/Content/Internationalization/icudt64l/region/en_BS.res" 1252
"../../../Engine/Content/Internationalization/icudt64l/lang/en_BW.res" 1253
"../../../Engine/Content/Internationalization/icudt64l/region/en_BW.res" 1254
"../../../Engine/Content/Internationalization/icudt64l/lang/en_BZ.res" 1255
"../../../Engine/Content/Internationalization/icudt64l/region/en_BZ.res" 1256
"../../../Engine/Content/Internationalization/icudt64l/lang/en_CA.res" 1257
"../../../Engine/Content/Internationalization/icudt64l/region/en_CA.res" 1258
"../../../Engine/Content/Internationalization/icudt64l/lang/en_CC.res" 1259
"../../../Engine/Content/Internationalization/icudt64l/region/en_CC.res" 1260
"../../../Engine/Content/Internationalization/icudt64l/lang/en_CH.res" 1261
"../../../Engine/Content/Internationalization/icudt64l/region/en_CH.res" 1262
"../../../Engine/Content/Internationalization/icudt64l/lang/en_CK.res" 1263
"../../../Engine/Content/Internationalization/icudt64l/region/en_CK.res" 1264
"../../../Engine/Content/Internationalization/icudt64l/lang/en_CM.res" 1265
"../../../Engine/Content/Internationalization/icudt64l/region/en_CM.res" 1266
"../../../Engine/Content/Internationalization/icudt64l/lang/en_CX.res" 1267
"../../../Engine/Content/Internationalization/icudt64l/region/en_CX.res" 1268
"../../../Engine/Content/Internationalization/icudt64l/lang/en_CY.res" 1269
"../../../Engine/Content/Internationalization/icudt64l/region/en_CY.res" 1270
"../../../Engine/Content/Internationalization/icudt64l/lang/en_DE.res" 1271
"../../../Engine/Content/Internationalization/icudt64l/region/en_DE.res" 1272
"../../../Engine/Content/Internationalization/icudt64l/lang/en_DG.res" 1273
"../../../Engine/Content/Internationalization/icudt64l/region/en_DG.res" 1274
"../../../Engine/Content/Internationalization/icudt64l/lang/en_DK.res" 1275
"../../../Engine/Content/Internationalization/icudt64l/region/en_DK.res" 1276
"../../../Engine/Content/Internationalization/icudt64l/lang/en_DM.res" 1277
"../../../Engine/Content/Internationalization/icudt64l/region/en_DM.res" 1278
"../../../Engine/Content/Internationalization/icudt64l/lang/en_ER.res" 1279
"../../../Engine/Content/Internationalization/icudt64l/region/en_ER.res" 1280
"../../../Engine/Content/Internationalization/icudt64l/lang/en_FI.res" 1281
"../../../Engine/Content/Internationalization/icudt64l/region/en_FI.res" 1282
"../../../Engine/Content/Internationalization/icudt64l/lang/en_FJ.res" 1283
"../../../Engine/Content/Internationalization/icudt64l/region/en_FJ.res" 1284
"../../../Engine/Content/Internationalization/icudt64l/lang/en_FK.res" 1285
"../../../Engine/Content/Internationalization/icudt64l/region/en_FK.res" 1286
"../../../Engine/Content/Internationalization/icudt64l/lang/en_FM.res" 1287
"../../../Engine/Content/Internationalization/icudt64l/region/en_FM.res" 1288
"../../../Engine/Content/Internationalization/icudt64l/lang/en_GB.res" 1289
"../../../Engine/Content/Internationalization/icudt64l/region/en_GB.res" 1290
"../../../Engine/Content/Internationalization/icudt64l/lang/en_GD.res" 1291
"../../../Engine/Content/Internationalization/icudt64l/region/en_GD.res" 1292
"../../../Engine/Content/Internationalization/icudt64l/lang/en_GG.res" 1293
"../../../Engine/Content/Internationalization/icudt64l/region/en_GG.res" 1294
"../../../Engine/Content/Internationalization/icudt64l/lang/en_GH.res" 1295
"../../../Engine/Content/Internationalization/icudt64l/region/en_GH.res" 1296
"../../../Engine/Content/Internationalization/icudt64l/lang/en_GI.res" 1297
"../../../Engine/Content/Internationalization/icudt64l/region/en_GI.res" 1298
"../../../Engine/Content/Internationalization/icudt64l/lang/en_GM.res" 1299
"../../../Engine/Content/Internationalization/icudt64l/region/en_GM.res" 1300
"../../../Engine/Content/Internationalization/icudt64l/lang/en_GY.res" 1301
"../../../Engine/Content/Internationalization/icudt64l/region/en_GY.res" 1302
"../../../Engine/Content/Internationalization/icudt64l/lang/en_HK.res" 1303
"../../../Engine/Content/Internationalization/icudt64l/region/en_HK.res" 1304
"../../../Engine/Content/Internationalization/icudt64l/lang/en_IE.res" 1305
"../../../Engine/Content/Internationalization/icudt64l/region/en_IE.res" 1306
"../../../Engine/Content/Internationalization/icudt64l/lang/en_IL.res" 1307
"../../../Engine/Content/Internationalization/icudt64l/region/en_IL.res" 1308
"../../../Engine/Content/Internationalization/icudt64l/lang/en_IM.res" 1309
"../../../Engine/Content/Internationalization/icudt64l/region/en_IM.res" 1310
"../../../Engine/Content/Internationalization/icudt64l/lang/en_IN.res" 1311
"../../../Engine/Content/Internationalization/icudt64l/region/en_IN.res" 1312
"../../../Engine/Content/Internationalization/icudt64l/lang/en_IO.res" 1313
"../../../Engine/Content/Internationalization/icudt64l/region/en_IO.res" 1314
"../../../Engine/Content/Internationalization/icudt64l/lang/en_JE.res" 1315
"../../../Engine/Content/Internationalization/icudt64l/region/en_JE.res" 1316
"../../../Engine/Content/Internationalization/icudt64l/lang/en_JM.res" 1317
"../../../Engine/Content/Internationalization/icudt64l/region/en_JM.res" 1318
"../../../Engine/Content/Internationalization/icudt64l/lang/en_KE.res" 1319
"../../../Engine/Content/Internationalization/icudt64l/region/en_KE.res" 1320
"../../../Engine/Content/Internationalization/icudt64l/lang/en_KI.res" 1321
"../../../Engine/Content/Internationalization/icudt64l/region/en_KI.res" 1322
"../../../Engine/Content/Internationalization/icudt64l/lang/en_KN.res" 1323
"../../../Engine/Content/Internationalization/icudt64l/region/en_KN.res" 1324
"../../../Engine/Content/Internationalization/icudt64l/lang/en_KY.res" 1325
"../../../Engine/Content/Internationalization/icudt64l/region/en_KY.res" 1326
"../../../Engine/Content/Internationalization/icudt64l/lang/en_LC.res" 1327
"../../../Engine/Content/Internationalization/icudt64l/region/en_LC.res" 1328
"../../../Engine/Content/Internationalization/icudt64l/lang/en_LR.res" 1329
"../../../Engine/Content/Internationalization/icudt64l/region/en_LR.res" 1330
"../../../Engine/Content/Internationalization/icudt64l/lang/en_LS.res" 1331
"../../../Engine/Content/Internationalization/icudt64l/region/en_LS.res" 1332
"../../../Engine/Content/Internationalization/icudt64l/lang/en_MG.res" 1333
"../../../Engine/Content/Internationalization/icudt64l/region/en_MG.res" 1334
"../../../Engine/Content/Internationalization/icudt64l/lang/en_MO.res" 1335
"../../../Engine/Content/Internationalization/icudt64l/region/en_MO.res" 1336
"../../../Engine/Content/Internationalization/icudt64l/lang/en_MS.res" 1337
"../../../Engine/Content/Internationalization/icudt64l/region/en_MS.res" 1338
"../../../Engine/Content/Internationalization/icudt64l/lang/en_MT.res" 1339
"../../../Engine/Content/Internationalization/icudt64l/region/en_MT.res" 1340
"../../../Engine/Content/Internationalization/icudt64l/lang/en_MU.res" 1341
"../../../Engine/Content/Internationalization/icudt64l/region/en_MU.res" 1342
"../../../Engine/Content/Internationalization/icudt64l/lang/en_MW.res" 1343
"../../../Engine/Content/Internationalization/icudt64l/region/en_MW.res" 1344
"../../../Engine/Content/Internationalization/icudt64l/lang/en_MY.res" 1345
"../../../Engine/Content/Internationalization/icudt64l/region/en_MY.res" 1346
"../../../Engine/Content/Internationalization/icudt64l/lang/en_NA.res" 1347
"../../../Engine/Content/Internationalization/icudt64l/region/en_NA.res" 1348
"../../../Engine/Content/Internationalization/icudt64l/lang/en_NF.res" 1349
"../../../Engine/Content/Internationalization/icudt64l/region/en_NF.res" 1350
"../../../Engine/Content/Internationalization/icudt64l/lang/en_NG.res" 1351
"../../../Engine/Content/Internationalization/icudt64l/region/en_NG.res" 1352
"../../../Engine/Content/Internationalization/icudt64l/lang/en_NL.res" 1353
"../../../Engine/Content/Internationalization/icudt64l/region/en_NL.res" 1354
"../../../Engine/Content/Internationalization/icudt64l/lang/en_NR.res" 1355
"../../../Engine/Content/Internationalization/icudt64l/region/en_NR.res" 1356
"../../../Engine/Content/Internationalization/icudt64l/lang/en_NU.res" 1357
"../../../Engine/Content/Internationalization/icudt64l/region/en_NU.res" 1358
"../../../Engine/Content/Internationalization/icudt64l/lang/en_NZ.res" 1359
"../../../Engine/Content/Internationalization/icudt64l/region/en_NZ.res" 1360
"../../../Engine/Content/Internationalization/icudt64l/lang/en_PG.res" 1361
"../../../Engine/Content/Internationalization/icudt64l/region/en_PG.res" 1362
"../../../Engine/Content/Internationalization/icudt64l/lang/en_PH.res" 1363
"../../../Engine/Content/Internationalization/icudt64l/region/en_PH.res" 1364
"../../../Engine/Content/Internationalization/icudt64l/lang/en_PK.res" 1365
"../../../Engine/Content/Internationalization/icudt64l/region/en_PK.res" 1366
"../../../Engine/Content/Internationalization/icudt64l/lang/en_PN.res" 1367
"../../../Engine/Content/Internationalization/icudt64l/region/en_PN.res" 1368
"../../../Engine/Content/Internationalization/icudt64l/lang/en_PW.res" 1369
"../../../Engine/Content/Internationalization/icudt64l/region/en_PW.res" 1370
"../../../Engine/Content/Internationalization/icudt64l/lang/en_RW.res" 1371
"../../../Engine/Content/Internationalization/icudt64l/region/en_RW.res" 1372
"../../../Engine/Content/Internationalization/icudt64l/lang/en_SB.res" 1373
"../../../Engine/Content/Internationalization/icudt64l/region/en_SB.res" 1374
"../../../Engine/Content/Internationalization/icudt64l/lang/en_SC.res" 1375
"../../../Engine/Content/Internationalization/icudt64l/region/en_SC.res" 1376
"../../../Engine/Content/Internationalization/icudt64l/lang/en_SD.res" 1377
"../../../Engine/Content/Internationalization/icudt64l/region/en_SD.res" 1378
"../../../Engine/Content/Internationalization/icudt64l/lang/en_SE.res" 1379
"../../../Engine/Content/Internationalization/icudt64l/region/en_SE.res" 1380
"../../../Engine/Content/Internationalization/icudt64l/lang/en_SG.res" 1381
"../../../Engine/Content/Internationalization/icudt64l/region/en_SG.res" 1382
"../../../Engine/Content/Internationalization/icudt64l/lang/en_SH.res" 1383
"../../../Engine/Content/Internationalization/icudt64l/region/en_SH.res" 1384
"../../../Engine/Content/Internationalization/icudt64l/lang/en_SI.res" 1385
"../../../Engine/Content/Internationalization/icudt64l/region/en_SI.res" 1386
"../../../Engine/Content/Internationalization/icudt64l/lang/en_SL.res" 1387
"../../../Engine/Content/Internationalization/icudt64l/region/en_SL.res" 1388
"../../../Engine/Content/Internationalization/icudt64l/lang/en_SS.res" 1389
"../../../Engine/Content/Internationalization/icudt64l/region/en_SS.res" 1390
"../../../Engine/Content/Internationalization/icudt64l/lang/en_SX.res" 1391
"../../../Engine/Content/Internationalization/icudt64l/region/en_SX.res" 1392
"../../../Engine/Content/Internationalization/icudt64l/lang/en_SZ.res" 1393
"../../../Engine/Content/Internationalization/icudt64l/region/en_SZ.res" 1394
"../../../Engine/Content/Internationalization/icudt64l/lang/en_TC.res" 1395
"../../../Engine/Content/Internationalization/icudt64l/region/en_TC.res" 1396
"../../../Engine/Content/Internationalization/icudt64l/lang/en_TK.res" 1397
"../../../Engine/Content/Internationalization/icudt64l/region/en_TK.res" 1398
"../../../Engine/Content/Internationalization/icudt64l/lang/en_TO.res" 1399
"../../../Engine/Content/Internationalization/icudt64l/region/en_TO.res" 1400
"../../../Engine/Content/Internationalization/icudt64l/lang/en_TT.res" 1401
"../../../Engine/Content/Internationalization/icudt64l/region/en_TT.res" 1402
"../../../Engine/Content/Internationalization/icudt64l/lang/en_TV.res" 1403
"../../../Engine/Content/Internationalization/icudt64l/region/en_TV.res" 1404
"../../../Engine/Content/Internationalization/icudt64l/lang/en_TZ.res" 1405
"../../../Engine/Content/Internationalization/icudt64l/region/en_TZ.res" 1406
"../../../Engine/Content/Internationalization/icudt64l/lang/en_UG.res" 1407
"../../../Engine/Content/Internationalization/icudt64l/region/en_UG.res" 1408
"../../../Engine/Content/Internationalization/icudt64l/lang/en_VC.res" 1409
"../../../Engine/Content/Internationalization/icudt64l/region/en_VC.res" 1410
"../../../Engine/Content/Internationalization/icudt64l/lang/en_VG.res" 1411
"../../../Engine/Content/Internationalization/icudt64l/region/en_VG.res" 1412
"../../../Engine/Content/Internationalization/icudt64l/lang/en_VU.res" 1413
"../../../Engine/Content/Internationalization/icudt64l/region/en_VU.res" 1414
"../../../Engine/Content/Internationalization/icudt64l/lang/en_WS.res" 1415
"../../../Engine/Content/Internationalization/icudt64l/region/en_WS.res" 1416
"../../../Engine/Content/Internationalization/icudt64l/lang/en_ZA.res" 1417
"../../../Engine/Content/Internationalization/icudt64l/region/en_ZA.res" 1418
"../../../Engine/Content/Internationalization/icudt64l/lang/en_ZM.res" 1419
"../../../Engine/Content/Internationalization/icudt64l/region/en_ZM.res" 1420
"../../../Engine/Content/Internationalization/icudt64l/lang/en_ZW.res" 1421
"../../../Engine/Content/Internationalization/icudt64l/region/en_ZW.res" 1422
"../../../Engine/Content/Internationalization/icudt64l/lang/eo.res" 1423
"../../../Engine/Content/Internationalization/icudt64l/region/eo.res" 1424
"../../../Engine/Content/Internationalization/icudt64l/lang/es.res" 1425
"../../../Engine/Content/Internationalization/icudt64l/lang/es_419.res" 1426
"../../../Engine/Content/Internationalization/icudt64l/region/es_419.res" 1427
"../../../Engine/Content/Internationalization/icudt64l/region/es.res" 1428
"../../../Engine/Content/Internationalization/icudt64l/lang/es_AR.res" 1429
"../../../Engine/Content/Internationalization/icudt64l/region/es_AR.res" 1430
"../../../Engine/Content/Internationalization/icudt64l/lang/es_BO.res" 1431
"../../../Engine/Content/Internationalization/icudt64l/region/es_BO.res" 1432
"../../../Engine/Content/Internationalization/icudt64l/lang/es_BR.res" 1433
"../../../Engine/Content/Internationalization/icudt64l/region/es_BR.res" 1434
"../../../Engine/Content/Internationalization/icudt64l/lang/es_BZ.res" 1435
"../../../Engine/Content/Internationalization/icudt64l/region/es_BZ.res" 1436
"../../../Engine/Content/Internationalization/icudt64l/lang/es_CL.res" 1437
"../../../Engine/Content/Internationalization/icudt64l/region/es_CL.res" 1438
"../../../Engine/Content/Internationalization/icudt64l/lang/es_CO.res" 1439
"../../../Engine/Content/Internationalization/icudt64l/region/es_CO.res" 1440
"../../../Engine/Content/Internationalization/icudt64l/lang/es_CR.res" 1441
"../../../Engine/Content/Internationalization/icudt64l/region/es_CR.res" 1442
"../../../Engine/Content/Internationalization/icudt64l/lang/es_CU.res" 1443
"../../../Engine/Content/Internationalization/icudt64l/region/es_CU.res" 1444
"../../../Engine/Content/Internationalization/icudt64l/lang/es_DO.res" 1445
"../../../Engine/Content/Internationalization/icudt64l/region/es_DO.res" 1446
"../../../Engine/Content/Internationalization/icudt64l/lang/es_EC.res" 1447
"../../../Engine/Content/Internationalization/icudt64l/region/es_EC.res" 1448
"../../../Engine/Content/Internationalization/icudt64l/lang/es_GT.res" 1449
"../../../Engine/Content/Internationalization/icudt64l/region/es_GT.res" 1450
"../../../Engine/Content/Internationalization/icudt64l/lang/es_HN.res" 1451
"../../../Engine/Content/Internationalization/icudt64l/region/es_HN.res" 1452
"../../../Engine/Content/Internationalization/icudt64l/lang/es_MX.res" 1453
"../../../Engine/Content/Internationalization/icudt64l/region/es_MX.res" 1454
"../../../Engine/Content/Internationalization/icudt64l/lang/es_NI.res" 1455
"../../../Engine/Content/Internationalization/icudt64l/region/es_NI.res" 1456
"../../../Engine/Content/Internationalization/icudt64l/lang/es_PA.res" 1457
"../../../Engine/Content/Internationalization/icudt64l/region/es_PA.res" 1458
"../../../Engine/Content/Internationalization/icudt64l/lang/es_PE.res" 1459
"../../../Engine/Content/Internationalization/icudt64l/region/es_PE.res" 1460
"../../../Engine/Content/Internationalization/icudt64l/lang/es_PR.res" 1461
"../../../Engine/Content/Internationalization/icudt64l/region/es_PR.res" 1462
"../../../Engine/Content/Internationalization/icudt64l/lang/es_PY.res" 1463
"../../../Engine/Content/Internationalization/icudt64l/region/es_PY.res" 1464
"../../../Engine/Content/Internationalization/icudt64l/lang/es_SV.res" 1465
"../../../Engine/Content/Internationalization/icudt64l/region/es_SV.res" 1466
"../../../Engine/Content/Internationalization/icudt64l/lang/es_US.res" 1467
"../../../Engine/Content/Internationalization/icudt64l/region/es_US.res" 1468
"../../../Engine/Content/Internationalization/icudt64l/lang/es_UY.res" 1469
"../../../Engine/Content/Internationalization/icudt64l/region/es_UY.res" 1470
"../../../Engine/Content/Internationalization/icudt64l/lang/es_VE.res" 1471
"../../../Engine/Content/Internationalization/icudt64l/region/es_VE.res" 1472
"../../../Engine/Content/Internationalization/icudt64l/lang/et.res" 1473
"../../../Engine/Content/Internationalization/icudt64l/region/et.res" 1474
"../../../Engine/Content/Internationalization/icudt64l/lang/eu.res" 1475
"../../../Engine/Content/Internationalization/icudt64l/region/eu.res" 1476
"../../../Engine/Content/Internationalization/icudt64l/lang/ewo.res" 1477
"../../../Engine/Content/Internationalization/icudt64l/region/ewo.res" 1478
"../../../Engine/Content/Internationalization/icudt64l/lang/fa.res" 1479
"../../../Engine/Content/Internationalization/icudt64l/lang/fa_AF.res" 1480
"../../../Engine/Content/Internationalization/icudt64l/region/fa_AF.res" 1481
"../../../Engine/Content/Internationalization/icudt64l/region/fa.res" 1482
"../../../Engine/Content/Internationalization/icudt64l/lang/ff.res" 1483
"../../../Engine/Content/Internationalization/icudt64l/lang/ff_Latn.res" 1484
"../../../Engine/Content/Internationalization/icudt64l/region/ff.res" 1485
"../../../Engine/Content/Internationalization/icudt64l/region/ff_Latn.res" 1486
"../../../Engine/Content/Internationalization/icudt64l/lang/ff_CM.res" 1487
"../../../Engine/Content/Internationalization/icudt64l/lang/ff_Latn_CM.res" 1488
"../../../Engine/Content/Internationalization/icudt64l/region/ff_CM.res" 1489
"../../../Engine/Content/Internationalization/icudt64l/region/ff_Latn_CM.res" 1490
"../../../Engine/Content/Internationalization/icudt64l/lang/ff_GN.res" 1491
"../../../Engine/Content/Internationalization/icudt64l/lang/ff_Latn_GN.res" 1492
"../../../Engine/Content/Internationalization/icudt64l/region/ff_GN.res" 1493
"../../../Engine/Content/Internationalization/icudt64l/region/ff_Latn_GN.res" 1494
"../../../Engine/Content/Internationalization/icudt64l/lang/ff_MR.res" 1495
"../../../Engine/Content/Internationalization/icudt64l/lang/ff_Latn_MR.res" 1496
"../../../Engine/Content/Internationalization/icudt64l/region/ff_MR.res" 1497
"../../../Engine/Content/Internationalization/icudt64l/region/ff_Latn_MR.res" 1498
"../../../Engine/Content/Internationalization/icudt64l/lang/ff_SN.res" 1499
"../../../Engine/Content/Internationalization/icudt64l/lang/ff_Latn_SN.res" 1500
"../../../Engine/Content/Internationalization/icudt64l/region/ff_SN.res" 1501
"../../../Engine/Content/Internationalization/icudt64l/region/ff_Latn_SN.res" 1502
"../../../Engine/Content/Internationalization/icudt64l/lang/fi.res" 1503
"../../../Engine/Content/Internationalization/icudt64l/region/fi.res" 1504
"../../../Engine/Content/Internationalization/icudt64l/lang/fil.res" 1505
"../../../Engine/Content/Internationalization/icudt64l/lang/fil_PH.res" 1506
"../../../Engine/Content/Internationalization/icudt64l/region/fil_PH.res" 1507
"../../../Engine/Content/Internationalization/icudt64l/region/fil.res" 1508
"../../../Engine/Content/Internationalization/icudt64l/lang/fo.res" 1509
"../../../Engine/Content/Internationalization/icudt64l/region/fo.res" 1510
"../../../Engine/Content/Internationalization/icudt64l/lang/fr.res" 1511
"../../../Engine/Content/Internationalization/icudt64l/lang/fr_BE.res" 1512
"../../../Engine/Content/Internationalization/icudt64l/region/fr_BE.res" 1513
"../../../Engine/Content/Internationalization/icudt64l/region/fr.res" 1514
"../../../Engine/Content/Internationalization/icudt64l/lang/fr_CA.res" 1515
"../../../Engine/Content/Internationalization/icudt64l/region/fr_CA.res" 1516
"../../../Engine/Content/Internationalization/icudt64l/lang/fr_CH.res" 1517
"../../../Engine/Content/Internationalization/icudt64l/lang/fur.res" 1518
"../../../Engine/Content/Internationalization/icudt64l/region/fur.res" 1519
"../../../Engine/Content/Internationalization/icudt64l/lang/fy.res" 1520
"../../../Engine/Content/Internationalization/icudt64l/region/fy.res" 1521
"../../../Engine/Content/Internationalization/icudt64l/lang/ga.res" 1522
"../../../Engine/Content/Internationalization/icudt64l/region/ga.res" 1523
"../../../Engine/Content/Internationalization/icudt64l/lang/gd.res" 1524
"../../../Engine/Content/Internationalization/icudt64l/region/gd.res" 1525
"../../../Engine/Content/Internationalization/icudt64l/lang/gl.res" 1526
"../../../Engine/Content/Internationalization/icudt64l/region/gl.res" 1527
"../../../Engine/Content/Internationalization/icudt64l/lang/gsw.res" 1528
"../../../Engine/Content/Internationalization/icudt64l/region/gsw.res" 1529
"../../../Engine/Content/Internationalization/icudt64l/lang/gu.res" 1530
"../../../Engine/Content/Internationalization/icudt64l/region/gu.res" 1531
"../../../Engine/Content/Internationalization/icudt64l/lang/guz.res" 1532
"../../../Engine/Content/Internationalization/icudt64l/region/guz.res" 1533
"../../../Engine/Content/Internationalization/icudt64l/lang/gv.res" 1534
"../../../Engine/Content/Internationalization/icudt64l/region/gv.res" 1535
"../../../Engine/Content/Internationalization/icudt64l/lang/ha.res" 1536
"../../../Engine/Content/Internationalization/icudt64l/region/ha.res" 1537
"../../../Engine/Content/Internationalization/icudt64l/lang/ha_NE.res" 1538
"../../../Engine/Content/Internationalization/icudt64l/region/ha_NE.res" 1539
"../../../Engine/Content/Internationalization/icudt64l/lang/haw.res" 1540
"../../../Engine/Content/Internationalization/icudt64l/region/haw.res" 1541
"../../../Engine/Content/Internationalization/icudt64l/lang/he.res" 1542
"../../../Engine/Content/Internationalization/icudt64l/lang/he_IL.res" 1543
"../../../Engine/Content/Internationalization/icudt64l/region/he_IL.res" 1544
"../../../Engine/Content/Internationalization/icudt64l/region/he.res" 1545
"../../../Engine/Content/Internationalization/icudt64l/lang/hi.res" 1546
"../../../Engine/Content/Internationalization/icudt64l/region/hi.res" 1547
"../../../Engine/Content/Internationalization/icudt64l/lang/hr.res" 1548
"../../../Engine/Content/Internationalization/icudt64l/region/hr.res" 1549
"../../../Engine/Content/Internationalization/icudt64l/lang/hsb.res" 1550
"../../../Engine/Content/Internationalization/icudt64l/region/hsb.res" 1551
"../../../Engine/Content/Internationalization/icudt64l/lang/hu.res" 1552
"../../../Engine/Content/Internationalization/icudt64l/region/hu.res" 1553
"../../../Engine/Content/Internationalization/icudt64l/lang/hy.res" 1554
"../../../Engine/Content/Internationalization/icudt64l/region/hy.res" 1555
"../../../Engine/Content/Internationalization/icudt64l/lang/ia.res" 1556
"../../../Engine/Content/Internationalization/icudt64l/region/ia.res" 1557
"../../../Engine/Content/Internationalization/icudt64l/lang/id.res" 1558
"../../../Engine/Content/Internationalization/icudt64l/lang/id_ID.res" 1559
"../../../Engine/Content/Internationalization/icudt64l/region/id_ID.res" 1560
"../../../Engine/Content/Internationalization/icudt64l/region/id.res" 1561
"../../../Engine/Content/Internationalization/icudt64l/lang/ig.res" 1562
"../../../Engine/Content/Internationalization/icudt64l/region/ig.res" 1563
"../../../Engine/Content/Internationalization/icudt64l/lang/ii.res" 1564
"../../../Engine/Content/Internationalization/icudt64l/region/ii.res" 1565
"../../../Engine/Content/Internationalization/icudt64l/lang/is.res" 1566
"../../../Engine/Content/Internationalization/icudt64l/region/is.res" 1567
"../../../Engine/Content/Internationalization/icudt64l/lang/it.res" 1568
"../../../Engine/Content/Internationalization/icudt64l/region/it.res" 1569
"../../../Engine/Content/Internationalization/icudt64l/lang/ja.res" 1570
"../../../Engine/Content/Internationalization/icudt64l/lang/ja_JP.res" 1571
"../../../Engine/Content/Internationalization/icudt64l/region/ja_JP.res" 1572
"../../../Engine/Content/Internationalization/icudt64l/region/ja.res" 1573
"../../../Engine/Content/Internationalization/icudt64l/lang/jgo.res" 1574
"../../../Engine/Content/Internationalization/icudt64l/region/jgo.res" 1575
"../../../Engine/Content/Internationalization/icudt64l/lang/jmc.res" 1576
"../../../Engine/Content/Internationalization/icudt64l/region/jmc.res" 1577
"../../../Engine/Content/Internationalization/icudt64l/lang/jv.res" 1578
"../../../Engine/Content/Internationalization/icudt64l/region/jv.res" 1579
"../../../Engine/Content/Internationalization/icudt64l/lang/ka.res" 1580
"../../../Engine/Content/Internationalization/icudt64l/region/ka.res" 1581
"../../../Engine/Content/Internationalization/icudt64l/lang/kab.res" 1582
"../../../Engine/Content/Internationalization/icudt64l/region/kab.res" 1583
"../../../Engine/Content/Internationalization/icudt64l/lang/kam.res" 1584
"../../../Engine/Content/Internationalization/icudt64l/region/kam.res" 1585
"../../../Engine/Content/Internationalization/icudt64l/lang/kde.res" 1586
"../../../Engine/Content/Internationalization/icudt64l/region/kde.res" 1587
"../../../Engine/Content/Internationalization/icudt64l/lang/kea.res" 1588
"../../../Engine/Content/Internationalization/icudt64l/region/kea.res" 1589
"../../../Engine/Content/Internationalization/icudt64l/lang/khq.res" 1590
"../../../Engine/Content/Internationalization/icudt64l/region/khq.res" 1591
"../../../Engine/Content/Internationalization/icudt64l/lang/ki.res" 1592
"../../../Engine/Content/Internationalization/icudt64l/region/ki.res" 1593
"../../../Engine/Content/Internationalization/icudt64l/lang/kk.res" 1594
"../../../Engine/Content/Internationalization/icudt64l/region/kk.res" 1595
"../../../Engine/Content/Internationalization/icudt64l/lang/kkj.res" 1596
"../../../Engine/Content/Internationalization/icudt64l/region/kkj.res" 1597
"../../../Engine/Content/Internationalization/icudt64l/lang/kl.res" 1598
"../../../Engine/Content/Internationalization/icudt64l/region/kl.res" 1599
"../../../Engine/Content/Internationalization/icudt64l/lang/kln.res" 1600
"../../../Engine/Content/Internationalization/icudt64l/region/kln.res" 1601
"../../../Engine/Content/Internationalization/icudt64l/lang/km.res" 1602
"../../../Engine/Content/Internationalization/icudt64l/region/km.res" 1603
"../../../Engine/Content/Internationalization/icudt64l/lang/kn.res" 1604
"../../../Engine/Content/Internationalization/icudt64l/region/kn.res" 1605
"../../../Engine/Content/Internationalization/icudt64l/lang/ko.res" 1606
"../../../Engine/Content/Internationalization/icudt64l/region/ko_KP.res" 1607
"../../../Engine/Content/Internationalization/icudt64l/region/ko.res" 1608
"../../../Engine/Content/Internationalization/icudt64l/lang/kok.res" 1609
"../../../Engine/Content/Internationalization/icudt64l/region/kok.res" 1610
"../../../Engine/Content/Internationalization/icudt64l/lang/ks.res" 1611
"../../../Engine/Content/Internationalization/icudt64l/region/ks.res" 1612
"../../../Engine/Content/Internationalization/icudt64l/lang/ksb.res" 1613
"../../../Engine/Content/Internationalization/icudt64l/region/ksb.res" 1614
"../../../Engine/Content/Internationalization/icudt64l/lang/ksf.res" 1615
"../../../Engine/Content/Internationalization/icudt64l/region/ksf.res" 1616
"../../../Engine/Content/Internationalization/icudt64l/lang/ksh.res" 1617
"../../../Engine/Content/Internationalization/icudt64l/region/ksh.res" 1618
"../../../Engine/Content/Internationalization/icudt64l/lang/ku.res" 1619
"../../../Engine/Content/Internationalization/icudt64l/region/ku.res" 1620
"../../../Engine/Content/Internationalization/icudt64l/lang/kw.res" 1621
"../../../Engine/Content/Internationalization/icudt64l/region/kw.res" 1622
"../../../Engine/Content/Internationalization/icudt64l/lang/ky.res" 1623
"../../../Engine/Content/Internationalization/icudt64l/region/ky.res" 1624
"../../../Engine/Content/Internationalization/icudt64l/lang/lag.res" 1625
"../../../Engine/Content/Internationalization/icudt64l/region/lag.res" 1626
"../../../Engine/Content/Internationalization/icudt64l/lang/lb.res" 1627
"../../../Engine/Content/Internationalization/icudt64l/region/lb.res" 1628
"../../../Engine/Content/Internationalization/icudt64l/lang/lg.res" 1629
"../../../Engine/Content/Internationalization/icudt64l/region/lg.res" 1630
"../../../Engine/Content/Internationalization/icudt64l/lang/lkt.res" 1631
"../../../Engine/Content/Internationalization/icudt64l/region/lkt.res" 1632
"../../../Engine/Content/Internationalization/icudt64l/lang/ln.res" 1633
"../../../Engine/Content/Internationalization/icudt64l/region/ln.res" 1634
"../../../Engine/Content/Internationalization/icudt64l/lang/lo.res" 1635
"../../../Engine/Content/Internationalization/icudt64l/region/lo.res" 1636
"../../../Engine/Content/Internationalization/icudt64l/lang/lrc.res" 1637
"../../../Engine/Content/Internationalization/icudt64l/region/lrc.res" 1638
"../../../Engine/Content/Internationalization/icudt64l/lang/lt.res" 1639
"../../../Engine/Content/Internationalization/icudt64l/region/lt.res" 1640
"../../../Engine/Content/Internationalization/icudt64l/lang/lu.res" 1641
"../../../Engine/Content/Internationalization/icudt64l/region/lu.res" 1642
"../../../Engine/Content/Internationalization/icudt64l/lang/luo.res" 1643
"../../../Engine/Content/Internationalization/icudt64l/region/luo.res" 1644
"../../../Engine/Content/Internationalization/icudt64l/lang/luy.res" 1645
"../../../Engine/Content/Internationalization/icudt64l/region/luy.res" 1646
"../../../Engine/Content/Internationalization/icudt64l/lang/lv.res" 1647
"../../../Engine/Content/Internationalization/icudt64l/region/lv.res" 1648
"../../../Engine/Content/Internationalization/icudt64l/lang/mas.res" 1649
"../../../Engine/Content/Internationalization/icudt64l/region/mas.res" 1650
"../../../Engine/Content/Internationalization/icudt64l/lang/mer.res" 1651
"../../../Engine/Content/Internationalization/icudt64l/region/mer.res" 1652
"../../../Engine/Content/Internationalization/icudt64l/lang/mfe.res" 1653
"../../../Engine/Content/Internationalization/icudt64l/region/mfe.res" 1654
"../../../Engine/Content/Internationalization/icudt64l/lang/mg.res" 1655
"../../../Engine/Content/Internationalization/icudt64l/region/mg.res" 1656
"../../../Engine/Content/Internationalization/icudt64l/lang/mgh.res" 1657
"../../../Engine/Content/Internationalization/icudt64l/region/mgh.res" 1658
"../../../Engine/Content/Internationalization/icudt64l/lang/mgo.res" 1659
"../../../Engine/Content/Internationalization/icudt64l/region/mgo.res" 1660
"../../../Engine/Content/Internationalization/icudt64l/lang/mi.res" 1661
"../../../Engine/Content/Internationalization/icudt64l/region/mi.res" 1662
"../../../Engine/Content/Internationalization/icudt64l/lang/mk.res" 1663
"../../../Engine/Content/Internationalization/icudt64l/region/mk.res" 1664
"../../../Engine/Content/Internationalization/icudt64l/lang/ml.res" 1665
"../../../Engine/Content/Internationalization/icudt64l/region/ml.res" 1666
"../../../Engine/Content/Internationalization/icudt64l/lang/mn.res" 1667
"../../../Engine/Content/Internationalization/icudt64l/region/mn.res" 1668
"../../../Engine/Content/Internationalization/icudt64l/lang/mr.res" 1669
"../../../Engine/Content/Internationalization/icudt64l/region/mr.res" 1670
"../../../Engine/Content/Internationalization/icudt64l/lang/ms.res" 1671
"../../../Engine/Content/Internationalization/icudt64l/region/ms.res" 1672
"../../../Engine/Content/Internationalization/icudt64l/lang/mt.res" 1673
"../../../Engine/Content/Internationalization/icudt64l/region/mt.res" 1674
"../../../Engine/Content/Internationalization/icudt64l/lang/mua.res" 1675
"../../../Engine/Content/Internationalization/icudt64l/region/mua.res" 1676
"../../../Engine/Content/Internationalization/icudt64l/lang/my.res" 1677
"../../../Engine/Content/Internationalization/icudt64l/region/my.res" 1678
"../../../Engine/Content/Internationalization/icudt64l/lang/mzn.res" 1679
"../../../Engine/Content/Internationalization/icudt64l/region/mzn.res" 1680
"../../../Engine/Content/Internationalization/icudt64l/lang/naq.res" 1681
"../../../Engine/Content/Internationalization/icudt64l/region/naq.res" 1682
"../../../Engine/Content/Internationalization/icudt64l/lang/nb.res" 1683
"../../../Engine/Content/Internationalization/icudt64l/lang/nb_NO.res" 1684
"../../../Engine/Content/Internationalization/icudt64l/region/nb_NO.res" 1685
"../../../Engine/Content/Internationalization/icudt64l/region/nb.res" 1686
"../../../Engine/Content/Internationalization/icudt64l/lang/nd.res" 1687
"../../../Engine/Content/Internationalization/icudt64l/region/nd.res" 1688
"../../../Engine/Content/Internationalization/icudt64l/lang/nds.res" 1689
"../../../Engine/Content/Internationalization/icudt64l/region/nds.res" 1690
"../../../Engine/Content/Internationalization/icudt64l/lang/ne.res" 1691
"../../../Engine/Content/Internationalization/icudt64l/region/ne.res" 1692
"../../../Engine/Content/Internationalization/icudt64l/lang/nl.res" 1693
"../../../Engine/Content/Internationalization/icudt64l/region/nl.res" 1694
"../../../Engine/Content/Internationalization/icudt64l/lang/nmg.res" 1695
"../../../Engine/Content/Internationalization/icudt64l/region/nmg.res" 1696
"../../../Engine/Content/Internationalization/icudt64l/lang/nn.res" 1697
"../../../Engine/Content/Internationalization/icudt64l/lang/nn_NO.res" 1698
"../../../Engine/Content/Internationalization/icudt64l/region/nn_NO.res" 1699
"../../../Engine/Content/Internationalization/icudt64l/region/nn.res" 1700
"../../../Engine/Content/Internationalization/icudt64l/lang/nnh.res" 1701
"../../../Engine/Content/Internationalization/icudt64l/region/nnh.res" 1702
"../../../Engine/Content/Internationalization/icudt64l/lang/nus.res" 1703
"../../../Engine/Content/Internationalization/icudt64l/region/nus.res" 1704
"../../../Engine/Content/Internationalization/icudt64l/lang/nyn.res" 1705
"../../../Engine/Content/Internationalization/icudt64l/region/nyn.res" 1706
"../../../Engine/Content/Internationalization/icudt64l/lang/om.res" 1707
"../../../Engine/Content/Internationalization/icudt64l/region/om.res" 1708
"../../../Engine/Content/Internationalization/icudt64l/lang/or.res" 1709
"../../../Engine/Content/Internationalization/icudt64l/region/or.res" 1710
"../../../Engine/Content/Internationalization/icudt64l/lang/os.res" 1711
"../../../Engine/Content/Internationalization/icudt64l/region/os.res" 1712
"../../../Engine/Content/Internationalization/icudt64l/lang/pa.res" 1713
"../../../Engine/Content/Internationalization/icudt64l/lang/pa_Arab.res" 1714
"../../../Engine/Content/Internationalization/icudt64l/lang/pa_PK.res" 1715
"../../../Engine/Content/Internationalization/icudt64l/lang/pa_Arab_PK.res" 1716
"../../../Engine/Content/Internationalization/icudt64l/region/pa_PK.res" 1717
"../../../Engine/Content/Internationalization/icudt64l/region/pa_Arab_PK.res" 1718
"../../../Engine/Content/Internationalization/icudt64l/region/pa_Arab.res" 1719
"../../../Engine/Content/Internationalization/icudt64l/lang/pa_Guru.res" 1720
"../../../Engine/Content/Internationalization/icudt64l/lang/pa_IN.res" 1721
"../../../Engine/Content/Internationalization/icudt64l/lang/pa_Guru_IN.res" 1722
"../../../Engine/Content/Internationalization/icudt64l/region/pa_IN.res" 1723
"../../../Engine/Content/Internationalization/icudt64l/region/pa_Guru_IN.res" 1724
"../../../Engine/Content/Internationalization/icudt64l/region/pa_Guru.res" 1725
"../../../Engine/Content/Internationalization/icudt64l/region/pa.res" 1726
"../../../Engine/Content/Internationalization/icudt64l/lang/pl.res" 1727
"../../../Engine/Content/Internationalization/icudt64l/region/pl.res" 1728
"../../../Engine/Content/Internationalization/icudt64l/lang/ps.res" 1729
"../../../Engine/Content/Internationalization/icudt64l/region/ps.res" 1730
"../../../Engine/Content/Internationalization/icudt64l/lang/ps_PK.res" 1731
"../../../Engine/Content/Internationalization/icudt64l/region/ps_PK.res" 1732
"../../../Engine/Content/Internationalization/icudt64l/lang/pt.res" 1733
"../../../Engine/Content/Internationalization/icudt64l/lang/pt_AO.res" 1734
"../../../Engine/Content/Internationalization/icudt64l/lang/pt_PT.res" 1735
"../../../Engine/Content/Internationalization/icudt64l/region/pt_AO.res" 1736
"../../../Engine/Content/Internationalization/icudt64l/region/pt_PT.res" 1737
"../../../Engine/Content/Internationalization/icudt64l/region/pt.res" 1738
"../../../Engine/Content/Internationalization/icudt64l/lang/pt_CH.res" 1739
"../../../Engine/Content/Internationalization/icudt64l/region/pt_CH.res" 1740
"../../../Engine/Content/Internationalization/icudt64l/lang/pt_CV.res" 1741
"../../../Engine/Content/Internationalization/icudt64l/region/pt_CV.res" 1742
"../../../Engine/Content/Internationalization/icudt64l/lang/pt_GQ.res" 1743
"../../../Engine/Content/Internationalization/icudt64l/region/pt_GQ.res" 1744
"../../../Engine/Content/Internationalization/icudt64l/lang/pt_GW.res" 1745
"../../../Engine/Content/Internationalization/icudt64l/region/pt_GW.res" 1746
"../../../Engine/Content/Internationalization/icudt64l/lang/pt_LU.res" 1747
"../../../Engine/Content/Internationalization/icudt64l/region/pt_LU.res" 1748
"../../../Engine/Content/Internationalization/icudt64l/lang/pt_MO.res" 1749
"../../../Engine/Content/Internationalization/icudt64l/region/pt_MO.res" 1750
"../../../Engine/Content/Internationalization/icudt64l/lang/pt_MZ.res" 1751
"../../../Engine/Content/Internationalization/icudt64l/region/pt_MZ.res" 1752
"../../../Engine/Content/Internationalization/icudt64l/lang/pt_ST.res" 1753
"../../../Engine/Content/Internationalization/icudt64l/region/pt_ST.res" 1754
"../../../Engine/Content/Internationalization/icudt64l/lang/pt_TL.res" 1755
"../../../Engine/Content/Internationalization/icudt64l/region/pt_TL.res" 1756
"../../../Engine/Content/Internationalization/icudt64l/lang/qu.res" 1757
"../../../Engine/Content/Internationalization/icudt64l/region/qu.res" 1758
"../../../Engine/Content/Internationalization/icudt64l/lang/rm.res" 1759
"../../../Engine/Content/Internationalization/icudt64l/region/rm.res" 1760
"../../../Engine/Content/Internationalization/icudt64l/lang/rn.res" 1761
"../../../Engine/Content/Internationalization/icudt64l/region/rn.res" 1762
"../../../Engine/Content/Internationalization/icudt64l/lang/ro.res" 1763
"../../../Engine/Content/Internationalization/icudt64l/lang/ro_MD.res" 1764
"../../../Engine/Content/Internationalization/icudt64l/region/ro_MD.res" 1765
"../../../Engine/Content/Internationalization/icudt64l/region/ro.res" 1766
"../../../Engine/Content/Internationalization/icudt64l/lang/rof.res" 1767
"../../../Engine/Content/Internationalization/icudt64l/region/rof.res" 1768
"../../../Engine/Content/Internationalization/icudt64l/lang/ru.res" 1769
"../../../Engine/Content/Internationalization/icudt64l/region/ru.res" 1770
"../../../Engine/Content/Internationalization/icudt64l/region/ru_UA.res" 1771
"../../../Engine/Content/Internationalization/icudt64l/lang/rw.res" 1772
"../../../Engine/Content/Internationalization/icudt64l/region/rw.res" 1773
"../../../Engine/Content/Internationalization/icudt64l/lang/rwk.res" 1774
"../../../Engine/Content/Internationalization/icudt64l/region/rwk.res" 1775
"../../../Engine/Content/Internationalization/icudt64l/lang/sah.res" 1776
"../../../Engine/Content/Internationalization/icudt64l/region/sah.res" 1777
"../../../Engine/Content/Internationalization/icudt64l/lang/saq.res" 1778
"../../../Engine/Content/Internationalization/icudt64l/region/saq.res" 1779
"../../../Engine/Content/Internationalization/icudt64l/lang/sbp.res" 1780
"../../../Engine/Content/Internationalization/icudt64l/region/sbp.res" 1781
"../../../Engine/Content/Internationalization/icudt64l/lang/sd.res" 1782
"../../../Engine/Content/Internationalization/icudt64l/region/sd.res" 1783
"../../../Engine/Content/Internationalization/icudt64l/lang/se.res" 1784
"../../../Engine/Content/Internationalization/icudt64l/lang/se_FI.res" 1785
"../../../Engine/Content/Internationalization/icudt64l/region/se_FI.res" 1786
"../../../Engine/Content/Internationalization/icudt64l/region/se.res" 1787
"../../../Engine/Content/Internationalization/icudt64l/lang/seh.res" 1788
"../../../Engine/Content/Internationalization/icudt64l/region/seh.res" 1789
"../../../Engine/Content/Internationalization/icudt64l/lang/ses.res" 1790
"../../../Engine/Content/Internationalization/icudt64l/region/ses.res" 1791
"../../../Engine/Content/Internationalization/icudt64l/lang/sg.res" 1792
"../../../Engine/Content/Internationalization/icudt64l/region/sg.res" 1793
"../../../Engine/Content/Internationalization/icudt64l/lang/shi.res" 1794
"../../../Engine/Content/Internationalization/icudt64l/lang/shi_Latn.res" 1795
"../../../Engine/Content/Internationalization/icudt64l/lang/shi_MA.res" 1796
"../../../Engine/Content/Internationalization/icudt64l/lang/shi_Tfng_MA.res" 1797
"../../../Engine/Content/Internationalization/icudt64l/lang/shi_Tfng.res" 1798
"../../../Engine/Content/Internationalization/icudt64l/region/shi_MA.res" 1799
"../../../Engine/Content/Internationalization/icudt64l/region/shi_Tfng_MA.res" 1800
"../../../Engine/Content/Internationalization/icudt64l/region/shi_Tfng.res" 1801
"../../../Engine/Content/Internationalization/icudt64l/region/shi.res" 1802
"../../../Engine/Content/Internationalization/icudt64l/region/shi_Latn.res" 1803
"../../../Engine/Content/Internationalization/icudt64l/lang/si.res" 1804
"../../../Engine/Content/Internationalization/icudt64l/region/si.res" 1805
"../../../Engine/Content/Internationalization/icudt64l/lang/sk.res" 1806
"../../../Engine/Content/Internationalization/icudt64l/region/sk.res" 1807
"../../../Engine/Content/Internationalization/icudt64l/lang/sl.res" 1808
"../../../Engine/Content/Internationalization/icudt64l/region/sl.res" 1809
"../../../Engine/Content/Internationalization/icudt64l/lang/smn.res" 1810
"../../../Engine/Content/Internationalization/icudt64l/region/smn.res" 1811
"../../../Engine/Content/Internationalization/icudt64l/lang/sn.res" 1812
"../../../Engine/Content/Internationalization/icudt64l/region/sn.res" 1813
"../../../Engine/Content/Internationalization/icudt64l/lang/so.res" 1814
"../../../Engine/Content/Internationalization/icudt64l/region/so.res" 1815
"../../../Engine/Content/Internationalization/icudt64l/lang/sq.res" 1816
"../../../Engine/Content/Internationalization/icudt64l/region/sq.res" 1817
"../../../Engine/Content/Internationalization/icudt64l/lang/sr.res" 1818
"../../../Engine/Content/Internationalization/icudt64l/lang/sr_Cyrl.res" 1819
"../../../Engine/Content/Internationalization/icudt64l/lang/sr_BA.res" 1820
"../../../Engine/Content/Internationalization/icudt64l/lang/sr_Cyrl_BA.res" 1821
"../../../Engine/Content/Internationalization/icudt64l/region/sr_BA.res" 1822
"../../../Engine/Content/Internationalization/icudt64l/region/sr_Cyrl_BA.res" 1823
"../../../Engine/Content/Internationalization/icudt64l/region/sr_Cyrl.res" 1824
"../../../Engine/Content/Internationalization/icudt64l/region/sr.res" 1825
"../../../Engine/Content/Internationalization/icudt64l/lang/sr_ME.res" 1826
"../../../Engine/Content/Internationalization/icudt64l/lang/sr_Latn_ME.res" 1827
"../../../Engine/Content/Internationalization/icudt64l/lang/sr_Latn.res" 1828
"../../../Engine/Content/Internationalization/icudt64l/region/sr_ME.res" 1829
"../../../Engine/Content/Internationalization/icudt64l/region/sr_Latn_ME.res" 1830
"../../../Engine/Content/Internationalization/icudt64l/region/sr_Latn.res" 1831
"../../../Engine/Content/Internationalization/icudt64l/lang/sr_Cyrl_ME.res" 1832
"../../../Engine/Content/Internationalization/icudt64l/region/sr_Cyrl_ME.res" 1833
"../../../Engine/Content/Internationalization/icudt64l/lang/sr_RS.res" 1834
"../../../Engine/Content/Internationalization/icudt64l/lang/sr_Cyrl_RS.res" 1835
"../../../Engine/Content/Internationalization/icudt64l/region/sr_RS.res" 1836
"../../../Engine/Content/Internationalization/icudt64l/region/sr_Cyrl_RS.res" 1837
"../../../Engine/Content/Internationalization/icudt64l/lang/sr_XK.res" 1838
"../../../Engine/Content/Internationalization/icudt64l/lang/sr_Cyrl_XK.res" 1839
"../../../Engine/Content/Internationalization/icudt64l/region/sr_XK.res" 1840
"../../../Engine/Content/Internationalization/icudt64l/region/sr_Cyrl_XK.res" 1841
"../../../Engine/Content/Internationalization/icudt64l/lang/sr_Latn_BA.res" 1842
"../../../Engine/Content/Internationalization/icudt64l/region/sr_Latn_BA.res" 1843
"../../../Engine/Content/Internationalization/icudt64l/lang/sr_Latn_RS.res" 1844
"../../../Engine/Content/Internationalization/icudt64l/region/sr_Latn_RS.res" 1845
"../../../Engine/Content/Internationalization/icudt64l/lang/sr_Latn_XK.res" 1846
"../../../Engine/Content/Internationalization/icudt64l/region/sr_Latn_XK.res" 1847
"../../../Engine/Content/Internationalization/icudt64l/lang/sv.res" 1848
"../../../Engine/Content/Internationalization/icudt64l/region/sv.res" 1849
"../../../Engine/Content/Internationalization/icudt64l/lang/sv_FI.res" 1850
"../../../Engine/Content/Internationalization/icudt64l/lang/sw.res" 1851
"../../../Engine/Content/Internationalization/icudt64l/lang/sw_CD.res" 1852
"../../../Engine/Content/Internationalization/icudt64l/region/sw_CD.res" 1853
"../../../Engine/Content/Internationalization/icudt64l/region/sw.res" 1854
"../../../Engine/Content/Internationalization/icudt64l/lang/sw_KE.res" 1855
"../../../Engine/Content/Internationalization/icudt64l/region/sw_KE.res" 1856
"../../../Engine/Content/Internationalization/icudt64l/lang/ta.res" 1857
"../../../Engine/Content/Internationalization/icudt64l/region/ta.res" 1858
"../../../Engine/Content/Internationalization/icudt64l/lang/te.res" 1859
"../../../Engine/Content/Internationalization/icudt64l/region/te.res" 1860
"../../../Engine/Content/Internationalization/icudt64l/lang/teo.res" 1861
"../../../Engine/Content/Internationalization/icudt64l/region/teo.res" 1862
"../../../Engine/Content/Internationalization/icudt64l/lang/tg.res" 1863
"../../../Engine/Content/Internationalization/icudt64l/region/tg.res" 1864
"../../../Engine/Content/Internationalization/icudt64l/lang/th.res" 1865
"../../../Engine/Content/Internationalization/icudt64l/lang/th_TH.res" 1866
"../../../Engine/Content/Internationalization/icudt64l/region/th_TH.res" 1867
"../../../Engine/Content/Internationalization/icudt64l/region/th.res" 1868
"../../../Engine/Content/Internationalization/icudt64l/lang/ti.res" 1869
"../../../Engine/Content/Internationalization/icudt64l/region/ti.res" 1870
"../../../Engine/Content/Internationalization/icudt64l/lang/tk.res" 1871
"../../../Engine/Content/Internationalization/icudt64l/region/tk.res" 1872
"../../../Engine/Content/Internationalization/icudt64l/lang/to.res" 1873
"../../../Engine/Content/Internationalization/icudt64l/region/to.res" 1874
"../../../Engine/Content/Internationalization/icudt64l/lang/tr.res" 1875
"../../../Engine/Content/Internationalization/icudt64l/region/tr.res" 1876
"../../../Engine/Content/Internationalization/icudt64l/lang/tt.res" 1877
"../../../Engine/Content/Internationalization/icudt64l/region/tt.res" 1878
"../../../Engine/Content/Internationalization/icudt64l/lang/twq.res" 1879
"../../../Engine/Content/Internationalization/icudt64l/region/twq.res" 1880
"../../../Engine/Content/Internationalization/icudt64l/lang/tzm.res" 1881
"../../../Engine/Content/Internationalization/icudt64l/region/tzm.res" 1882
"../../../Engine/Content/Internationalization/icudt64l/lang/ug.res" 1883
"../../../Engine/Content/Internationalization/icudt64l/region/ug.res" 1884
"../../../Engine/Content/Internationalization/icudt64l/lang/uk.res" 1885
"../../../Engine/Content/Internationalization/icudt64l/region/uk.res" 1886
"../../../Engine/Content/Internationalization/icudt64l/lang/ur.res" 1887
"../../../Engine/Content/Internationalization/icudt64l/lang/ur_IN.res" 1888
"../../../Engine/Content/Internationalization/icudt64l/region/ur_IN.res" 1889
"../../../Engine/Content/Internationalization/icudt64l/region/ur.res" 1890
"../../../Engine/Content/Internationalization/icudt64l/lang/uz.res" 1891
"../../../Engine/Content/Internationalization/icudt64l/lang/uz_Arab.res" 1892
"../../../Engine/Content/Internationalization/icudt64l/lang/uz_AF.res" 1893
"../../../Engine/Content/Internationalization/icudt64l/lang/uz_Arab_AF.res" 1894
"../../../Engine/Content/Internationalization/icudt64l/region/uz_AF.res" 1895
"../../../Engine/Content/Internationalization/icudt64l/region/uz_Arab_AF.res" 1896
"../../../Engine/Content/Internationalization/icudt64l/region/uz_Arab.res" 1897
"../../../Engine/Content/Internationalization/icudt64l/lang/uz_Cyrl.res" 1898
"../../../Engine/Content/Internationalization/icudt64l/lang/uz_UZ.res" 1899
"../../../Engine/Content/Internationalization/icudt64l/lang/uz_Latn_UZ.res" 1900
"../../../Engine/Content/Internationalization/icudt64l/lang/uz_Latn.res" 1901
"../../../Engine/Content/Internationalization/icudt64l/region/uz_UZ.res" 1902
"../../../Engine/Content/Internationalization/icudt64l/region/uz_Latn_UZ.res" 1903
"../../../Engine/Content/Internationalization/icudt64l/region/uz_Latn.res" 1904
"../../../Engine/Content/Internationalization/icudt64l/region/uz.res" 1905
"../../../Engine/Content/Internationalization/icudt64l/region/uz_Cyrl.res" 1906
"../../../Engine/Content/Internationalization/icudt64l/lang/vai.res" 1907
"../../../Engine/Content/Internationalization/icudt64l/lang/vai_Latn.res" 1908
"../../../Engine/Content/Internationalization/icudt64l/lang/vai_LR.res" 1909
"../../../Engine/Content/Internationalization/icudt64l/lang/vai_Vaii_LR.res" 1910
"../../../Engine/Content/Internationalization/icudt64l/lang/vai_Vaii.res" 1911
"../../../Engine/Content/Internationalization/icudt64l/region/vai_LR.res" 1912
"../../../Engine/Content/Internationalization/icudt64l/region/vai_Vaii_LR.res" 1913
"../../../Engine/Content/Internationalization/icudt64l/region/vai_Vaii.res" 1914
"../../../Engine/Content/Internationalization/icudt64l/region/vai.res" 1915
"../../../Engine/Content/Internationalization/icudt64l/region/vai_Latn.res" 1916
"../../../Engine/Content/Internationalization/icudt64l/lang/vi.res" 1917
"../../../Engine/Content/Internationalization/icudt64l/region/vi.res" 1918
"../../../Engine/Content/Internationalization/icudt64l/lang/vun.res" 1919
"../../../Engine/Content/Internationalization/icudt64l/region/vun.res" 1920
"../../../Engine/Content/Internationalization/icudt64l/lang/wae.res" 1921
"../../../Engine/Content/Internationalization/icudt64l/region/wae.res" 1922
"../../../Engine/Content/Internationalization/icudt64l/lang/wo.res" 1923
"../../../Engine/Content/Internationalization/icudt64l/region/wo.res" 1924
"../../../Engine/Content/Internationalization/icudt64l/lang/xh.res" 1925
"../../../Engine/Content/Internationalization/icudt64l/region/xh.res" 1926
"../../../Engine/Content/Internationalization/icudt64l/lang/xog.res" 1927
"../../../Engine/Content/Internationalization/icudt64l/region/xog.res" 1928
"../../../Engine/Content/Internationalization/icudt64l/lang/yav.res" 1929
"../../../Engine/Content/Internationalization/icudt64l/region/yav.res" 1930
"../../../Engine/Content/Internationalization/icudt64l/lang/yi.res" 1931
"../../../Engine/Content/Internationalization/icudt64l/region/yi.res" 1932
"../../../Engine/Content/Internationalization/icudt64l/lang/yo.res" 1933
"../../../Engine/Content/Internationalization/icudt64l/lang/yo_BJ.res" 1934
"../../../Engine/Content/Internationalization/icudt64l/region/yo_BJ.res" 1935
"../../../Engine/Content/Internationalization/icudt64l/region/yo.res" 1936
"../../../Engine/Content/Internationalization/icudt64l/lang/yue.res" 1937
"../../../Engine/Content/Internationalization/icudt64l/lang/yue_Hans.res" 1938
"../../../Engine/Content/Internationalization/icudt64l/lang/yue_CN.res" 1939
"../../../Engine/Content/Internationalization/icudt64l/lang/yue_Hans_CN.res" 1940
"../../../Engine/Content/Internationalization/icudt64l/region/yue_CN.res" 1941
"../../../Engine/Content/Internationalization/icudt64l/region/yue_Hans_CN.res" 1942
"../../../Engine/Content/Internationalization/icudt64l/region/yue_Hans.res" 1943
"../../../Engine/Content/Internationalization/icudt64l/lang/yue_Hant.res" 1944
"../../../Engine/Content/Internationalization/icudt64l/lang/yue_HK.res" 1945
"../../../Engine/Content/Internationalization/icudt64l/lang/yue_Hant_HK.res" 1946
"../../../Engine/Content/Internationalization/icudt64l/region/yue_HK.res" 1947
"../../../Engine/Content/Internationalization/icudt64l/region/yue_Hant_HK.res" 1948
"../../../Engine/Content/Internationalization/icudt64l/region/yue_Hant.res" 1949
"../../../Engine/Content/Internationalization/icudt64l/region/yue.res" 1950
"../../../Engine/Content/Internationalization/icudt64l/lang/zgh.res" 1951
"../../../Engine/Content/Internationalization/icudt64l/region/zgh.res" 1952
"../../../Engine/Content/Internationalization/icudt64l/lang/zh.res" 1953
"../../../Engine/Content/Internationalization/icudt64l/lang/zh_Hans.res" 1954
"../../../Engine/Content/Internationalization/icudt64l/lang/zh_CN.res" 1955
"../../../Engine/Content/Internationalization/icudt64l/lang/zh_Hans_CN.res" 1956
"../../../Engine/Content/Internationalization/icudt64l/region/zh_CN.res" 1957
"../../../Engine/Content/Internationalization/icudt64l/region/zh_Hans_CN.res" 1958
"../../../Engine/Content/Internationalization/icudt64l/region/zh_Hans.res" 1959
"../../../Engine/Content/Internationalization/icudt64l/region/zh.res" 1960
"../../../Engine/Content/Internationalization/icudt64l/lang/zh_HK.res" 1961
"../../../Engine/Content/Internationalization/icudt64l/lang/zh_Hant_HK.res" 1962
"../../../Engine/Content/Internationalization/icudt64l/lang/zh_Hant.res" 1963
"../../../Engine/Content/Internationalization/icudt64l/region/zh_HK.res" 1964
"../../../Engine/Content/Internationalization/icudt64l/region/zh_Hant_HK.res" 1965
"../../../Engine/Content/Internationalization/icudt64l/region/zh_Hant.res" 1966
"../../../Engine/Content/Internationalization/icudt64l/lang/zh_MO.res" 1967
"../../../Engine/Content/Internationalization/icudt64l/lang/zh_Hant_MO.res" 1968
"../../../Engine/Content/Internationalization/icudt64l/region/zh_MO.res" 1969
"../../../Engine/Content/Internationalization/icudt64l/region/zh_Hant_MO.res" 1970
"../../../Engine/Content/Internationalization/icudt64l/lang/zh_SG.res" 1971
"../../../Engine/Content/Internationalization/icudt64l/lang/zh_Hans_SG.res" 1972
"../../../Engine/Content/Internationalization/icudt64l/region/zh_SG.res" 1973
"../../../Engine/Content/Internationalization/icudt64l/region/zh_Hans_SG.res" 1974
"../../../Engine/Content/Internationalization/icudt64l/lang/zh_TW.res" 1975
"../../../Engine/Content/Internationalization/icudt64l/lang/zh_Hant_TW.res" 1976
"../../../Engine/Content/Internationalization/icudt64l/region/zh_TW.res" 1977
"../../../Engine/Content/Internationalization/icudt64l/region/zh_Hant_TW.res" 1978
"../../../Engine/Content/Internationalization/icudt64l/lang/zu.res" 1979
"../../../Engine/Content/Internationalization/icudt64l/region/zu.res" 1980
"../../../Engine/Content/Internationalization/icudt64l/lang/no.res" 1981
"../../../Engine/Content/Internationalization/icudt64l/lang/tl.res" 1982
"../../../Engine/Config/Android/DataDrivenPlatformInfo.ini" 1983
"../../../Engine/Config/IOS/DataDrivenPlatformInfo.ini" 1984
"../../../Engine/Config/Linux/DataDrivenPlatformInfo.ini" 1985
"../../../Engine/Config/Mac/DataDrivenPlatformInfo.ini" 1986
"../../../Engine/Config/TVOS/DataDrivenPlatformInfo.ini" 1987
"../../../Engine/Config/Unix/DataDrivenPlatformInfo.ini" 1988
"../../../Engine/Config/VulkanPC/DataDrivenPlatformInfo.ini" 1989
"../../../Engine/Config/Windows/DataDrivenPlatformInfo.ini" 1990
"../../../Engine/Platforms/VisionOS/Config/DataDrivenPlatformInfo.ini" 1991
"../../../Engine/Content/Renderer/TessellationTable.bin" 1992
"../../../Engine/DerivedDataCache/Compressed.ddp" 1993
"C:/Users/cjoyn/AppData/Local/UnrealEngine/5.7/Saved/Zen/zen.version" 1994
"C:/Users/cjoyn/AppData/Local/UnrealEngine/Common/Zen/Install/zen.version" 1995
"C:/Users/cjoyn/AppData/Local/UnrealEngine/Common/Zen/Install/zenserver.runcontext" 1996
"C:/Users/cjoyn/AppData/Local/UnrealEngine/Common/DerivedDataCache/TestData/0/TestData_4kb.dat" 1997
"C:/Users/cjoyn/AppData/Local/UnrealEngine/Common/DerivedDataCache/TestData/1/TestData_4kb.dat" 1998
"C:/Users/cjoyn/AppData/Local/UnrealEngine/Common/DerivedDataCache/TestData/0/TestData_8kb.dat" 1999
"C:/Users/cjoyn/AppData/Local/UnrealEngine/Common/DerivedDataCache/TestData/1/TestData_8kb.dat" 2000
"C:/Users/cjoyn/AppData/Local/UnrealEngine/Common/DerivedDataCache/TestData/0/TestData_16kb.dat" 2001
"C:/Users/cjoyn/AppData/Local/UnrealEngine/Common/DerivedDataCache/TestData/1/TestData_16kb.dat" 2002
"C:/Users/cjoyn/AppData/Local/UnrealEngine/Common/DerivedDataCache/TestData/0/TestData_64kb.dat" 2003
"C:/Users/cjoyn/AppData/Local/UnrealEngine/Common/DerivedDataCache/TestData/1/TestData_64kb.dat" 2004
"C:/Users/cjoyn/AppData/Local/UnrealEngine/Common/DerivedDataCache/TestData/0/TestData_128kb.dat" 2005
"C:/Users/cjoyn/AppData/Local/UnrealEngine/Common/DerivedDataCache/TestData/1/TestData_128kb.dat" 2006
"C:/Users/cjoyn/AppData/Local/UnrealEngine/Common/DerivedDataCache/TestData/0/TestData_256kb.dat" 2007
"C:/Users/cjoyn/AppData/Local/UnrealEngine/Common/DerivedDataCache/TestData/1/TestData_256kb.dat" 2008
"C:/Users/cjoyn/AppData/Roaming/Unreal Engine/UnrealBuildTool/BuildConfiguration.xml" 2009
"../../../../../../Users/cjoyn/OneDrive/Documents/Unreal Projects/CIS488UnrealProject/TheMarbelousAscent/Intermediate/ShaderAutogen/PCD3D_SM6/AutogenShaderHeaders.ush" 2010
"../../../Engine/Shaders/Private/HairStrands/HairStrandsVertexFactory.ush" 2011
"../../../Engine/Shaders/Private/VertexFactoryCommon.ush" 2012
"../../../Engine/Shaders/Private/Common.ush" 2013
"../../../Engine/Shaders/Public/Platform.ush" 2014
"../../../Engine/Shaders/Public/FP16Math.ush" 2015
"../../../Engine/Shaders/Public/Platform/D3D/D3DCommon.ush" 2016
"../../../Engine/Shaders/Shared/HLSLReservedSpaces.h" 2017
"../../../Engine/Shaders/Public/BindlessResources.ush" 2018
"../../../Engine/Shaders/Public/Platform/D3D/PlatformBindlessResources.ush" 2019
"../../../Engine/Shaders/Shared/RayTracingBuiltInResources.h" 2020
"../../../Engine/Shaders/Shared/RayTracingDefinitions.h" 2021
"../../../Engine/Shaders/Shared/MaterialCacheDefinitions.h" 2022
"../../../Engine/Shaders/Shared/HLSLTypeAliases.h" 2023
"../../../Engine/Shaders/Public/IndirectVirtualTexture.ush" 2024
"../../../Engine/Shaders/Shared/IndirectVirtualTextureDefinitions.h" 2025
"../../../Engine/Shaders/Public/OverloadMacros.ush" 2026
"../../../Engine/Shaders/Public/ShaderVersion.ush" 2027
"../../../Engine/Shaders/Shared/ThirdParty/NVIDIA/nvHLSLExtns.h" 2028
"../../../Engine/Shaders/Shared/ThirdParty/NVIDIA/nvHLSLExtnsInternal.h" 2029
"../../../Engine/Shaders/Shared/ThirdParty/NVIDIA/nvShaderExtnEnums.h" 2030
"../../../Engine/Shaders/Private/PackUnpack.ush" 2031
"../../../Engine/Shaders/Private/GeneratedUniformBufferTypes.ush" 2032
"../../../Engine/Shaders/Private/Nanite/NanitePackedNaniteView.ush" 2033
"../../../Engine/Shaders/Private/HairStrands/HairStrandsVisibilityCommonStruct.ush" 2034
"../../../Engine/Shaders/Private/HairStrands/HairStrandsVoxelPageCommonStruct.ush" 2035
"../../../Engine/Shaders/Private/HairStrands/HairStrandsDeepShadowCommonStruct.ush" 2036
"../../../Engine/Shaders/Shared/LightSceneData.h" 2037
"../../../Engine/Shaders/Private/LargeWorldCoordinates.ush" 2038
"../../../Engine/Shaders/Private/DoubleFloat.ush" 2039
"../../../Engine/Shaders/Private/RandomPCG.ush" 2040
"../../../Engine/Shaders/Private/DoubleFloatOperations.ush" 2041
"../../../Engine/Shaders/Private/DoubleFloatVectorDefinition.ush" 2042
"../../../Engine/Shaders/Private/LWCOperations.ush" 2043
"../../../Engine/Shaders/Shared/LightViewData.h" 2044
"../../../Engine/Shaders/Shared/RayTracingTypes.h" 2045
"../../../Engine/Shaders/Shared/HLSLStaticAssert.h" 2046
"../../../Engine/Shaders/Private/CommonViewUniformBuffer.ush" 2047
"../../../Engine/Shaders/Private/InstancedStereo.ush" 2048
"../../../Engine/Shaders/Private/Definitions.usf" 2049
"../../../Engine/Shaders/Private/AssertionMacros.ush" 2050
"../../../Engine/Shaders/Private/FastMath.ush" 2051
"../../../Engine/Shaders/Private/FastMathThirdParty.ush" 2052
"../../../Engine/Shaders/Private/Random.ush" 2053
"../../../Engine/Shaders/Private/RandomInterleavedGradientNoise.ush" 2054
"../../../Engine/Shaders/Private/SceneData.ush" 2055
"../../../Engine/Shaders/Private/OctahedralCommon.ush" 2056
"../../../Engine/Shaders/Private/WaveOpUtil.ush" 2057
"../../../Engine/Shaders/Private/ByteBuffer.ush" 2058
"../../../Engine/Shaders/Shared/SceneDefinitions.h" 2059
"../../../Engine/Shaders/Private/SceneDataMobileLoader.ush" 2060
"../../../Engine/Shaders/Private/LocalVertexFactoryCommon.ush" 2061
"../../../Engine/Shaders/Private/HairStrands/HairStrandsVisibilityCommon.ush" 2062
"../../../Engine/Shaders/Shared/HairStrandsDefinitions.h" 2063
"../../../Engine/Shaders/Private/HairStrands/HairStrandsVertexFactoryCommon.ush" 2064
"../../../Engine/Shaders/Private/HairStrands/HairStrandsPack.ush" 2065
"../../../Engine/Shaders/Private/HairStrands/HairStrandsAttributeCommon.ush" 2066
"../../../Engine/Shaders/Private/HairStrands/HairStrandsAttributeTemplate.ush" 2067
"../../../Engine/Shaders/Private/VertexFactoryDefaultInterface.ush" 2068
"../../../Engine/Shaders/Private/HairStrands/HairCardsVertexFactory.ush" 2069
"../../../Engine/Shaders/Private/HairStrands/HairCardsAttributeCommon.ush" 2070
"../../../Engine/Shaders/Private/RayTracing/RayTracingCommon.ush" 2071
"../../../Engine/Shaders/Private/ShadingCommon.ush" 2072
"../../../Engine/Shaders/Shared/RayTracingPayloadType.h" 2073
"../../../Engine/Shaders/Private/RayTracing/RayTracingRayCone.ush" 2074
"../../../Engine/Shaders/Private/Substrate/Substrate.ush" 2075
"../../../Engine/Shaders/Private/ShadingEnergyConservation.ush" 2076
"../../../Engine/Shaders/Private/ShadingEnergyConservationTemplate.ush" 2077
"../../../Engine/Shaders/Private/BRDF.ush" 2078
"../../../Engine/Shaders/Private/ColorSpace.ush" 2079
"../../../Engine/Shaders/Private/DeferredShadingCommon.ush" 2080
"../../../Engine/Shaders/Private/LightAccumulator.ush" 2081
"../../../Engine/Shaders/Private/SceneTexturesCommon.ush" 2082
"../../../Engine/Shaders/Private/MonteCarlo.ush" 2083
"../../../Engine/Shaders/Private/GBufferHelpers.ush" 2084
"../../../Engine/Shaders/Private/SceneTextureParameters.ush" 2085
"C:/Users/cjoyn/OneDrive/Documents/Unreal Projects/CIS488UnrealProject/TheMarbelousAscent/Intermediate/ShaderAutogen/PCD3D_SM6/AutogenShaderHeaders.ush" 2086
"../../../Engine/Shaders/Private/ParticipatingMediaCommon.ush" 2087
"../../../Engine/Shaders/Private/ThinFilmBSDF.ush" 2088
"../../../Engine/Shaders/Private/MortonCode.ush" 2089
"../../../Engine/Shaders/Private/SubsurfaceProfileCommon.ush" 2090
"../../../Engine/Shaders/Private/BurleyNormalizedSSSCommon.ush" 2091
"../../../Engine/Shaders/Private/GammaCorrectionCommon.ush" 2092
"../../../Engine/Shaders/Shared/SubstrateDefinitions.h" 2093
"../../../Engine/Shaders/Private/Substrate/SubstrateStatisticalOperators.ush" 2094
"../../../Engine/Shaders/Private/Substrate/SubstrateSubsurface.ush" 2095
"../../../Engine/Shaders/Private/TransmissionCommon.ush" 2096
"../../../Engine/Shaders/Private/Substrate/SubstrateExportCommon.ush" 2097
"../../../Engine/Shaders/Private/SpecularProfileCommon.ush" 2098
"../../../Engine/Shaders/Private/RayTracing/RayTracingCommonMetal.ush" 2099
"../../../Engine/Shaders/Private/PositionReconstructionCommon.ush" 2100
"../../../Engine/Shaders/Private/RayTracing/TraceRayInline.ush" 2101
"../../../Engine/Shaders/Private/RayTracing/TraceRayInlineCommon.ush" 2102
"../../../Engine/Shaders/Private/RayTracing/TraceRayInlineVulkan.ush" 2103
"../../../Engine/Shaders/Private/RayTracing/TraceRayInlineMetal.ush" 2104
"../../../Engine/Shaders/Private/RayTracing/RayTracingHitGroupCommon.ush" 2105
"../../../Engine/Shaders/Private/Nanite/NaniteRayTrace.ush" 2106
"../../../Engine/Shaders/Private/Nanite/NaniteDataDecode.ush" 2107
"../../../Engine/Shaders/Private/BitPacking.ush" 2108
"../../../Engine/Shaders/Private/BitStreamReaderImplementation.ush" 2109
"../../../Engine/Shaders/Private/BoneTransform.ush" 2110
"../../../Engine/Shaders/Private/Quaternion.ush" 2111
"../../../Engine/Shaders/Private/Skinning/SkinningDataDecode.ush" 2112
"../../../Engine/Shaders/Private/GpuSkinCommon.ush" 2113
"../../../Engine/Shaders/Shared/SkinningDefinitions.h" 2114
"../../../Engine/Shaders/Shared/NaniteDefinitions.h" 2115
"../../../Engine/Shaders/Private/Nanite/NaniteAttributeDecode.ush" 2116
"../../../Engine/Shaders/Private/Barycentrics.ush" 2117
"../../../Engine/Shaders/Private/DualNumber.ush" 2118
"../../../Engine/Shaders/Shared/ThirdParty/RayTriangleIntersection.h" 2119
"../../../Engine/Shaders/Private/Nanite/NaniteVertexFetch.ush" 2120
"../../../Engine/Shaders/Private/ViewData.ush" 2121
"../../../Engine/Shaders/Shared/ViewDefinitions.h" 2122
"../../../Engine/Shaders/Private/Nanite/NaniteSceneCommon.ush" 2123
"../../../Engine/Shaders/Private/RayTracing/TraceRayInlineD3D12.ush" 2124
"../../../Engine/Plugins/FX/Niagara/Shaders/Private/NiagaraSpriteVertexFactory.ush" 2125
"../../../Engine/Shaders/Private/ParticleVertexFactoryCommon.ush" 2126
"../../../Engine/Plugins/FX/Niagara/Shaders/Private/NiagaraVFCommon.usf" 2127
"../../../Engine/Plugins/FX/Niagara/Shaders/Private/NiagaraVFParticleAccess.usf" 2128
"../../../Engine/Plugins/FX/Niagara/Shaders/Private/NiagaraParticleAccess.ush" 2129
"../../../Engine/Plugins/FX/Niagara/Shaders/Private/NiagaraRibbonVertexFactory.ush" 2130
"../../../Engine/Plugins/FX/Niagara/Shaders/Private/NiagaraMeshVertexFactory.ush" 2131
"../../../Engine/Plugins/FX/Niagara/Shaders/Private/NiagaraCommon.ush" 2132
"../../../Engine/Plugins/FX/Niagara/Shaders/Private/NiagaraMeshParticleUtils.ush" 2133
"../../../Engine/Shaders/Private/VectorFieldVisualizationVertexFactory.ush" 2134
"../../../Engine/Shaders/Private/Nanite/NaniteVertexFactory.ush" 2135
"../../../Engine/Shaders/Private/LightmapData.ush" 2136
"../../../Engine/Shaders/Private/SplineMeshCommon.ush" 2137
"../../../Engine/Shaders/Shared/SplineMeshShaderParams.h" 2138
"../../../Engine/Shaders/Private/ShaderPrint.ush" 2139
"../../../Engine/Shaders/Private/ShaderPrintCommon.ush" 2140
"../../../Engine/Shaders/Private/MiniFontCommon.ush" 2141
"../../../Engine/Shaders/Private/SGGX.ush" 2142
"../../../Engine/Shaders/Private/MaterialCache/MaterialCacheCommon.ush" 2143
"../../../Engine/Shaders/Private/Nanite/NaniteVertexDeformation.ush" 2144
"../../../Engine/Shaders/Private/Matrices.ush" 2145
"../../../Engine/Shaders/Private/ParticleSpriteVertexFactory.ush" 2146
"../../../Engine/Shaders/Private/ParticleGPUSpriteVertexFactory.ush" 2147
"../../../Engine/Shaders/Private/ParticleSimulationCommon.ush" 2148
"../../../Engine/Shaders/Private/ParticleBeamTrailVertexFactory.ush" 2149
"../../../Engine/Shaders/Private/MeshParticleVertexFactory.ush" 2150
"../../../Engine/Shaders/Private/LocalVertexFactory.ush" 2151
"../../../Engine/Shaders/Private/GpuSkinVertexFactory.ush" 2152
"../../../Engine/Shaders/Private/GeometryCollectionVertexFactory.ush" 2153
"../../../Engine/Shaders/Private/GeometryCacheVertexFactory.ush" 2154
"../../../Engine/Shaders/Private/LandscapeVertexFactory.ush" 2155
"../../../Engine/Plugins/Enterprise/GLTFExporter/Shaders/Private/SimpleTexture2DPS.usf" 2156
"../../../Engine/Shaders/Private/SimpleElementNormalMapPixelShader.usf" 2157
"../../../Engine/Plugins/Runtime/HairStrands/Shaders/Private/NiagaraCopyVelocityGrid.usf" 2158
"../../../Engine/Plugins/Runtime/HairStrands/Shaders/Private/NiagaraClearVelocityGrid.usf" 2159
"../../../Engine/Plugins/Runtime/HairStrands/Shaders/Private/NiagaraClearPressureGrid.usf" 2160
"../../../Engine/Plugins/Runtime/HairStrands/Shaders/Private/NiagaraInterpolateGroomGuides.usf" 2161
"../../../Engine/Plugins/Runtime/HairStrands/Shaders/Private/NiagaraGroomInterpolationUtils.ush" 2162
"../../../Engine/Plugins/FX/Niagara/Shaders/Private/NiagaraQuaternionUtils.ush" 2163
"../../../Engine/Shaders/Private/HairStrands/HairStrandsMesh.usf" 2164
"../../../Engine/Shaders/Private/HairStrands/HairStrandsBindingCommon.ush" 2165
"../../../Engine/Shaders/Private/HairStrands/HairStrandsFollicleMask.usf" 2166
"../../../Engine/Shaders/Private/HairStrands/HairStrandsSkinUpdate.usf" 2167
"../../../Engine/Shaders/Private/HairStrands/HairStrandsClusterCulling.usf" 2168
"../../../Engine/Shaders/Private/ColorMap.ush" 2169
"../../../Engine/Shaders/Private/HairStrands/HairStrandsAABBCommon.ush" 2170
"../../../Engine/Shaders/Private/HairStrands/HairStrandsClusterCommon.ush" 2171
"../../../Engine/Shaders/Private/ThreadGroupPrefixSum.ush" 2172
"../../../Engine/Shaders/Private/HairStrands/HairStrandsRaytracingGeometry.usf" 2173
"../../../Engine/Shaders/Private/HairStrands/HairStrandsTangent.usf" 2174
"../../../Engine/Shaders/Private/HairStrands/HairCardsDeformation.usf" 2175
"../../../Engine/Shaders/Private/HairStrands/HairStrandsInterpolation.usf" 2176
"../../../Engine/Shaders/Private/HairStrands/HairStrandsGuideDeform.usf" 2177
"../../../Engine/Shaders/Private/HairStrands/HairStrandsTexturesGeneration.usf" 2178
"../../../Engine/Shaders/Private/HairStrands/HairCardsTextureCommon.ush" 2179
"../../../Engine/Shaders/Private/HairStrands/HairStrandsTranscode.usf" 2180
"../../../Engine/Shaders/Private/HairStrands/HairStrandsDebug.usf" 2181
"../../../Engine/Shaders/Private/HairShadingCommon.ush" 2182
"../../../Engine/Shaders/Private/PostProcessCommon.ush" 2183
"../../../Engine/Shaders/Private/ShadingModels.ush" 2184
"../../../Engine/Shaders/Private/CapsuleLight.ush" 2185
"../../../Engine/Shaders/Private/RectLight.ush" 2186
"../../../Engine/Shaders/Private/LightData.ush" 2187
"../../../Engine/Shaders/Shared/LightDefinitions.h" 2188
"../../../Engine/Shaders/Private/AreaLightCommon.ush" 2189
"../../../Engine/Shaders/Private/HairBsdf.ush" 2190
"../../../Engine/Shaders/Private/PathTracing/Utilities/PathTracingRandomSequence.ush" 2191
"../../../Engine/Shaders/Private/MobileGGX.ush" 2192
"../../../Engine/Shaders/Private/HairStrands/HairStrandsCommon.ush" 2193
"../../../Engine/Shaders/Private/HairStrands/HairStrandsEnvironmentLightingCommon.ush" 2194
"../../../Engine/Shaders/Private/HairStrands/HairStrandsDeepTransmittanceCommon.ush" 2195
"../../../Engine/Shaders/Private/HairStrands/HairStrandsDeepTransmittanceDualScattering.ush" 2196
"../../../Engine/Shaders/Private/HairStrands/HairStrandsDeepShadowCommon.ush" 2197
"../../../Engine/Shaders/Private/HairStrands/HairStrandsDebugCommonStruct.ush" 2198
"../../../Engine/Plugins/FX/Niagara/Shaders/Private/NiagaraVertexFactoryExport.usf" 2199
"../../../Engine/Shaders/Private/ComputeShaderUtils.ush" 2200
"../../../Engine/Shaders/Private/MaterialTemplate.ush" 2201
"../../../Engine/Shaders/Private/WorldSpaceMath.ush" 2202
"../../../Engine/Shaders/Private/EyeAdaptationCommon.ush" 2203
"../../../Engine/Shaders/Private/SobolRandom.ush" 2204
"../../../Engine/Shaders/Private/DepthOfFieldCommon.ush" 2205
"../../../Engine/Shaders/Private/CircleDOFCommon.ush" 2206
"../../../Engine/Shaders/Private/DistanceField/GlobalDistanceFieldShared.ush" 2207
"../../../Engine/Shaders/Private/PhysicsFieldSampler.ush" 2208
"../../../Engine/Shaders/Private/PhysicsFieldShared.ush" 2209
"../../../Engine/Shaders/Private/SparseVolumeTexture/SparseVolumeTextureCommon.ush" 2210
"../../../Engine/Shaders/Shared/EnvironmentComponentsFlags.h" 2211
"../../../Engine/Shaders/Private/MeshPaintTextureCommon.ush" 2212
"../../../Engine/Shaders/Private/VirtualTextureMaterial.ush" 2213
"../../../Engine/Shaders/Private/MaterialCache/MaterialCacheMaterialCommon.ush" 2214
"../../../Engine/Shaders/Private/Quantization.ush" 2215
"../../../Engine/Shaders/Private/SpeedTreeCommon.ush" 2216
"../../../Engine/Shaders/Private/VirtualTextureCommon.ush" 2217
"../../../Engine/Shaders/Public/IndirectVirtualTextureCommon.ush" 2218
"../../../Engine/Shaders/Private/MaterialTexture.ush" 2219
"../../../Engine/Shaders/Private/MinMaterialTexCoords.ush" 2220
"../../../Engine/Shaders/Private/SkyAtmosphereCommon.ush" 2221
"../../../Engine/Shaders/Private/SingleLayerWaterCommon.ush" 2222
"../../../Engine/Shaders/Private/TextureSampling.ush" 2223
"../../../Engine/Shaders/Private/PaniniProjection.ush" 2224
"../../../Engine/Shaders/Private/DBufferNormalReprojection.ush" 2225
"../../../Engine/Shaders/Public/SubstratePublic.ush" 2226
"../../../Engine/Shaders/Private/Substrate/SubstrateRead.ush" 2227
"../../../Engine/Shaders/Private/Substrate/SubstrateTree.ush" 2228
"../../../Engine/Shaders/Private/Substrate/SubstrateEvaluation.ush" 2229
"../../../Engine/Shaders/Private/Substrate/Glint/GlintThirdParty.ush" 2230
"../../../Engine/Shaders/Private/BlueNoise.ush" 2231
"../../../Engine/Shaders/Private/SHCommon.ush" 2232
"../../../Engine/Shaders/Private/ShadingModelsSampling.ush" 2233
"../../../Engine/Shaders/Private/HairStrands/HairBsdfSample.ush" 2234
"../../../Engine/Shaders/Private/Substrate/SubstrateLegacyConversion.ush" 2235
"../../../Engine/Shaders/Private/DBufferDecalShared.ush" 2236
"../../../Engine/Plugins/FX/Niagara/Shaders/Private/NiagaraSortKeyGen.usf" 2237
"../../../Engine/Plugins/FX/Niagara/Shaders/Private/NiagaraGPURayTracingTransforms.usf" 2238
"../../../Engine/Plugins/FX/Niagara/Shaders/Private/NiagaraDrawIndirectArgsGen.usf" 2239
"../../../Engine/Plugins/FX/Niagara/Shaders/Private/NiagaraDispatchIndirectArgsGen.usf" 2240
"../../../Engine/Plugins/FX/Niagara/Shaders/Private/Stateless/NiagaraStatelessSimulationDefault.usf" 2241
"../../../Engine/Plugins/FX/Niagara/Shaders/Private/Stateless/NiagaraStatelessCommon.ush" 2242
"../../../Engine/Plugins/FX/Niagara/Shaders/Shared/NiagaraStatelessDefinitions.h" 2243
"../../../Engine/Plugins/FX/Niagara/Shaders/Shared/NiagaraStatelessBuiltDistribution.h" 2244
"../../../Engine/Plugins/FX/Niagara/Shaders/Private/Stateless/NiagaraStatelessDistribution.ush" 2245
"../../../Engine/Plugins/FX/Niagara/Shaders/Private/Stateless/Template/GenerateCS_PreModules.ush" 2246
"../../../Engine/Plugins/FX/Niagara/Shaders/Private/Stateless/Modules/NiagaraStatelessModule_CalculateAccurateVelocity.ush" 2247
"../../../Engine/Plugins/FX/Niagara/Shaders/Private/Stateless/Modules/NiagaraStatelessModule_CameraOffset.ush" 2248
"../../../Engine/Plugins/FX/Niagara/Shaders/Private/Stateless/Modules/NiagaraStatelessModule_DynamicMaterialParameters.ush" 2249
"../../../Engine/Plugins/FX/Niagara/Shaders/Private/Stateless/Modules/NiagaraStatelessModule_InitializeParticle.ush" 2250
"../../../Engine/Plugins/FX/Niagara/Shaders/Private/Stateless/Modules/NiagaraStatelessModule_InitialMeshOrientation.ush" 2251
"../../../Engine/Plugins/FX/Niagara/Shaders/Private/Stateless/Modules/NiagaraStatelessModule_MeshIndex.ush" 2252
"../../../Engine/Plugins/FX/Niagara/Shaders/Private/Stateless/Modules/NiagaraStatelessModule_MeshRotationRate.ush" 2253
"../../../Engine/Plugins/FX/Niagara/Shaders/Private/Stateless/Modules/NiagaraStatelessModule_RotateAroundPoint.ush" 2254
"../../../Engine/Plugins/FX/Niagara/Shaders/Private/Stateless/Modules/NiagaraStatelessModule_ShapeLocation.ush" 2255
"../../../Engine/Plugins/FX/Niagara/Shaders/Private/Stateless/Modules/NiagaraStatelessModule_ScaleColor.ush" 2256
"../../../Engine/Plugins/FX/Niagara/Shaders/Private/Stateless/Modules/NiagaraStatelessModule_ScaleRibbonWidth.ush" 2257
"../../../Engine/Plugins/FX/Niagara/Shaders/Private/Stateless/Modules/NiagaraStatelessModule_ScaleSpriteSize.ush" 2258
"../../../Engine/Plugins/FX/Niagara/Shaders/Private/Stateless/Modules/NiagaraStatelessModule_ScaleSpriteSizeBySpeed.ush" 2259
"../../../Engine/Plugins/FX/Niagara/Shaders/Private/Stateless/Modules/NiagaraStatelessModule_ScaleMeshSize.ush" 2260
"../../../Engine/Plugins/FX/Niagara/Shaders/Private/Stateless/Modules/NiagaraStatelessModule_ScaleMeshSizebySpeed.ush" 2261
"../../../Engine/Plugins/FX/Niagara/Shaders/Private/Stateless/Modules/NiagaraStatelessModule_SolveVelocitiesAndForces.ush" 2262
"../../../Engine/Plugins/FX/Niagara/Shaders/Private/Stateless/Modules/NiagaraStatelessModule_SpriteFacingAndAlignment.ush" 2263
"../../../Engine/Plugins/FX/Niagara/Shaders/Private/Stateless/Modules/NiagaraStatelessModule_SpriteRotationRate.ush" 2264
"../../../Engine/Plugins/FX/Niagara/Shaders/Private/Stateless/Modules/NiagaraStatelessModule_SubUVAnimation.ush" 2265
"../../../Engine/Plugins/FX/Niagara/Shaders/Private/Stateless/Template/GenerateCS_PostModules.ush" 2266
"../../../Engine/Plugins/FX/Niagara/Shaders/Private/NiagaraBlendSVTsToDenseBuffer.usf" 2267
"../../../Engine/Plugins/FX/Niagara/Shaders/Private/NiagaraSVTToDenseBuffer.usf" 2268
"../../../Engine/Plugins/FX/Niagara/Shaders/Private/NiagaraFillIntBuffer.usf" 2269
"../../../Engine/Plugins/FX/Niagara/Shaders/Private/NiagaraComputeFreeIDs.usf" 2270
"../../../Engine/Plugins/FX/Niagara/Shaders/Private/NiagaraInitFreeIDBuffer.usf" 2271
"../../../Engine/Plugins/FX/Niagara/Shaders/Private/NiagaraEmitterInstanceShader.usf" 2272
"../../../Engine/Plugins/FX/Niagara/Shaders/Private/NiagaraShaderVersion.ush" 2273
"../../../Engine/Plugins/FX/Niagara/Shaders/Private/NiagaraPhysicsCommon.ush" 2274
"../../../Engine/Plugins/FX/Niagara/Shaders/Private/Ribbons/NiagaraRibbonAggregationApply.usf" 2275
"../../../Engine/Plugins/FX/Niagara/Shaders/Private/Ribbons/NiagaraRibbonCommon.ush" 2276
"../../../Engine/Plugins/FX/Niagara/Shaders/Shared/NiagaraRibbonShared.h" 2277
"../../../Engine/Plugins/FX/Niagara/Shaders/Private/Ribbons/NiagaraRibbonAggregationStep.usf" 2278
"../../../Engine/Plugins/FX/Niagara/Shaders/Private/Ribbons/NiagaraRibbonGenerateIndices.usf" 2279
"../../../Engine/Plugins/FX/Niagara/Shaders/Private/Ribbons/NiagaraRibbonInitializeIndices.usf" 2280
"../../../Engine/Plugins/FX/Niagara/Shaders/Private/Ribbons/NiagaraRibbonRibbonUVParamCalculation.usf" 2281
"../../../Engine/Plugins/FX/Niagara/Shaders/Private/Ribbons/NiagaraRibbonVertexReductionFinalization.usf" 2282
"../../../Engine/Plugins/FX/Niagara/Shaders/Private/Ribbons/NiagaraRibbonVertexReductionInitialization.usf" 2283
"../../../Engine/Plugins/FX/Niagara/Shaders/Private/Ribbons/NiagaraRibbonSortParticles.usf" 2284
"../../../Engine/Plugins/FX/Niagara/Shaders/Private/NiagaraLWCHelper.usf" 2285
"../../../Engine/Plugins/FX/Niagara/Shaders/Private/NiagaraUpdateMeshGPUSceneInstances.usf" 2286
"../../../Engine/Shaders/Private/GPUScene/GPUSceneWriter.ush" 2287
"../../../Engine/Plugins/FX/Niagara/Shaders/Private/NiagaraGenerateMips.usf" 2288
"../../../Engine/Plugins/FX/Niagara/Shaders/Private/NiagaraDebugDraw.usf" 2289
"../../../Engine/Plugins/FX/Niagara/Shaders/Private/NiagaraDebugDraw.ush" 2290
"../../../Engine/Plugins/FX/Niagara/Shaders/Private/NiagaraVisualizeTexture.usf" 2291
"../../../Engine/Plugins/FX/Niagara/Shaders/Private/NiagaraClearCounts.usf" 2292
"../../../Engine/Plugins/FX/Niagara/Shaders/Private/NiagaraBatchedElements.usf" 2293
"../../../Engine/Plugins/FX/Niagara/Shaders/Private/NiagaraRayTracingShaders.usf" 2294
"../../../Engine/Plugins/FX/Niagara/Shaders/Private/NiagaraAsyncGpuTraceCommon.ush" 2295
"../../../Engine/Shaders/Private/HashTable.ush" 2296
"../../../Engine/Shaders/Private/Hash.ush" 2297
"../../../Engine/Shaders/Private/RayTracing/VFXTraceRay.ush" 2298
"../../../Engine/Plugins/FX/Niagara/Shaders/Private/NiagaraRayMarchingShaders.usf" 2299
"../../../Engine/Plugins/FX/Niagara/Shaders/Private/NiagaraRayTraceCollisionGroupShaders.usf" 2300
"../../../Engine/Plugins/FX/Niagara/Shaders/Private/NiagaraAsyncGpuTraceUtils.usf" 2301
"../../../Engine/Plugins/Runtime/ComputeFramework/Shaders/Private/ComputeKernel.usf" 2302
"../../../Engine/Plugins/Runtime/ComputeFramework/Shaders/Private/ComputeKernelCommon.ush" 2303
"../../../Engine/Plugins/NNE/NNEDenoiser/Shaders/NNEDenoiserShadersTransferFunctionOidn.usf" 2304
"../../../Engine/Plugins/NNE/NNEDenoiser/Shaders/NNEDenoiserShadersMappedCopy.usf" 2305
"../../../Engine/Plugins/NNE/NNEDenoiser/Shaders/NNEDenoiserShadersDefaultIOProcess.usf" 2306
"../../../Engine/Plugins/NNE/NNEDenoiser/Shaders/NNEDenoiserShadersAutoExposureReduceFinal.usf" 2307
"../../../Engine/Plugins/NNE/NNEDenoiser/Shaders/NNEDenoiserShadersAutoExposureReduce.usf" 2308
"../../../Engine/Plugins/NNE/NNEDenoiser/Shaders/NNEDenoiserShadersAutoExposureDownsample.usf" 2309
"../../../Engine/Plugins/Media/WmfMedia/Shaders/Private/MediaHardwareVideoDecoding.usf" 2310
"../../../Engine/Shaders/Private/ColorUtils.ush" 2311
"../../../Engine/Plugins/Media/ImgMedia/Shaders/Private/ExrSwizzler.usf" 2312
"../../../Engine/Plugins/Experimental/NFORDenoise/Shaders/NFORDenoise.usf" 2313
"../../../Engine/Shaders/Private/ScreenPass.ush" 2314
"../../../Engine/Plugins/Experimental/NFORDenoise/Shaders/NFORRegressionCommon.ush" 2315
"../../../Engine/Plugins/Experimental/NFORDenoise/Shaders/NFORRegression.ush" 2316
"../../../Engine/Plugins/Compositing/CompositeCore/Shaders/Private/CompositeCoreMerge.usf" 2317
"../../../Engine/Shaders/Private/LensDistortion.ush" 2318
"../../../Engine/Plugins/Compositing/CompositeCore/Shaders/Private/CompositeCoreBlending.ush" 2319
"../../../Engine/Plugins/Compositing/CompositeCore/Shaders/Private/CompositeCoreDisplayTransform.usf" 2320
"../../../Engine/Plugins/Compositing/CompositeCore/Shaders/Private/CompositeCoreDilate.usf" 2321
"../../../Engine/Shaders/Private/VirtualTextureAdapter.usf" 2322
"../../../Engine/Shaders/Private/BlockCompressionCommon.ush" 2323
"../../../Engine/Shaders/Private/BCCompressionCommon.ush" 2324
"../../../Engine/Shaders/Private/TranslucentLightingShaders.usf" 2325
"../../../Engine/Shaders/Private/TranslucencyVolumeInjectionCommon.ush" 2326
"../../../Engine/Shaders/Private/CubemapCommon.ush" 2327
"../../../Engine/Shaders/Private/VectorFieldCompositeShaders.usf" 2328
"../../../Engine/Shaders/Private/UpdateTextureShaders.usf" 2329
"../../../Engine/Shaders/Private/StereoLayerShader.usf" 2330
"../../../Engine/Shaders/Private/SparseVolumeTexture/UpdateSparseVolumeTexture.usf" 2331
"../../../Engine/Shaders/Private/MorphTargets.usf" 2332
"../../../Engine/Shaders/Private/SimpleElementColorChannelMaskPixelShader.usf" 2333
"../../../Engine/Shaders/Private/SimpleElementHitProxyPixelShader.usf" 2334
"../../../Engine/Shaders/Private/SimpleElementPixelShader.usf" 2335
"../../../Engine/Shaders/Private/IESLightProfilesCommon.ush" 2336
"../../../Engine/Shaders/Private/SimpleElementVertexShader.usf" 2337
"../../../Engine/Shaders/Private/ScreenPixelShaderOES.usf" 2338
"../../../Engine/Shaders/Private/ScreenVertexShader.usf" 2339
"../../../Engine/Shaders/Private/ScreenPixelShader.usf" 2340
"../../../Engine/Shaders/Private/SSProfilePreIntegratedMobile.usf" 2341
"../../../Engine/Shaders/Private/SpecularProfile.usf" 2342
"../../../Engine/Shaders/Private/Nanite/NaniteStreaming.usf" 2343
"../../../Engine/Shaders/Private/Nanite/NaniteStreaming.ush" 2344
"../../../Engine/Shaders/Private/VolumetricLightmapStreaming.usf" 2345
"../../../Engine/Shaders/Private/PhysicsFieldReset.usf" 2346
"../../../Engine/Shaders/Private/PhysicsFieldBuilder.usf" 2347
"../../../Engine/Shaders/Private/PhysicsFieldEval.ush" 2348
"../../../Engine/Shaders/Private/ParticleSortKeyGen.usf" 2349
"../../../Engine/Shaders/Private/ParticleBoundsShader.usf" 2350
"../../../Engine/Shaders/Private/ParticleSimVisualizeShader.usf" 2351
"../../../Engine/Shaders/Private/ParticleInjectionShader.usf" 2352
"../../../Engine/Shaders/Private/ParticleSimulationShader.usf" 2353
"../../../Engine/Shaders/Private/ParticleCurveInjectionShader.usf" 2354
"../../../Engine/Shaders/Private/Nanite/NaniteTranscode.usf" 2355
"../../../Engine/Shaders/Private/Nanite/NaniteScatterUpdates.usf" 2356
"../../../Engine/Shaders/Private/CopyUIntBuffer.usf" 2357
"../../../Engine/Shaders/Private/RadixSortShaders.usf" 2358
"../../../Engine/Shaders/Private/RecomputeTangentsPerVertexPass.usf" 2359
"../../../Engine/Shaders/Private/RecomputeTangentsCommon.ush" 2360
"../../../Engine/Shaders/Private/RecomputeTangentsPerTrianglePass.usf" 2361
"../../../Engine/Shaders/Private/DynamicMeshBounds.usf" 2362
"../../../Engine/Shaders/Private/GpuSkinCacheComputeShader.usf" 2363
"../../../Engine/Shaders/Private/DynamicMeshBounds.ush" 2364
"../../../Engine/Shaders/Private/HeightFieldAtlasManagement.usf" 2365
"../../../Engine/Shaders/Private/Landscape/LandscapeEditLayersUtils.usf" 2366
"../../../Engine/Shaders/Private/Landscape/LandscapeCommon.ush" 2367
"../../../Engine/Shaders/Private/Landscape/LandscapeEditLayersWeightmaps.usf" 2368
"../../../Engine/Shaders/Private/Landscape/LandscapeEditLayersHeightmaps.usf" 2369
"../../../Engine/Shaders/Private/LandscapeLayersPS.usf" 2370
"../../../Engine/Shaders/Private/LandscapePhysicalMaterial.usf" 2371
"../../../Engine/Shaders/Private/LandscapeGrassWeight.usf" 2372
"../../../Engine/Shaders/Private/Landscape/LandscapeCulling.usf" 2373
"../../../Engine/Shaders/Private/Nanite/NaniteHZBCull.ush" 2374
"../../../Engine/Shaders/Private/HZB.ush" 2375
"../../../Engine/Shaders/Private/Landscape/LandscapeMergeTexturesPS.usf" 2376
"../../../Engine/Shaders/Private/WideCustomResolveShaders.usf" 2377
"../../../Engine/Shaders/Private/WideCustomResolve_Wide.ush" 2378
"../../../Engine/Shaders/Private/WideCustomResolve_Wider.ush" 2379
"../../../Engine/Shaders/Private/WideCustomResolve_Widest.ush" 2380
"../../../Engine/Shaders/Private/WaterInfoTextureBlur.usf" 2381
"../../../Engine/Shaders/Private/WaterInfoTextureMerge.usf" 2382
"../../../Engine/Shaders/Private/PageTableUpdate.usf" 2383
"../../../Engine/Shaders/Private/VirtualTextureCompress.usf" 2384
"../../../Engine/Shaders/Private/ASTCCompressionCommon.ush" 2385
"../../../Engine/Shaders/Private/IntegerSequenceEncoding.ush" 2386
"../../../Engine/Shaders/Private/ETCCompressionCommon.ush" 2387
"../../../Engine/Shaders/Private/VirtualTextureMaterial.usf" 2388
"../../../Engine/Shaders/Private/PixelShaderOutputCommon.ush" 2389
"../../../Engine/Shaders/Private/ShaderOutputCommon.ush" 2390
"../../../Engine/Shaders/Private/VolumetricRenderTarget.usf" 2391
"../../../Engine/Shaders/Private/HeightFogCommon.ush" 2392
"../../../Engine/Shaders/Private/LocalFogVolumes/LocalFogVolumeCommon.ush" 2393
"../../../Engine/Shaders/Private/ReflectionEnvironmentShared.ush" 2394
"../../../Engine/Shaders/Private/VolumetricFogVoxelization.usf" 2395
"../../../Engine/Shaders/Private/VolumetricCloudMaterialPixelCommon.ush" 2396
"../../../Engine/Shaders/Private/VolumetricFogLightFunction.usf" 2397
"../../../Engine/Shaders/Private/LightFunctionCommon.ush" 2398
"../../../Engine/Shaders/Private/VolumetricFog.usf" 2399
"../../../Engine/Shaders/Private/DeferredLightingCommon.ush" 2400
"../../../Engine/Shaders/Private/DynamicLightingCommon.ush" 2401
"../../../Engine/Shaders/Private/CapsuleLightIntegrate.ush" 2402
"../../../Engine/Shaders/Private/CapsuleLightSampling.ush" 2403
"../../../Engine/Shaders/Private/RectLightIntegrate.ush" 2404
"../../../Engine/Shaders/Private/ScreenSpaceShadowRayCast.ush" 2405
"../../../Engine/Shaders/Private/LightFunctionAtlas/LightFunctionAtlasCommon.usf" 2406
"../../../Engine/Shaders/Private/LightGridCommon.ush" 2407
"../../../Engine/Shaders/Private/DistanceFieldAOShared.ush" 2408
"../../../Engine/Shaders/Private/IntersectionUtils.ush" 2409
"../../../Engine/Shaders/Private/VolumeLightingCommon.ush" 2410
"../../../Engine/Shaders/Private/ShadowProjectionCommon.ush" 2411
"../../../Engine/Shaders/Private/ShadowFilteringCommon.ush" 2412
"../../../Engine/Shaders/Private/PixelQuadMessagePassing.ush" 2413
"../../../Engine/Shaders/Private/VolumeLightingCommonSampling.ush" 2414
"../../../Engine/Shaders/Private/VolumetricLightmapShared.ush" 2415
"../../../Engine/Shaders/Private/ForwardShadowingCommon.ush" 2416
"../../../Engine/Shaders/Private/LightDataUniforms.ush" 2417
"../../../Engine/Shaders/Private/Lumen/LumenTranslucencyVolumeShared.ush" 2418
"../../../Engine/Shaders/Private/Lumen/LumenRadianceCacheInterpolation.ush" 2419
"../../../Engine/Shaders/Private/VirtualShadowMaps/VirtualShadowMapProjectionCommon.ush" 2420
"../../../Engine/Shaders/Private/VirtualShadowMaps/VirtualShadowMapPageAccessCommon.ush" 2421
"../../../Engine/Shaders/Shared/VirtualShadowMapDefinitions.h" 2422
"../../../Engine/Shaders/Shared/HLSLMathAliases.h" 2423
"../../../Engine/Shaders/Private/VirtualShadowMaps/VirtualShadowMapHandle.ush" 2424
"../../../Engine/Shaders/Private/VirtualShadowMaps/VirtualShadowMapProjectionStructs.ush" 2425
"../../../Engine/Shaders/Private/DiaphragmDOF/DOFCommon.ush" 2426
"../../../Engine/Shaders/Private/VolumetricCloudCommon.ush" 2427
"../../../Engine/Shaders/Private/VolumetricCloud.usf" 2428
"../../../Engine/Shaders/Private/VisualizeVolumetricLightmap.usf" 2429
"../../../Engine/Shaders/Private/VirtualShadowMaps/VirtualShadowMapProjectionComposite.usf" 2430
"../../../Engine/Shaders/Private/LightShaderParameters.ush" 2431
"../../../Engine/Shaders/Private/VirtualShadowMaps/VirtualShadowMapMaskBitsCommon.ush" 2432
"../../../Engine/Shaders/Private/VirtualShadowMaps/VirtualShadowMapLightGrid.ush" 2433
"../../../Engine/Shaders/Private/VirtualShadowMaps/VirtualShadowMapProjection.usf" 2434
"../../../Engine/Shaders/Private/Visualization.ush" 2435
"../../../Engine/Shaders/Private/VirtualShadowMaps/VirtualShadowMapProjectionFilter.ush" 2436
"../../../Engine/Shaders/Private/VirtualShadowMaps/VirtualShadowMapProjectionDirectional.ush" 2437
"../../../Engine/Shaders/Private/VirtualShadowMaps/VirtualShadowMapSMRTCommon.ush" 2438
"../../../Engine/Shaders/Private/VirtualShadowMaps/VirtualShadowMapSMRTTemplate.ush" 2439
"../../../Engine/Shaders/Private/VirtualShadowMaps/VirtualShadowMapProjectionSpot.ush" 2440
"../../../Engine/Shaders/Private/VirtualShadowMaps/VirtualShadowMapTransmissionCommon.ush" 2441
"../../../Engine/Shaders/Private/VirtualShadowMaps/VirtualShadowMapScreenRayTrace.ush" 2442
"../../../Engine/Shaders/Private/VirtualShadowMaps/VirtualShadowMapStats.ush" 2443
"../../../Engine/Shaders/Private/HairStrands/HairStrandsVoxelPageCommon.ush" 2444
"../../../Engine/Shaders/Private/HairStrands/HairStrandsVoxelPageTraversal.ush" 2445
"../../../Engine/Shaders/Private/VirtualShadowMaps/VirtualShadowMapCacheGPUInvalidation.usf" 2446
"../../../Engine/Shaders/Private/VirtualShadowMaps/VirtualShadowMapPageCacheCommon.ush" 2447
"../../../Engine/Shaders/Private/VirtualShadowMaps/VirtualShadowMapCacheInvalidation.ush" 2448
"../../../Engine/Shaders/Private/VirtualShadowMaps/VirtualShadowMapPageOverlap.ush" 2449
"../../../Engine/Shaders/Private/ScreenSpaceDenoise/SSDDefinitions.ush" 2450
"../../../Engine/Shaders/Private/InstanceCulling/InstanceCullingLoadBalancer.ush" 2451
"../../../Engine/Shaders/Private/VirtualShadowMaps/VirtualShadowMapCacheLoadBalancer.usf" 2452
"../../../Engine/Shaders/Private/VirtualShadowMaps/VirtualShadowMapCopyStats.usf" 2453
"../../../Engine/Shaders/Private/VirtualShadowMaps/VirtualShadowMapShadowCasterBounds.usf" 2454
"../../../Engine/Shaders/Private/VirtualShadowMaps/VirtualShadowMapVisualize.ush" 2455
"../../../Engine/Shaders/Private/VirtualShadowMaps/VirtualShadowMapShadowCasterColor.usf" 2456
"../../../Engine/Shaders/Private/VirtualShadowMaps/VirtualShadowMapDebug.usf" 2457
"../../../Engine/Shaders/Private/VirtualShadowMaps/Desaturate.usf" 2458
"../../../Engine/Shaders/Private/VirtualShadowMaps/VirtualShadowMapPhysicalPageManagement.usf" 2459
"../../../Engine/Shaders/Private/ReductionCommon.ush" 2460
"../../../Engine/Shaders/Private/GPUMessaging.ush" 2461
"../../../Engine/Shaders/Private/VirtualShadowMaps/VirtualShadowMapPerPageDispatch.ush" 2462
"../../../Engine/Shaders/Private/VirtualShadowMaps/VirtualShadowMapComputeExplicitChunkDrawsViewMask.usf" 2463
"../../../Engine/Shaders/Shared/SceneCullingDefinitions.h" 2464
"../../../Engine/Shaders/Private/VirtualShadowMaps/VirtualShadowMapCompactViews.usf" 2465
"../../../Engine/Shaders/Private/VirtualShadowMaps/VirtualShadowMapBuildPerPageDrawCommands.usf" 2466
"../../../Engine/Shaders/Private/Nanite/NaniteCullingCommon.ush" 2467
"../../../Engine/Shaders/Private/Nanite/NaniteCulling.ush" 2468
"../../../Engine/Shaders/Private/Nanite/NaniteHierarchyTraversalCommon.ush" 2469
"../../../Engine/Shaders/Private/InstanceCulling/InstanceCullingCommon.ush" 2470
"../../../Engine/Shaders/Shared/InstanceCullingDefinitions.h" 2471
"../../../Engine/Shaders/Private/VirtualShadowMaps/VirtualShadowMapPrintStats.usf" 2472
"../../../Engine/Shaders/Private/VirtualShadowMaps/VirtualShadowMapPageManagement.usf" 2473
"../../../Engine/Shaders/Private/VirtualShadowMaps/VirtualShadowMapPageMarking.usf" 2474
"../../../Engine/Shaders/Private/VirtualShadowMaps/VirtualShadowMapPageMarking.ush" 2475
"../../../Engine/Shaders/Shared/SingleLayerWaterDefinitions.h" 2476
"../../../Engine/Shaders/Private/HairStrands/HairStrandsTileCommon.ush" 2477
"../../../Engine/Shaders/Private/Froxel/Froxel.ush" 2478
"../../../Engine/Shaders/Shared/FroxelDefinitions.h" 2479
"../../../Engine/Shaders/Private/VirtualShadowMaps/VirtualShadowMapThrottle.usf" 2480
"../../../Engine/Shaders/Private/VelocityUpdate.usf" 2481
"../../../Engine/Shaders/Private/VelocityCommon.ush" 2482
"../../../Engine/Shaders/Private/VelocityShader.usf" 2483
"../../../Engine/Shaders/Private/VariableRateShading/VRSShadingRatePreview.usf" 2484
"../../../Engine/Shaders/Private/VariableRateShading/VRSShadingRateCommon.ush" 2485
"../../../Engine/Shaders/Private/VariableRateShading/VRSShadingRateCombine.usf" 2486
"../../../Engine/Shaders/Private/VariableRateShading/VRSShadingRateFoveated.usf" 2487
"../../../Engine/Shaders/Private/VariableRateShading/VRSShadingRateReproject.usf" 2488
"../../../Engine/Shaders/Private/VariableRateShading/VRSShadingRateCalculate.usf" 2489
"../../../Engine/Shaders/Private/TranslucencyUpsampling.usf" 2490
"../../../Engine/Shaders/Private/ComposeSeparateTranslucency.usf" 2491
"../../../Engine/Shaders/Private/SeparateTranslucency.ush" 2492
"../../../Engine/Shaders/Private/TranslucencyVolumeVisualize.usf" 2493
"../../../Engine/Shaders/Private/TranslucencyVolumeCommon.ush" 2494
"../../../Engine/Shaders/Private/TranslucentLightInjectionShaders.usf" 2495
"../../../Engine/Shaders/Private/HeterogeneousVolumes/HeterogeneousVolumesAdaptiveVolumetricShadowMapSampling.ush" 2496
"../../../Engine/Shaders/Private/HeterogeneousVolumes/HeterogeneousVolumesAdaptiveVolumetricShadowMapUtils.ush" 2497
"../../../Engine/Shaders/Private/HeterogeneousVolumes/HeterogeneousVolumesBeerShadowMapUtils.ush" 2498
"../../../Engine/Shaders/Private/TranslucentShadowDepthShaders.usf" 2499
"../../../Engine/Shaders/Private/ShadowDepthCommon.ush" 2500
"../../../Engine/Shaders/Private/RayTracing/RayTracingTest.usf" 2501
"../../../Engine/Shaders/Private/PostprocessSubsurfaceTile.usf" 2502
"../../../Engine/Shaders/Private/PostProcessSubsurfaceCommon.ush" 2503
"../../../Engine/Shaders/Private/Substrate/SubstrateVisualize.usf" 2504
"../../../Engine/Shaders/Private/Substrate/SubstrateTile.ush" 2505
"../../../Engine/Shaders/Shared/SubstrateVisualizeDefinitions.h" 2506
"../../../Engine/Shaders/Private/Substrate/SubstrateVisualizeCommon.ush" 2507
"../../../Engine/Shaders/Private/SkyLightingDiffuseShared.ush" 2508
"../../../Engine/Shaders/Private/SkyLightingShared.ush" 2509
"../../../Engine/Shaders/Private/ClearCoatCommon.ush" 2510
"../../../Engine/Shaders/Private/ReflectionEnvironmentComposite.ush" 2511
"../../../Engine/Shaders/Private/Substrate/SubstrateLightingCommon.ush" 2512
"../../../Engine/Shaders/Private/Substrate/SubstrateRoughRefraction.usf" 2513
"../../../Engine/Shaders/Private/PathTracing/Material/PathTracingFresnel.ush" 2514
"../../../Engine/Shaders/Private/PathTracing/Material/PathTracingGlossy.ush" 2515
"../../../Engine/Shaders/Private/Substrate/SubstrateMaterialSampling.usf" 2516
"../../../Engine/Shaders/Private/Substrate/SubstrateMaterialSampling.ush" 2517
"../../../Engine/Shaders/Private/Lumen/LumenPosition.ush" 2518
"../../../Engine/Shaders/Private/Substrate/SubstrateTile.usf" 2519
"../../../Engine/Shaders/Private/Substrate/SubstrateMaterialClassification.usf" 2520
"../../../Engine/Shaders/Private/Substrate/SubstrateDBuffer.usf" 2521
"../../../Engine/Shaders/Private/StochasticLighting/StochasticLightingTileClassification.usf" 2522
"../../../Engine/Shaders/Private/Lumen/LumenMaterial.ush" 2523
"../../../Engine/Shaders/Private/HairStrands/HairStrandsVisibilityUtils.ush" 2524
"../../../Engine/Shaders/Private/Lumen/LumenReflectionCommon.ush" 2525
"../../../Engine/Shaders/Private/Lumen/LumenReflectionsCombine.ush" 2526
"../../../Engine/Shaders/Private/Lumen/LumenScreenProbeTileClassication.ush" 2527
"../../../Engine/Shaders/Private/MegaLights/MegaLightsTileClassification.ush" 2528
"../../../Engine/Shaders/Private/StochasticLighting/StochasticLightingUpsample.ush" 2529
"../../../Engine/Shaders/Private/StochasticLighting/StochasticLightingCommon.ush" 2530
"../../../Engine/Shaders/Private/SplineMeshSceneTexture.usf" 2531
"../../../Engine/Shaders/Private/SparseVolumeTexture/VisualizeSparseVolumeTexture.usf" 2532
"../../../Engine/Shaders/Private/SkyAtmosphere.usf" 2533
"../../../Engine/Shaders/Private/Nanite/NaniteSkinningUpdateViewData.usf" 2534
"../../../Engine/Shaders/Private/SceneCulling/SceneCulling.ush" 2535
"../../../Engine/Shaders/Private/Skinning/TransformProviders.usf" 2536
"../../../Engine/Shaders/Private/Skinning/SkinnedMeshDebug.usf" 2537
"../../../Engine/Shaders/Private/Skinning/AnimBankEval.usf" 2538
"../../../Engine/Shaders/Private/SingleLayerWaterComposite.usf" 2539
"../../../Engine/Shaders/Private/Froxel/FroxelBuild.ush" 2540
"../../../Engine/Shaders/Private/SingleLayerWaterRefractionCulling.usf" 2541
"../../../Engine/Shaders/Private/ScreenSpaceShadows.usf" 2542
"../../../Engine/Shaders/Private/bend_sss_gpu.ush" 2543
"../../../Engine/Shaders/Private/ShadowFactorsUpsampleCommon.ush" 2544
"../../../Engine/Shaders/Private/FirstPersonSelfShadow.usf" 2545
"../../../Engine/Shaders/Private/HZBTracing.ush" 2546
"../../../Engine/Shaders/Private/LateZDummyPS.usf" 2547
"../../../Engine/Shaders/Private/ShadowProjectionVertexShader.usf" 2548
"../../../Engine/Shaders/Private/ShadowProjectionPixelShader.usf" 2549
"../../../Engine/Shaders/Private/MobileLightingCommon.ush" 2550
"../../../Engine/Shaders/Private/PlanarReflectionShared.ush" 2551
"../../../Engine/Shaders/Private/MobileSSR.ush" 2552
"../../../Engine/Shaders/Private/SSRT/SSRTRayCast.ush" 2553
"../../../Engine/Shaders/Private/ShadowPercentageCloserFiltering.ush" 2554
"../../../Engine/Shaders/Private/TransmissionThickness.ush" 2555
"../../../Engine/Shaders/Private/CopyShadowMaps.usf" 2556
"../../../Engine/Shaders/Private/ShadowDepthPixelShader.usf" 2557
"../../../Engine/Shaders/Private/ShadowDepthVertexShader.usf" 2558
"../../../Engine/Shaders/Private/ShadingEnergyConservationTable.usf" 2559
"../../../Engine/Shaders/Shared/PathTracingDefinitions.h" 2560
"../../../Engine/Shaders/Private/ShadingFurnaceTest.usf" 2561
"../../../Engine/Shaders/Private/Substrate/SubstrateDeferredLighting.ush" 2562
"../../../Engine/Shaders/Private/ShaderPrintDraw.usf" 2563
"../../../Engine/Shaders/Private/ShaderPrintDrawPrimitive.usf" 2564
"../../../Engine/Shaders/Private/DefaultSSRTiles.usf" 2565
"../../../Engine/Shaders/Private/ScreenSpaceReflectionTileCommons.ush" 2566
"../../../Engine/Shaders/Private/SSRT/SSRTDiffuseIndirect.usf" 2567
"../../../Engine/Shaders/Private/SSRT/SSRTTileClassificationBuffer.ush" 2568
"../../../Engine/Shaders/Private/SSRT/SSRTReflections.usf" 2569
"../../../Engine/Shaders/Private/ScreenSpaceDenoise/SSDPublic.ush" 2570
"../../../Engine/Shaders/Private/SSRT/SSRTTileClassification.usf" 2571
"../../../Engine/Shaders/Private/SSRT/SSRTPrevFrameReduction.usf" 2572
"../../../Engine/Shaders/Private/ScreenSpaceDenoise/SSDComposeHarmonics.usf" 2573
"../../../Engine/Shaders/Private/ScreenSpaceDenoise/SSDPublicHarmonics.ush" 2574
"../../../Engine/Shaders/Private/ScreenSpaceDenoise/SSDSignalFramework.ush" 2575
"../../../Engine/Shaders/Private/ScreenSpaceDenoise/SSDCommon.ush" 2576
"../../../Engine/Shaders/Private/SphericalGaussian.ush" 2577
"../../../Engine/Shaders/Public/WaveBroadcastIntrinsics.ush" 2578
"../../../Engine/Shaders/Private/ScreenSpaceDenoise/SSDMetadata.ush" 2579
"../../../Engine/Shaders/Private/ScreenSpaceDenoise/SSDSignalCore.ush" 2580
"../../../Engine/Shaders/Private/ScreenSpaceDenoise/DenoisingCommon.ush" 2581
"../../../Engine/Shaders/Private/ScreenSpaceDenoise/SSDSignalArray.ush" 2582
"../../../Engine/Shaders/Private/ScreenSpaceDenoise/SSDSignalBufferEncoding.ush" 2583
"../../../Engine/Shaders/Private/ScreenSpaceDenoise/SSDPublicBufferEncoding.ush" 2584
"../../../Engine/Shaders/Private/Lumen/LumenBufferEncoding.ush" 2585
"../../../Engine/Shaders/Private/ScreenSpaceDenoise/SSDTemporalAccumulation.usf" 2586
"../../../Engine/Shaders/Private/ScreenSpaceDenoise/SSDSpatialKernel.ush" 2587
"../../../Engine/Shaders/Private/ScreenSpaceDenoise/SSDSignalAccumulatorArray.ush" 2588
"../../../Engine/Shaders/Private/ScreenSpaceDenoise/SSDSignalAccumulator.ush" 2589
"../../../Engine/Shaders/Private/ScreenSpaceDenoise/SSDSignalCompression.ush" 2590
"../../../Engine/Shaders/Private/ScreenSpaceDenoise/SSDSpatialAccumulation.usf" 2591
"../../../Engine/Shaders/Private/ScreenSpaceDenoise/SSDInjest.usf" 2592
"../../../Engine/Shaders/Private/ScreenSpaceDenoise/SSDCompressMetadata.usf" 2593
"../../../Engine/Shaders/Private/DownsampleDepthPixelShader.usf" 2594
"../../../Engine/Shaders/Private/ScreenPass.usf" 2595
"../../../Engine/Shaders/Private/HZB.usf" 2596
"../../../Engine/Shaders/Private/OcclusionFeedbackShaders.usf" 2597
"../../../Engine/Shaders/Private/HZBOcclusion.usf" 2598
"../../../Engine/Shaders/Private/OcclusionQueryPixelShader.usf" 2599
"../../../Engine/Shaders/Private/OcclusionQueryVertexShader.usf" 2600
"../../../Engine/Shaders/Private/HitProxyCopy.usf" 2601
"../../../Engine/Shaders/Private/HitProxyPixelShader.usf" 2602
"../../../Engine/Shaders/Private/HitProxyVertexShader.usf" 2603
"../../../Engine/Shaders/Private/SceneCulling/SceneCullingDebugRender.usf" 2604
"../../../Engine/Shaders/Private/SceneCulling/SceneCullingBuildExplicitBounds.usf" 2605
"../../../Engine/Shaders/Private/SceneCapturePixelShader.usf" 2606
"../../../Engine/Shaders/Private/RendererUtils.usf" 2607
"../../../Engine/Shaders/Private/RTWriteMaskDecode.usf" 2608
"../../../Engine/Shaders/Private/ReflectionEnvironmentShaders.usf" 2609
"../../../Engine/Shaders/Private/RectLightAtlas.usf" 2610
"../../../Engine/Shaders/Private/RayTracing/TraceRayInlineStatistics.usf" 2611
"../../../Engine/Shaders/Private/RayTracing/CompositeSkyLightPS.usf" 2612
"../../../Engine/Shaders/Private/RayTracing/GenerateSkyLightVisibilityRaysCS.usf" 2613
"../../../Engine/Shaders/Private/RayTracing/RayTracingSkyLightCommon.ush" 2614
"../../../Engine/Shaders/Private/RayTracing/SkyLightVisibilityRaysData.ush" 2615
"../../../Engine/Shaders/Private/Raytracing/RaytracingSkylightRGS.usf" 2616
"../../../Engine/Shaders/Private/HairStrands/HairStrandsRaytracing.ush" 2617
"../../../Engine/Shaders/Private/Raytracing/RayTracingSkyLightEvaluation.ush" 2618
"../../../Engine/Shaders/Private/Raytracing/RayTracingDeferredShadingCommon.ush" 2619
"../../../Engine/Shaders/Private/RayTracing/RayTracingOcclusionRGS.usf" 2620
"../../../Engine/Shaders/Private/RayTracing/RayTracingDirectionalLight.ush" 2621
"../../../Engine/Shaders/Private/RayTracing/RayTracingRectLight.ush" 2622
"../../../Engine/Shaders/Private/RayTracing/RayTracingSphereLight.ush" 2623
"../../../Engine/Shaders/Private/RayTracing/RayTracingCapsuleLight.ush" 2624
"../../../Engine/Shaders/Private/Raytracing/RayTracingFeedback.usf" 2625
"../../../Engine/Shaders/Shared/RayTracingDebugTypes.h" 2626
"../../../Engine/Shaders/Private/RayTracing/RayTracingPrimaryRays.usf" 2627
"../../../Engine/Shaders/Private/RayTracing/RayTracingLightingCommon.ush" 2628
"../../../Engine/Shaders/Private/RayTracing/RayTracingLightCullingCommon.ush" 2629
"../../../Engine/Shaders/Private/RayTracing/RayTracingMaterialDefaultHitShaders.usf" 2630
"../../../Engine/Shaders/Private/RayTracing/RayTracingMaterialHitShaders.usf" 2631
"../../../Engine/Shaders/Private/RayTracing/RayTracingShaderUtils.ush" 2632
"../../../Engine/Shaders/Private/RayTracing/RayTracingCalcInterpolants.ush" 2633
"../../../Engine/Shaders/Private/LightmapCommon.ush" 2634
"../../../Engine/Shaders/Private/Lumen/LumenHardwareRayTracingPayloadCommon.ush" 2635
"../../../Engine/Shaders/Shared/LumenDefinitions.h" 2636
"../../../Engine/Shaders/Private/Substrate/SubstrateExport.ush" 2637
"../../../Engine/Shaders/Private/RayTracing/RayTracingLightingMS.usf" 2638
"../../../Engine/Shaders/Private/Lumen/LumenDiffuseColorBoost.ush" 2639
"../../../Engine/Shaders/Private/RayTracing/RayTracingLightFunctionCommon.ush" 2640
"../../../Engine/Shaders/Private/RayTracing/RayTracingBuildLightGrid.usf" 2641
"../../../Engine/Shaders/Private/Raytracing/RayTracingInstanceBufferUtil.usf" 2642
"../../../Engine/Shaders/Private/RayTracing/RayTracingDynamicMesh.usf" 2643
"../../../Engine/Shaders/Private/RayTracing/RayTracingDefaultDecalHitShader.usf" 2644
"../../../Engine/Shaders/Private/RayTracing/RayTracingDecalMaterialShader.usf" 2645
"../../../Engine/Shaders/Private/PathTracing/PathTracingShaderUtils.ush" 2646
"../../../Engine/Shaders/Private/PathTracing/PathTracingCommon.ush" 2647
"../../../Engine/Shaders/Private/PathTracing/Material/PathTracingMaterialCommon.ush" 2648
"../../../Engine/Shaders/Private/PathTracing/Utilities/PathTracingRIS.ush" 2649
"../../../Engine/Shaders/Private/RayTracing/RayTracingBuildDecalGrid.usf" 2650
"../../../Engine/Shaders/Private/RayTracing/RayTracingDebugHitStatsUtils.usf" 2651
"../../../Engine/Shaders/Private/RayTracing/RayTracingDebugInstanceOverlap.usf" 2652
"../../../Engine/Shaders/Private/RayTracing/RayTracingDebugPicking.usf" 2653
"../../../Engine/Shaders/Private/RayTracing/RayTracingDebugUtils.ush" 2654
"../../../Engine/Shaders/Private/RayTracing/RayTracingDebugTraversal.usf" 2655
"../../../Engine/Shaders/Private/RayTracing/RayTracingDeferredMaterials.ush" 2656
"../../../Engine/Shaders/Shared/ThirdParty/AMD/ags_shader_intrinsics_dx12.h" 2657
"../../../Engine/Shaders/Shared/RayTracingDebugDefinitions.h" 2658
"../../../Engine/Shaders/Private/RayTracing/RayTracingDebugHitStatsCHS.usf" 2659
"../../../Engine/Shaders/Private/RayTracing/RayTracingDebugHitStats.usf" 2660
"../../../Engine/Shaders/Private/RayTracing/RayTracingDebugMS.usf" 2661
"../../../Engine/Shaders/Private/RayTracing/RayTracingDebugCHS.usf" 2662
"../../../Engine/Shaders/Private/RayTracing/RayTracingDebug.usf" 2663
"../../../Engine/Shaders/Private/RayTracing/RayTracingBuiltInShaders.usf" 2664
"../../../Engine/Shaders/Private/RayTracing/RayTracingBarycentrics.usf" 2665
"../../../Engine/Shaders/Private/RayTracing/RayTracingAmbientOcclusionRGS.usf" 2666
"../../../Engine/Shaders/Private/VisualizeShadingModels.usf" 2667
"../../../Engine/Shaders/Private/MotionBlur/VisualizeMotionVectors.usf" 2668
"../../../Engine/Shaders/Private/TemporalSuperResolution/TSRVisualize.usf" 2669
"../../../Engine/Shaders/Private/TemporalSuperResolution/TSRColorSpace.ush" 2670
"../../../Engine/Shaders/Private/TemporalSuperResolution/TSRCommon.ush" 2671
"../../../Engine/Shaders/Public/DualPixelVectorization.ush" 2672
"../../../Engine/Shaders/Private/TemporalSuperResolution/TSRReprojectionField.ush" 2673
"../../../Engine/Shaders/Private/TemporalSuperResolution/TSRResolveHistory.usf" 2674
"../../../Engine/Shaders/Private/TemporalSuperResolution/TSRConvolutionNetwork.ush" 2675
"../../../Engine/Shaders/Private/TemporalSuperResolution/TSRKernels.ush" 2676
"../../../Engine/Shaders/Public/LaneVectorization.ush" 2677
"../../../Engine/Shaders/Private/TemporalSuperResolution/TSRUpdateHistory.usf" 2678
"../../../Engine/Shaders/Private/TemporalSuperResolution/TSRSpatialAntiAliasing.ush" 2679
"../../../Engine/Shaders/Private/TemporalSuperResolution/TSRSpatialAntiAliasing.usf" 2680
"../../../Engine/Shaders/Private/TemporalSuperResolution/TSRRejectShading.usf" 2681
"../../../Engine/Shaders/Private/TemporalSuperResolution/TSRShadingAnalysis.ush" 2682
"../../../Engine/Shaders/Private/TemporalSuperResolution/TSRConvolutionNetworkPass.ush" 2683
"../../../Engine/Shaders/Private/TemporalSuperResolution/TSRDecimateHistory.usf" 2684
"../../../Engine/Shaders/Private/TemporalSuperResolution/TSRDepthVelocityAnalysis.ush" 2685
"../../../Engine/Shaders/Private/TemporalSuperResolution/TSRClosestOccluder.ush" 2686
"../../../Engine/Shaders/Private/TemporalSuperResolution/TSRWeightRelaxation.usf" 2687
"../../../Engine/Shaders/Private/TemporalSuperResolution/TSRThinGeometryCommon.ush" 2688
"../../../Engine/Shaders/Private/TemporalSuperResolution/TSRDetectThinGeometry.usf" 2689
"../../../Engine/Shaders/Private/TemporalSuperResolution/TSRDilateVelocity.usf" 2690
"../../../Engine/Shaders/Private/MotionBlur/MotionBlurVelocityFlatten.ush" 2691
"../../../Engine/Shaders/Private/MotionBlur/MotionBlurCommon.ush" 2692
"../../../Engine/Shaders/Private/TemporalSuperResolution/TSRClearPrevTextures.usf" 2693
"../../../Engine/Shaders/Private/TemporalSuperResolution/TSRMeasureCoverage.usf" 2694
"../../../Engine/Shaders/Private/TemporalSuperResolution/TSRMeasureFlickeringLuma.usf" 2695
"../../../Engine/Shaders/Private/TemporalAA.usf" 2696
"../../../Engine/Shaders/Private/SMAA/SMAADebugVisualization.usf" 2697
"../../../Engine/Shaders/Private/SMAA/SMAACommon.ush" 2698
"../../../Engine/Shaders/Private/SMAA/SMAA.ush" 2699
"../../../Engine/Shaders/Private/SMAA/SMAANeighborhoodBlendingShader.usf" 2700
"../../../Engine/Shaders/Private/SMAA/SMAABlendingWeightCalculationShader.usf" 2701
"../../../Engine/Shaders/Private/SMAA/SMAAEdgeDetectionShader.usf" 2702
"../../../Engine/Shaders/Private/FilterPixelShader.usf" 2703
"../../../Engine/Shaders/Private/FilterVertexShader.usf" 2704
"../../../Engine/Shaders/Private/VisualizeVirtualTexture.usf" 2705
"../../../Engine/Shaders/Private/PostProcessVisualizeBuffer.usf" 2706
"../../../Engine/Shaders/Private/PostProcessVisualizeLocalExposure.usf" 2707
"../../../Engine/Shaders/Private/PostProcessHistogramCommon.ush" 2708
"../../../Engine/Shaders/Private/TonemapCommon.ush" 2709
"../../../Engine/Shaders/Private/ACES/ACESCommon.ush" 2710
"../../../Engine/Shaders/Private/ACES/ACESOutputTransform.ush" 2711
"../../../Engine/Shaders/Private/ACES/ACESUtilities.ush" 2712
"../../../Engine/Shaders/Private/ACES/ACESTonescale.ush" 2713
"../../../Engine/Shaders/Private/ACES/ACESDisplayEncoding.ush" 2714
"../../../Engine/Shaders/Private/ACES/ACES_v1.3.ush" 2715
"../../../Engine/Shaders/Private/PostProcessVisualizeLevelInstance.usf" 2716
"../../../Engine/Shaders/Private/PostProcessVisualizeHDR.usf" 2717
"../../../Engine/Shaders/Private/ShaderComplexityApplyPixelShader.usf" 2718
"../../../Engine/Shaders/Private/QuadOverdraw.ush" 2719
"../../../Engine/Shaders/Private/PostProcessUpscale.usf" 2720
"../../../Engine/Shaders/Private/PostProcessTonemap.usf" 2721
"../../../Engine/Shaders/Private/PostProcessing/FilmGrainPackConstants.usf" 2722
"../../../Engine/Shaders/Private/PostProcessing/FilmGrainReduce.usf" 2723
"../../../Engine/Shaders/Private/PostProcessTestImage.usf" 2724
"../../../Engine/Shaders/Private/PostProcessSubsurface.usf" 2725
"../../../Engine/Shaders/Private/SeparableSSS.ush" 2726
"../../../Engine/Shaders/Private/SubsurfaceBurleyNormalized.ush" 2727
"../../../Engine/Shaders/Private/PostProcessSelectionOutline.usf" 2728
"../../../Engine/Shaders/Private/MotionBlur/MotionBlurVisualize.usf" 2729
"../../../Engine/Shaders/Private/MotionBlur/MotionBlurApply.usf" 2730
"../../../Engine/Shaders/Private/MotionBlur/MotionBlurFilterTileClassify.usf" 2731
"../../../Engine/Shaders/Private/MotionBlur/MotionBlurTileScatter.usf" 2732
"../../../Engine/Shaders/Private/MotionBlur/MotionBlurTileGather.usf" 2733
"../../../Engine/Shaders/Private/MotionBlur/MotionBlurVelocityFlatten.usf" 2734
"../../../Engine/Shaders/Private/PostProcessMobile.usf" 2735
"../../../Engine/Shaders/Private/PostProcessMitchellNetravali.usf" 2736
"../../../Engine/Shaders/Private/PostProcessMaterialShaders.usf" 2737
"../../../Engine/Shaders/Private/NeuralPostProcessCommon.usf" 2738
"../../../Engine/Shaders/Private/PostProcessLocalExposure.usf" 2739
"../../../Engine/Shaders/Private/PostProcessLensFlares.usf" 2740
"../../../Engine/Shaders/Private/PostProcessGBufferHints.usf" 2741
"../../../Engine/Shaders/Private/PostProcessHMD.usf" 2742
"../../../Engine/Shaders/Private/Histogram.usf" 2743
"../../../Engine/Shaders/Private/PostProcessExposureMaterial.ush" 2744
"../../../Engine/Shaders/Private/PostProcessHistogramReduce.usf" 2745
"../../../Engine/Shaders/Private/PostProcessHistogram.usf" 2746
"../../../Engine/Shaders/Private/Bloom/BloomFinalizeApplyConstants.usf" 2747
"../../../Engine/Shaders/Private/Bloom/BloomCommon.ush" 2748
"../../../Engine/Shaders/Private/Bloom/BloomResizeKernel.usf" 2749
"../../../Engine/Shaders/Private/Bloom/BloomDownsampleKernel.usf" 2750
"../../../Engine/Shaders/Private/Bloom/BloomClampKernel.usf" 2751
"../../../Engine/Shaders/Private/Bloom/BloomPackKernelConstants.usf" 2752
"../../../Engine/Shaders/Private/Bloom/BloomSumScatterDispersionEnergy.usf" 2753
"../../../Engine/Shaders/Private/Bloom/BloomReduceKernelSurvey.usf" 2754
"../../../Engine/Shaders/Private/Bloom/BloomSurveyKernelCenterEnergy.usf" 2755
"../../../Engine/Shaders/Private/Bloom/BloomSurveyMaxScatterDispersion.usf" 2756
"../../../Engine/Shaders/Private/Bloom/BloomFindKernelCenter.usf" 2757
"../../../Engine/Shaders/Private/PostProcessEyeAdaptation.usf" 2758
"../../../Engine/Shaders/Private/PostProcessEyeAdaptationUtils.usf" 2759
"../../../Engine/Shaders/Private/PostProcessDownsample.usf" 2760
"../../../Engine/Shaders/Private/PostProcessDOF.usf" 2761
"../../../Engine/Shaders/Private/PostProcessDeviceEncodingOnly.usf" 2762
"../../../Engine/Shaders/Private/PostProcessCompositePrimitives.usf" 2763
"../../../Engine/Shaders/Private/PostProcessCombineLUTs.usf" 2764
"../../../Engine/Shaders/Private/PostProcessVisualizeDOF.usf" 2765
"../../../Engine/Shaders/Private/PostProcessBloom.usf" 2766
"../../../Engine/Shaders/Private/PostProcessAmbientOcclusionMobile.usf" 2767
"../../../Engine/Shaders/Private/PostProcessAmbientOcclusionCommon.ush" 2768
"../../../Engine/Shaders/Private/FXAAShader.usf" 2769
"../../../Engine/Shaders/Private/Fxaa3_11.ush" 2770
"../../../Engine/Shaders/Private/PaniniProjection.usf" 2771
"../../../Engine/Shaders/Private/DiaphragmDOF/DOFRecombine.usf" 2772
"../../../Engine/Shaders/Private/DiaphragmDOF/DOFHybridScatterPixelShader.usf" 2773
"../../../Engine/Shaders/Private/DiaphragmDOF/DOFHybridScatterCommon.ush" 2774
"../../../Engine/Shaders/Private/DiaphragmDOF/DOFVignetteCommon.ush" 2775
"../../../Engine/Shaders/Private/DiaphragmDOF/DOFHybridScatterVertexShader.usf" 2776
"../../../Engine/Shaders/Private/DiaphragmDOF/DOFPostfiltering.usf" 2777
"../../../Engine/Shaders/Private/DiaphragmDOF/DOFGatherTileSuggest.ush" 2778
"../../../Engine/Shaders/Private/DiaphragmDOF/DOFCocTileCommon.ush" 2779
"../../../Engine/Shaders/Private/DiaphragmDOF/DOFGatherPass.usf" 2780
"../../../Engine/Shaders/Private/DiaphragmDOF/DOFGatherCommon.ush" 2781
"../../../Engine/Shaders/Private/DiaphragmDOF/DOFGatherAccumulator.ush" 2782
"../../../Engine/Shaders/Private/DiaphragmDOF/DOFGatherKernel.ush" 2783
"../../../Engine/Shaders/Private/DiaphragmDOF/DOFBokehLUT.usf" 2784
"../../../Engine/Shaders/Private/DiaphragmDOF/DOFHybridScatterCompilation.usf" 2785
"../../../Engine/Shaders/Private/DiaphragmDOF/DOFReduce.usf" 2786
"../../../Engine/Shaders/Private/DiaphragmDOF/DOFDownsample.ush" 2787
"../../../Engine/Shaders/Private/DiaphragmDOF/DOFHybridScatterCompilation.ush" 2788
"../../../Engine/Shaders/Private/DiaphragmDOF/DOFDownsample.usf" 2789
"../../../Engine/Shaders/Private/DiaphragmDOF/DOFCocTileDilate.usf" 2790
"../../../Engine/Shaders/Private/DiaphragmDOF/DOFCocTileFlatten.usf" 2791
"../../../Engine/Shaders/Private/DiaphragmDOF/DOFSetup.usf" 2792
"../../../Engine/Shaders/Private/Tools/DebugAlphaChannel.usf" 2793
"../../../Engine/Shaders/Private/PostProcessAlphaInvert.usf" 2794
"../../../Engine/Shaders/Private/PlanarReflectionShaders.usf" 2795
"../../../Engine/Shaders/Private/PhysicsFieldVisualizer.usf" 2796
"../../../Engine/Shaders/Private/PathTracing/PathTracingSpatialTemporalDenoising.usf" 2797
"../../../Engine/Shaders/Private/ColorDifference.ush" 2798
"../../../Engine/Shaders/Private/PathTracing/PathTracingCompositingPixelShader.usf" 2799
"../../../Engine/Shaders/Private/PathTracing/PathTracingAdaptiveUtils.ush" 2800
"../../../Engine/Shaders/Private/PathTracing/PathTracingDefaultHitShader.usf" 2801
"../../../Engine/Shaders/Private/PathTracing/PathTracingGPULightmassMaterialHitShader.usf" 2802
"../../../Engine/Shaders/Private/PathTracing/PathTracingMaterialHitShader.usf" 2803
"../../../Engine/Shaders/Private/PathTracing/Material/PathTracingSubstrateCommon.ush" 2804
"../../../Engine/Shaders/Private/PathTracing/PathTracingLightingMissShader.usf" 2805
"../../../Engine/Shaders/Private/PathTracing/PathTracingMissShader.usf" 2806
"../../../Engine/Shaders/Private/PathTracing/PathTracingAdaptiveStart.usf" 2807
"../../../Engine/Shaders/Private/PathTracing/PathTracingBuildAdaptiveError.usf" 2808
"../../../Engine/Shaders/Private/PathTracing/PathTracingVolumetricCloudMaterialShader.usf" 2809
"../../../Engine/Shaders/Private/PathTracing/Volume/PathTracingCloudsMaterialCommon.ush" 2810
"../../../Engine/Shaders/Private/PathTracing/Volume/PathTracingVolumeCommon.ush" 2811
"../../../Engine/Shaders/Private/PathTracing/Volume/PathTracingCloudsCommon.ush" 2812
"../../../Engine/Shaders/Private/PathTracing/Volume/PathTracingFog.ush" 2813
"../../../Engine/Shaders/Private/PathTracing/Volume/PathTracingAtmosphere.ush" 2814
"../../../Engine/Shaders/Private/PathTracing/Volume/PathTracingAtmosphereCommon.ush" 2815
"../../../Engine/Shaders/Private/PathTracing/Volume/PathTracingVolumeSampling.ush" 2816
"../../../Engine/Shaders/Private/PathTracing/PathTracingBuildCloudAccelerationMap.usf" 2817
"../../../Engine/Shaders/Private/PathTracing/PathTracingBuildAtmosphereLUT.usf" 2818
"../../../Engine/Shaders/Private/PathTracing/PathTracingSwizzleScanlines.usf" 2819
"../../../Engine/Shaders/Private/PathTracing/PathTracingInitExtinctionCoefficient.usf" 2820
"../../../Engine/Shaders/Private/PathTracing/PathTracingCopyDepth.usf" 2821
"../../../Engine/Shaders/Private/PathTracing/PathTracingDebug.usf" 2822
"../../../Engine/Shaders/Private/RayTracing/RayTracingDecalGrid.ush" 2823
"../../../Engine/Shaders/Private/PathTracing/Material/PathTracingMaterialSampling.ush" 2824
"../../../Engine/Shaders/Private/PathTracing/Material/PathTracingLambert.ush" 2825
"../../../Engine/Shaders/Private/PathTracing/Material/PathTracingSubstrate.ush" 2826
"../../../Engine/Shaders/Private/PathTracing/Material/PathTracingSubstrateFoliage.ush" 2827
"../../../Engine/Shaders/Private/PathTracing/Material/PathTracingSubstrateSolidGlass.ush" 2828
"../../../Engine/Shaders/Private/PathTracing/Material/PathTracingSubstrateThinGlass.ush" 2829
"../../../Engine/Shaders/Private/PathTracing/Material/PathTracingSolidGlass.ush" 2830
"../../../Engine/Shaders/Private/PathTracing/Material/PathTracingEnergyConservation.ush" 2831
"../../../Engine/Shaders/Private/PathTracing/Material/PathTracingThinGlass.ush" 2832
"../../../Engine/Shaders/Private/PathTracing/Material/PathTracingDefaultLit.ush" 2833
"../../../Engine/Shaders/Private/PathTracing/Material/PathTracingClearCoat.ush" 2834
"../../../Engine/Shaders/Private/PathTracing/Material/PathTracingTwoSidedFoliage.ush" 2835
"../../../Engine/Shaders/Private/PathTracing/Material/PathTracingCloth.ush" 2836
"../../../Engine/Shaders/Private/PathTracing/Material/PathTracingSubsurfaceProfile.ush" 2837
"../../../Engine/Shaders/Private/PathTracing/Material/PathTracingEye.ush" 2838
"../../../Engine/Shaders/Private/PathTracing/Material/PathTracingHair.ush" 2839
"../../../Engine/Shaders/Private/PathTracing/Material/PathTracingMedium.ush" 2840
"../../../Engine/Shaders/Private/PathTracing/Light/PathTracingLightSampling.ush" 2841
"../../../Engine/Shaders/Private/PathTracing/Light/PathTracingLightCommon.ush" 2842
"../../../Engine/Shaders/Private/PathTracing/Light/PathTracingDirectionalLight.ush" 2843
"../../../Engine/Shaders/Private/PathTracing/Light/PathTracingPointLight.ush" 2844
"../../../Engine/Shaders/Private/PathTracing/Light/PathTracingCapsuleLight.ush" 2845
"../../../Engine/Shaders/Private/PathTracing/Light/PathTracingRectLight.ush" 2846
"../../../Engine/Shaders/Private/PathTracing/Light/PathTracingSkyLight.ush" 2847
"../../../Engine/Shaders/Private/PathTracing/Light/PathTracingLightGrid.ush" 2848
"../../../Engine/Shaders/Private/PathTracing/PathTracing.usf" 2849
"../../../Engine/Shaders/Private/PathTracing/PathTracingCore.ush" 2850
"../../../Engine/Shaders/Private/HeterogeneousVolumes/HeterogeneousVolumesVoxelGridTypes.ush" 2851
"../../../Engine/Shaders/Private/PathTracing/Volume/PathTracingVolume.ush" 2852
"../../../Engine/Shaders/Private/PathTracing/Volume/PathTracingClouds.ush" 2853
"../../../Engine/Shaders/Private/PathTracing/Volume/PathTracingHeterogeneousVolumes.ush" 2854
"../../../Engine/Shaders/Private/HeterogeneousVolumes/HeterogeneousVolumesTracingUtils.ush" 2855
"../../../Engine/Shaders/Private/HeterogeneousVolumes/HeterogeneousVolumesVoxelGridTraversal.ush" 2856
"../../../Engine/Shaders/Private/HeterogeneousVolumes/HeterogeneousVolumesVoxelGridUtils.ush" 2857
"../../../Engine/Shaders/Private/HeterogeneousVolumes/HeterogeneousVolumesFrustumVoxelGridUtils.ush" 2858
"../../../Engine/Shaders/Private/PathTracing/PathTracingBuildLightGrid.usf" 2859
"../../../Engine/Shaders/Private/PathTracing/PathTracingSkylightMISCompensation.usf" 2860
"../../../Engine/Shaders/Private/PathTracing/PathTracingSkylightPrepare.usf" 2861
"../../../Engine/Shaders/Private/OIT/OITSorting.usf" 2862
"../../../Engine/Shaders/Private/OITCombine.usf" 2863
"../../../Engine/Shaders/Private/OITCommon.ush" 2864
"../../../Engine/Shaders/Private/Nanite/Voxel/RasterizeBricks.usf" 2865
"../../../Engine/Shaders/Private/Nanite/Voxel/Brick.ush" 2866
"../../../Engine/Shaders/Private/Nanite/Voxel/Voxel.ush" 2867
"../../../Engine/Shaders/Private/Nanite/Voxel/ScatterBricks.usf" 2868
"../../../Engine/Shaders/Private/Nanite/Voxel/TileBricks.usf" 2869
"../../../Engine/Shaders/Private/Nanite/Voxel/AutoVoxel.usf" 2870
"../../../Engine/Shaders/Private/Nanite/NaniteDebugViews.usf" 2871
"../../../Engine/Shaders/Private/Nanite/NaniteEditorCommon.ush" 2872
"../../../Engine/Shaders/Private/BinarySearch.ush" 2873
"../../../Engine/Shaders/Private/Nanite/NaniteDepthDecode.usf" 2874
"../../../Engine/Shaders/Private/HTileEncoding.ush" 2875
"../../../Engine/Shaders/Private/Nanite/NaniteVisualize.usf" 2876
"../../../Engine/Shaders/Private/Nanite/NaniteStreamOut.usf" 2877
"../../../Engine/Shaders/Private/Nanite/NaniteHierarchyTraversal.ush" 2878
"../../../Engine/Shaders/Private/Nanite/NaniteShadeBinning.usf" 2879
"../../../Engine/Shaders/Private/Nanite/NaniteShadeCommon.ush" 2880
"../../../Engine/Shaders/Private/Nanite/NaniteFastClear.usf" 2881
"../../../Engine/Shaders/Private/Nanite/NaniteRayTracing.usf" 2882
"../../../Engine/Shaders/Private/Nanite/NaniteExportGBuffer.usf" 2883
"../../../Engine/Shaders/Private/Nanite/NaniteClusterCulling.usf" 2884
"../../../Engine/Shaders/Private/Nanite/NanitePrintStats.usf" 2885
"../../../Engine/Shaders/Private/Nanite/NaniteRasterizer.usf" 2886
"../../../Engine/Shaders/Private/Nanite/NaniteRasterizationCommon.ush" 2887
"../../../Engine/Shaders/Private/Nanite/NaniteRasterizer.ush" 2888
"../../../Engine/Shaders/Private/Nanite/NaniteWritePixel.ush" 2889
"../../../Engine/Shaders/Private/Nanite/NaniteTessellation.ush" 2890
"../../../Engine/Shaders/Private/WorkDistribution.ush" 2891
"../../../Engine/Shaders/Private/Nanite/NaniteDice.ush" 2892
"../../../Engine/Shaders/Private/ShaderBundleWorkGraphCommon.ush" 2893
"../../../Engine/Shaders/Public/RootConstants.ush" 2894
"../../../Engine/Shaders/Public/Platform/D3D/D3DRootConstants.ush" 2895
"../../../Engine/Shaders/Private/Nanite/NaniteSplit.usf" 2896
"../../../Engine/Shaders/Private/Nanite/NaniteRasterBinning.usf" 2897
"../../../Engine/Shaders/Private/Nanite/NaniteInstanceCulling.usf" 2898
"../../../Engine/Shaders/Private/Nanite/NaniteImposter.ush" 2899
"../../../Engine/Shaders/Private/Nanite/NaniteInstanceHierarchyCulling.usf" 2900
"../../../Engine/Shaders/Private/WorkGroupLoadBalancer.ush" 2901
"../../../Engine/Shaders/Private/Nanite/NanitePrimitiveFilter.usf" 2902
"../../../Engine/Shaders/Private/Nanite/NaniteRasterClear.usf" 2903
"../../../Engine/Shaders/Private/Nanite/NaniteDepthExport.usf" 2904
"../../../Engine/Shaders/Private/Nanite/NaniteEmitShadow.usf" 2905
"../../../Engine/Shaders/Private/MobileDeferredUtils.usf" 2906
"../../../Engine/Shaders/Private/MobileLocalLightsBuffer.usf" 2907
"../../../Engine/Shaders/Private/MobileFog.usf" 2908
"../../../Engine/Shaders/Private/DistortApplyScreenPS.usf" 2909
"../../../Engine/Shaders/Private/MobileDeferredShading.usf" 2910
"../../../Engine/Shaders/Private/MobileBasePassPixelShader.usf" 2911
"../../../Engine/Shaders/Private/MobileBasePassCommon.ush" 2912
"../../../Engine/Shaders/Private/BasePassCommon.ush" 2913
"../../../Engine/Shaders/Private/ShadingModelsMaterial.ush" 2914
"../../../Engine/Shaders/Private/ThinTranslucentCommon.ush" 2915
"../../../Engine/Shaders/Private/SingleLayerWaterShading.ush" 2916
"../../../Engine/Shaders/Private/DistortionCommon.ush" 2917
"../../../Engine/Shaders/Private/Substrate/SubstrateMobileForwardLighting.ush" 2918
"../../../Engine/Shaders/Private/MobileBasePassVertexShader.usf" 2919
"../../../Engine/Shaders/Private/MeshEdges.usf" 2920
"../../../Engine/Shaders/Private/MegaLights/MegaLightsSampling.usf" 2921
"../../../Engine/Shaders/Shared/MegaLightsDefinitions.h" 2922
"../../../Engine/Shaders/Private/MegaLights/MegaLightsShading.ush" 2923
"../../../Engine/Shaders/Private/MegaLights/MegaLights.ush" 2924
"../../../Engine/Shaders/Private/MegaLights/MegaLightsMaterial.ush" 2925
"../../../Engine/Shaders/Private/MegaLights/MegaLightsRayTracing.ush" 2926
"../../../Engine/Shaders/Private/MegaLights/MegaLightsSampling.ush" 2927
"../../../Engine/Shaders/Private/MegaLights/MegaLightsVolumeSampling.usf" 2928
"../../../Engine/Shaders/Private/MegaLights/MegaLightsVolume.ush" 2929
"../../../Engine/Shaders/Private/MegaLights/MegaLights.usf" 2930
"../../../Engine/Shaders/Private/HairStrands/HairStrandsScreenTracing.ush" 2931
"../../../Engine/Shaders/Private/MegaLights/MegaLightsFilterVisibleLightHash.usf" 2932
"../../../Engine/Shaders/Private/MegaLights/MegaLightsShading.usf" 2933
"../../../Engine/Shaders/Private/Lumen/LumenReflectionDenoiserCommon.ush" 2934
"../../../Engine/Shaders/Private/MegaLights/MegaLightsVisibleLightHash.usf" 2935
"../../../Engine/Shaders/Private/MegaLights/MegaLightsVolumeShading.usf" 2936
"../../../Engine/Shaders/Private/MegaLights/MegaLightsVSMMarking.usf" 2937
"../../../Engine/Shaders/Private/MegaLights/MegaLightsVSMTracing.usf" 2938
"../../../Engine/Shaders/Private/MegaLights/MegaLightsRayTracing.usf" 2939
"../../../Engine/Shaders/Private/DistanceField/GlobalDistanceFieldUtils.ush" 2940
"../../../Engine/Shaders/Private/Lumen/LumenScreenTracing.ush" 2941
"../../../Engine/Shaders/Private/MegaLights/MegaLightsVolumeRayTracing.usf" 2942
"../../../Engine/Shaders/Private/MegaLights/MegaLightsVolumeHardwareRayTracing.usf" 2943
"../../../Engine/Shaders/Private/Lumen/LumenHardwareRayTracingCommon.ush" 2944
"../../../Engine/Shaders/Private/RayTracing/RayTracingReflectionEnvironment.ush" 2945
"../../../Engine/Shaders/Private/Lumen/LumenHardwareRayTracingPlatformCommon.ush" 2946
"../../../Engine/Shaders/Private/Lumen/LumenTracingCommon.ush" 2947
"../../../Engine/Shaders/Private/Lumen/SurfaceCache/LumenSurfaceCacheSampling.ush" 2948
"../../../Engine/Shaders/Private/Lumen/SurfaceCache/LumenSurfaceCache.ush" 2949
"../../../Engine/Shaders/Private/Lumen/LumenCardCommon.ush" 2950
"../../../Engine/Shaders/Private/Lumen/LumenCardTileShadowDownsampleFactor.ush" 2951
"../../../Engine/Shaders/Private/MegaLights/MegaLightsHardwareRayTracing.usf" 2952
"../../../Engine/Shaders/Private/MegaLights/MegaLightsDebug.usf" 2953
"../../../Engine/Shaders/Private/MegaLights/MegaLightsDenoiserSpatial.usf" 2954
"../../../Engine/Shaders/Private/MegaLights/MegaLightsDenoiserTemporal.usf" 2955
"../../../Engine/Shaders/Private/MaterialCache/MaterialCacheABufferPages.usf" 2956
"../../../Engine/Shaders/Private/MaterialCache/MaterialCacheShade.usf" 2957
"../../../Engine/Shaders/Private/MaterialCache/MaterialCacheShadeCommon.ush" 2958
"../../../Engine/Shaders/Private/MaterialCache/MaterialCacheUnwrapNaniteShade.usf" 2959
"../../../Engine/Shaders/Private/MaterialCache/MaterialCacheUnwrapPixelShader.usf" 2960
"../../../Engine/Shaders/Private/MaterialCache/MaterialCacheUnwrapVertexShader.usf" 2961
"../../../Engine/Shaders/Private/Lumen/LumenVisualizeRadianceCache.usf" 2962
"../../../Engine/Shaders/Private/Lumen/LumenRadianceCacheCommon.ush" 2963
"../../../Engine/Shaders/Private/Lumen/LumenVisualizeHardwareRayTracing.usf" 2964
"../../../Engine/Shaders/Private/Lumen/LumenVisualize.ush" 2965
"../../../Engine/Shaders/Private/Lumen/LumenHairTracing.ush" 2966
"../../../Engine/Shaders/Private/Lumen/LumenVisualize.usf" 2967
"../../../Engine/Shaders/Private/Lumen/LumenSoftwareRayTracing.ush" 2968
"../../../Engine/Shaders/Private/DistanceField/GlobalDistanceFieldObjectGrid.ush" 2969
"../../../Engine/Shaders/Private/DistanceFieldLightingShared.ush" 2970
"../../../Engine/Shaders/Private/Lumen/LumenVisualizeTraces.ush" 2971
"../../../Engine/Shaders/Private/Lumen/LumenTranslucencyVolumeLighting.usf" 2972
"../../../Engine/Shaders/Private/Lumen/LumenRadianceCacheMarkCommon.ush" 2973
"../../../Engine/Shaders/Private/Lumen/LumenTranslucencyVolumeLightingShared.ush" 2974
"../../../Engine/Shaders/Private/Lumen/LumenScreenProbeCommon.ush" 2975
"../../../Engine/Shaders/Private/RayTracing/RayGenUtils.ush" 2976
"../../../Engine/Shaders/Private/Lumen/LumenRadianceCacheTracingCommon.ush" 2977
"../../../Engine/Shaders/Private/Lumen/LumenTranslucencyVolumeHardwareRayTracing.usf" 2978
"../../../Engine/Shaders/Private/Lumen/LumenTranslucencyRadianceCacheMarkShaders.usf" 2979
"../../../Engine/Shaders/Private/Lumen/SurfaceCache/LumenSurfaceCache.usf" 2980
"../../../Engine/Shaders/Private/Lumen/LumenVirtualTextureCommon.ush" 2981
"../../../Engine/Shaders/Private/Lumen/LumenShortRangeAOHardwareRayTracing.usf" 2982
"../../../Engine/Shaders/Private/Lumen/LumenScreenSpaceBentNormal.ush" 2983
"../../../Engine/Shaders/Private/Lumen/LumenScreenSpaceBentNormal.usf" 2984
"../../../Engine/Shaders/Private/Lumen/LumenScreenProbeTracing.usf" 2985
"../../../Engine/Shaders/Private/Lumen/LumenScreenProbeTracingCommon.ush" 2986
"../../../Engine/Shaders/Private/Lumen/LumenFloatQuantization.ush" 2987
"../../../Engine/Shaders/Private/Lumen/LumenScreenProbeImportanceSampling.usf" 2988
"../../../Engine/Shaders/Private/Lumen/LumenScreenProbeImportanceSamplingShared.ush" 2989
"../../../Engine/Shaders/Private/Lumen/LumenScreenProbeHardwareRayTracing.usf" 2990
"../../../Engine/Shaders/Private/Lumen/LumenScreenProbeDebug.usf" 2991
"../../../Engine/Shaders/Private/Lumen/LumenScreenProbeGather.usf" 2992
"../../../Engine/Shaders/Private/Lumen/LumenScreenProbeGatherTemporal.usf" 2993
"../../../Engine/Shaders/Private/Lumen/LumenScreenProbeFiltering.usf" 2994
"../../../Engine/Shaders/Private/Lumen/LumenSceneLighting.usf" 2995
"../../../Engine/Shaders/Private/Lumen/LumenCardTile.ush" 2996
"../../../Engine/Shaders/Private/Lumen/LumenSceneLighting.ush" 2997
"../../../Engine/Shaders/Private/Lumen/Radiosity/LumenRadiosity.ush" 2998
"../../../Engine/Shaders/Private/Lumen/LumenSceneLightingDebug.usf" 2999
"../../../Engine/Shaders/Private/Lumen/LumenScene.usf" 3000
"../../../Engine/Shaders/Private/Lumen/LumenSceneDirectLightingHardwareRayTracing.usf" 3001
"../../../Engine/Shaders/Private/Lumen/LumenSceneDirectLightingStochastic.ush" 3002
"../../../Engine/Shaders/Private/Lumen/LumenSceneDirectLighting.ush" 3003
"../../../Engine/Shaders/Private/Lumen/LumenSceneDebugHardwareRayTracing.usf" 3004
"../../../Engine/Shaders/Private/Lumen/LumenSceneDirectLightingStochastic.usf" 3005
"../../../Engine/Shaders/Private/Lumen/LumenSceneDirectLightingSoftwareRayTracing.usf" 3006
"../../../Engine/Shaders/Private/DistanceFieldShadowingShared.ush" 3007
"../../../Engine/Shaders/Private/Lumen/LumenSceneDirectLightingPerLightShadowCommon.ush" 3008
"../../../Engine/Shaders/Private/Lumen/LumenSceneDirectLightingShadowMask.usf" 3009
"../../../Engine/Shaders/Private/Lumen/LumenSceneDirectLighting.usf" 3010
"../../../Engine/Shaders/Private/Lumen/LumenSceneDirectLightingCulling.usf" 3011
"../../../Engine/Shaders/Private/Lumen/LumenCardComputeShader.usf" 3012
"../../../Engine/Shaders/Private/Lumen/LumenCardBasePass.ush" 3013
"../../../Engine/Shaders/Private/Lumen/LumenCardPixelShader.usf" 3014
"../../../Engine/Shaders/Private/Lumen/LumenCardVertexShader.usf" 3015
"../../../Engine/Shaders/Private/Lumen/LumenReSTIRGather.usf" 3016
"../../../Engine/Shaders/Private/Lumen/LumenReflectionTracing.usf" 3017
"../../../Engine/Shaders/Private/Lumen/LumenReflectionDenoiserSpatial.usf" 3018
"../../../Engine/Shaders/Private/Lumen/LumenReflectionDenoiserClear.usf" 3019
"../../../Engine/Shaders/Private/Lumen/LumenReflectionDenoiserTemporal.usf" 3020
"../../../Engine/Shaders/Private/Lumen/LumenReflectionResolve.usf" 3021
"../../../Engine/Shaders/Private/Lumen/LumenReflections.usf" 3022
"../../../Engine/Shaders/Private/Lumen/RayTracedTranslucency.usf" 3023
"../../../Engine/Shaders/Private/Lumen/LumenReflectionHardwareRayTracing.usf" 3024
"../../../Engine/Shaders/Private/Lumen/Radiosity/LumenVisualizeRadiosityProbes.usf" 3025
"../../../Engine/Shaders/Private/Lumen/Radiosity/LumenRadiosity.usf" 3026
"../../../Engine/Shaders/Private/Lumen/Radiosity/LumenRadiosityHardwareRayTracing.usf" 3027
"../../../Engine/Shaders/Private/Lumen/Radiosity/LumenRadiosityCulling.usf" 3028
"../../../Engine/Shaders/Private/Lumen/LumenRadianceCacheHardwareRayTracing.usf" 3029
"../../../Engine/Shaders/Private/Lumen/LumenRadianceCache.usf" 3030
"../../../Engine/Shaders/Private/Lumen/LumenRadianceCacheUpdate.ush" 3031
"../../../Engine/Shaders/Private/Lumen/LumenRadianceCacheDebug.usf" 3032
"../../../Engine/Shaders/Private/Lumen/LumenRadianceCacheUpdate.usf" 3033
"../../../Engine/Shaders/Private/Lumen/LumenMeshSDFCulling.usf" 3034
"../../../Engine/Shaders/Private/HybridIndirectLighting.ush" 3035
"../../../Engine/Shaders/Private/MeshDistanceFieldCommon.ush" 3036
"../../../Engine/Shaders/Private/Lumen/LumenIrradianceFieldGather.usf" 3037
"../../../Engine/Shaders/Private/Lumen/LumenHardwareRayTracingMaterials.usf" 3038
"../../../Engine/Shaders/Private/Lumen/LumenFrontLayerTranslucency.usf" 3039
"../../../Engine/Shaders/Private/LocalFogVolumes/LocalFogVolumeSplat.usf" 3040
"../../../Engine/Shaders/Private/LocalFogVolumes/LocalFogVolumeTiledCulling.usf" 3041
"../../../Engine/Shaders/Private/LightShaftShader.usf" 3042
"../../../Engine/Shaders/Private/StationaryLightOverlapShaders.usf" 3043
"../../../Engine/Shaders/Private/DeferredLightPixelShaders.usf" 3044
"../../../Engine/Shaders/Private/DeferredLightVertexShaders.usf" 3045
"../../../Engine/Shaders/Private/LightMapDensityShader.usf" 3046
"../../../Engine/Shaders/Private/LightGridInjection.usf" 3047
"../../../Engine/Shaders/Shared/LightGridDefinitions.h" 3048
"../../../Engine/Shaders/Private/LightFunctionPixelShader.usf" 3049
"../../../Engine/Shaders/Private/LightFunctionVertexShader.usf" 3050
"../../../Engine/Shaders/Private/LightFunctionAtlas/LightFunctionAtlasRender.usf" 3051
"../../../Engine/Shaders/Private/InstanceCulling/InstanceCullingOcclusionQuery.usf" 3052
"../../../Engine/Shaders/Private/InstanceCulling/InstanceCullingSetup.ush" 3053
"../../../Engine/Shaders/Private/InstanceCulling/BuildInstanceDrawCommands.usf" 3054
"../../../Engine/Shaders/Private/InstanceCulling/InstanceCompactionCommon.ush" 3055
"../../../Engine/Shaders/Private/SceneDataMobileWriter.ush" 3056
"../../../Engine/Shaders/Private/InstanceCulling/CompactVisibleInstances.usf" 3057
"../../../Engine/Shaders/Private/ReflectionEnvironmentPixelShader.usf" 3058
"../../../Engine/Shaders/Private/AmbientCubemapComposite.usf" 3059
"../../../Engine/Shaders/Private/DiffuseIndirectComposite.usf" 3060
"../../../Engine/Shaders/Private/IESAtlas.usf" 3061
"../../../Engine/Shaders/Private/HeterogeneousVolumes/HeterogeneousVolumesVisualizeCascades.usf" 3062
"../../../Engine/Shaders/Private/HeterogeneousVolumes/HeterogeneousVolumesVoxelGridShadows.usf" 3063
"../../../Engine/Shaders/Private/HeterogeneousVolumes/HeterogeneousVolumesStochasticFiltering.ush" 3064
"../../../Engine/Shaders/Private/HeterogeneousVolumes/HeterogeneousVolumesVoxelGridRenderingUtils.ush" 3065
"../../../Engine/Shaders/Private/HeterogeneousVolumes/HeterogeneousVolumesLightingUtils.ush" 3066
"../../../Engine/Shaders/Private/HeterogeneousVolumes/HeterogeneousVolumesRayMarchingUtils.ush" 3067
"../../../Engine/Shaders/Private/HeterogeneousVolumes/HeterogeneousVolumesRayMarchingTypes.ush" 3068
"../../../Engine/Shaders/Private/HeterogeneousVolumes/HeterogeneousVolumesTransmittanceVolumeUtils.ush" 3069
"../../../Engine/Shaders/Private/HeterogeneousVolumes/HeterogeneousVolumesAdaptiveVolumetricShadowMapSampler.ush" 3070
"../../../Engine/Shaders/Private/HeterogeneousVolumes/HeterogeneousVolumesVoxelGridRendering.usf" 3071
"../../../Engine/Shaders/Private/HeterogeneousVolumes/HeterogeneousVolumesVoxelGridPipeline.usf" 3072
"../../../Engine/Shaders/Private/HeterogeneousVolumes/HeterogeneousVolumesMaterialBakingPipeline.usf" 3073
"../../../Engine/Shaders/Private/HeterogeneousVolumes/HeterogeneousVolumesLiveShadingUtils.ush" 3074
"../../../Engine/Shaders/Private/HeterogeneousVolumes/HeterogeneousVolumesFrustumVoxelGrid.usf" 3075
"../../../Engine/Shaders/Private/HeterogeneousVolumes/HeterogeneousVolumesSparseVoxelPipeline.usf" 3076
"../../../Engine/Shaders/Private/HeterogeneousVolumes/HeterogeneousVolumesSparseVoxelUtils.ush" 3077
"../../../Engine/Shaders/Private/HeterogeneousVolumes/HeterogeneousVolumesSparseVoxelUniformBufferUtils.ush" 3078
"../../../Engine/Shaders/Private/HeterogeneousVolumes/HeterogeneousVolumesPreshadingPipeline.usf" 3079
"../../../Engine/Shaders/Private/HeterogeneousVolumes/HeterogeneousVolumesShadowMask.usf" 3080
"../../../Engine/Shaders/Private/HeterogeneousVolumes/HeterogeneousVolumesLiveShadingShadows.usf" 3081
"../../../Engine/Shaders/Private/HeterogeneousVolumes/HeterogeneousVolumesLiveShadingGlobalPipeline.usf" 3082
"../../../Engine/Shaders/Private/HeterogeneousVolumes/HeterogeneousVolumesLiveShadingPipeline.usf" 3083
"../../../Engine/Shaders/Private/HeterogeneousVolumes/HeterogeneousVolumesHardwareRayTracing.usf" 3084
"../../../Engine/Shaders/Private/HeterogeneousVolumes/HeterogeneousVolumesAmbientOcclusionPipeline.usf" 3085
"../../../Engine/Shaders/Private/HeterogeneousVolumes/HeterogeneousVolumesComposite.usf" 3086
"../../../Engine/Shaders/Private/HdrCustomResolveShaders.usf" 3087
"../../../Engine/Shaders/Private/HairStrands/RenderCurveRaster.usf" 3088
"../../../Engine/Shaders/Shared/RenderCurveDefinitions.h" 3089
"../../../Engine/Shaders/Private/HairStrands/HairStrandsVoxelRasterCompute.usf" 3090
"../../../Engine/Shaders/Private/HairStrands/HairStrandsHitProxy.usf" 3091
"../../../Engine/Shaders/Private/HairStrands/HairStrandsVisibilityRasterComputeNaive.usf" 3092
"../../../Engine/Shaders/Private/HairStrands/HairStrandsVisibilityRasterHW.usf" 3093
"../../../Engine/Shaders/Private/HairStrands/HairStrandsVisibilityRasterCompute.usf" 3094
"../../../Engine/Shaders/Private/HairStrands/HairStrandsVisibilityRasterClassification.usf" 3095
"../../../Engine/Shaders/Private/HairStrands/HairStrandsCoverage.usf" 3096
"../../../Engine/Shaders/Private/HairStrands/HairStrandsVisibilityDepthPS.usf" 3097
"../../../Engine/Shaders/Private/HairStrands/HairStrandsVisibilityTransmittanceDepthPS.usf" 3098
"../../../Engine/Shaders/Private/HairStrands/HairStrandsVisibilityFillOpaqueDepthPS.usf" 3099
"../../../Engine/Shaders/Private/HairStrands/HairStrandsVisibilityCompactionComputeRaster.usf" 3100
"../../../Engine/Shaders/Private/HairStrands/HairStrandsVisibilityCompaction.usf" 3101
"../../../Engine/Shaders/Private/HairStrands/HairStrandsVisibilityCopyIndirectArg.usf" 3102
"../../../Engine/Shaders/Private/HairStrands/HairStrandsVisibilityClearPS.usf" 3103
"../../../Engine/Shaders/Private/HairStrands/HairStrandsVisibilityPS.usf" 3104
"../../../Engine/Shaders/Private/HairStrands/HairStrandsVisibilityVS.usf" 3105
"../../../Engine/Shaders/Private/HairStrands/HairStrandsVelocity.usf" 3106
"../../../Engine/Shaders/Private/HairStrands/HairStrandsVisibilityComputeSampleCoverage.usf" 3107
"../../../Engine/Shaders/Private/HairStrands/HairStrandsMaterialPS.usf" 3108
"../../../Engine/Shaders/Private/HairStrands/HairStrandsMaterialCommon.ush" 3109
"../../../Engine/Shaders/Private/HairStrands/HairStrandsMaterialVS.usf" 3110
"../../../Engine/Shaders/Private/HairStrands/HairStrandsLightSample.usf" 3111
"../../../Engine/Shaders/Private/HairStrands/HairStrandsDeepShadowMask.usf" 3112
"../../../Engine/Shaders/Private/HairStrands/HairStrandsDeepTransmittanceMask.usf" 3113
"../../../Engine/Shaders/Private/HairStrands/HairStrandsVisibilityTile.usf" 3114
"../../../Engine/Shaders/Private/HairStrands/HairStrandsDeepShadowPS.usf" 3115
"../../../Engine/Shaders/Private/HairStrands/HairStrandsDeepShadowVS.usf" 3116
"../../../Engine/Shaders/Private/HairStrands/HairStrandsAABB.usf" 3117
"../../../Engine/Shaders/Private/HairStrands/HairStrandsLUT.usf" 3118
"../../../Engine/Shaders/Private/HairStrands/HairStrandsForwardRaster.usf" 3119
"../../../Engine/Shaders/Private/HairStrands/HairStrandsForwardCulling.usf" 3120
"../../../Engine/Shaders/Private/HairStrands/HairStrandsEnvironmentLighting.usf" 3121
"../../../Engine/Shaders/Private/HairStrands/HairStrandsEnvironmentAO.usf" 3122
"../../../Engine/Shaders/Private/HairStrands/HairStrandsDeepShadowAllocation.usf" 3123
"../../../Engine/Shaders/Private/HairStrands/HairStrandsVoxelDebug.usf" 3124
"../../../Engine/Shaders/Private/HairStrands/HairStrandsComposition.usf" 3125
"../../../Engine/Shaders/Private/HairStrands/HairStrandsGBufferCommon.ush" 3126
"../../../Engine/Shaders/Private/GPUScene/GPUSceneDataManagement.usf" 3127
"../../../Engine/Shaders/Private/GPUSceneDebugRender.usf" 3128
"../../../Engine/Shaders/Private/GPUFeedbackCompaction.usf" 3129
"../../../Engine/Shaders/Private/GPUFastFourierTransform.usf" 3130
"../../../Engine/Shaders/Private/GPUFastFourierTransform2DCore.ush" 3131
"../../../Engine/Shaders/Private/GPUFastFourierTransformCore.ush" 3132
"../../../Engine/Shaders/Private/GPUBenchmark.usf" 3133
"../../../Engine/Shaders/Private/DistanceField/GlobalDistanceFieldDebug.usf" 3134
"../../../Engine/Shaders/Private/DistanceField/GlobalDistanceFieldUpdate.ush" 3135
"../../../Engine/Shaders/Private/DistanceField/GlobalDistanceFieldMip.usf" 3136
"../../../Engine/Shaders/Private/DistanceField/GlobalDistanceField.usf" 3137
"../../../Engine/Shaders/Private/DistanceField/GlobalDistanceFieldCompositeObjects.usf" 3138
"../../../Engine/Shaders/Private/DistanceField/GlobalDistanceFieldHeightfields.usf" 3139
"../../../Engine/Shaders/Private/HeightfieldLightingShared.ush" 3140
"../../../Engine/Shaders/Private/GenerateConservativeDepth.usf" 3141
"../../../Engine/Shaders/Private/HeightFogPixelShader.usf" 3142
"../../../Engine/Shaders/Private/HeightFogVertexShader.usf" 3143
"../../../Engine/Shaders/Private/DistortFiltering.usf" 3144
"../../../Engine/Shaders/Private/DistortAccumulatePS.usf" 3145
"../../../Engine/Shaders/Private/DistortAccumulateVS.usf" 3146
"../../../Engine/Shaders/Private/DistanceFieldVisualization.usf" 3147
"../../../Engine/Shaders/Private/DistanceFieldStreaming.usf" 3148
"../../../Engine/Shaders/Private/DistanceFieldShadowing.usf" 3149
"../../../Engine/Shaders/Private/DistanceFieldScreenGridLighting.usf" 3150
"../../../Engine/Shaders/Private/DistanceFieldObjectCulling.usf" 3151
"../../../Engine/Shaders/Private/DistanceFieldLightingPost.usf" 3152
"../../../Engine/Shaders/Private/DitheredTransitionStencil.usf" 3153
"../../../Engine/Shaders/Private/CopyDepthTexture.usf" 3154
"../../../Engine/Shaders/Private/CopyDepthTextureCS.usf" 3155
"../../../Engine/Shaders/Private/DeferredDecal.usf" 3156
"../../../Engine/Shaders/Private/DecalCommon.ush" 3157
"../../../Engine/Shaders/Private/DebugViewModeVertexShader.usf" 3158
"../../../Engine/Shaders/Private/DebugViewModeCommon.ush" 3159
"../../../Engine/Shaders/Private/DebugViewModePixelShader.usf" 3160
"../../../Engine/Shaders/Private/DebugProbes.usf" 3161
"../../../Engine/Shaders/Private/MeshDecals.usf" 3162
"../../../Engine/Shaders/Private/PostProcessAmbientOcclusion.usf" 3163
"../../../Engine/Shaders/Private/ClusteredDeferredShadingPixelShader.usf" 3164
"../../../Engine/Shaders/Private/ClusteredDeferredShadingVertexShader.usf" 3165
"../../../Engine/Shaders/Private/CapsuleShadowShaders.usf" 3166
"../../../Engine/Shaders/Private/BasePassPixelShader.usf" 3167
"../../../Engine/Shaders/Private/ForwardLightingCommon.ush" 3168
"../../../Engine/Shaders/Private/Substrate/SubstrateForwardLighting.ush" 3169
"../../../Engine/Shaders/Private/ComputeShaderOutputCommon.ush" 3170
"../../../Engine/Shaders/Private/BasePassVertexShader.usf" 3171
"../../../Engine/Shaders/Private/BasePassVertexCommon.ush" 3172
"../../../Engine/Shaders/Private/SimpleElementVolumeTexturePreviewPixelShader.usf" 3173
"../../../Engine/Shaders/Private/SimpleElementTexture2DPreviewPixelShader.usf" 3174
"../../../Engine/Shaders/Private/meshpaintdilatepixelshader.usf" 3175
"../../../Engine/Shaders/Private/meshpaintdilatevertexshader.usf" 3176
"../../../Engine/Shaders/Private/MeshPaintPixelShader.usf" 3177
"../../../Engine/Shaders/Private/MeshPaintVertexShader.usf" 3178
"../../../Engine/Shaders/Private/SlateElementPixelShader.usf" 3179
"../../../Engine/Shaders/Private/SlateShaderCommon.ush" 3180
"../../../Engine/Shaders/Private/SlateMaskingShader.usf" 3181
"../../../Engine/Shaders/Private/SlateVertexShader.usf" 3182
"../../../Engine/Shaders/Private/CompositeUIPixelShader.usf" 3183
"../../../Engine/Shaders/Private/ColorDeficiency.ush" 3184
"../../../Engine/Shaders/Private/SlatePostProcessColorDeficiencyPixelShader.usf" 3185
"../../../Engine/Shaders/Private/SlatePostProcessPixelShader.usf" 3186
"../../../Engine/Shaders/Private/Tools/VisualizeTexture.usf" 3187
"../../../Engine/Shaders/Private/UpdateDescriptorHandle.usf" 3188
"../../../Engine/Shaders/Private/ByteBuffer.usf" 3189
"../../../Engine/Shaders/Private/ShaderBundleWorkGraphDispatch.usf" 3190
"../../../Engine/Shaders/Private/ShaderBundleDispatch.usf" 3191
"../../../Engine/Shaders/Private/ResolveVertexShader.usf" 3192
"../../../Engine/Shaders/Private/ResolvePixelShader.usf" 3193
"../../../Engine/Shaders/Private/Tools/SetupIndirectArgs.usf" 3194
"../../../Engine/Shaders/Private/ClearReplacementShaders.usf" 3195
"../../../Engine/Shaders/Private/Tools/DrawTexture.usf" 3196
"../../../Engine/Shaders/Private/RayTracing/RayTracingValidation.usf" 3197
"../../../Engine/Shaders/Private/RenderGraphUtilities.usf" 3198
"../../../Engine/Shaders/Private/OneColorShader.usf" 3199
"../../../Engine/Shaders/Private/OculusShaders.usf" 3200
"../../../Engine/Shaders/Private/MediaShaders.usf" 3201
"../../../Engine/Shaders/Private/GPUMessaging.usf" 3202
"../../../Engine/Shaders/Private/Tools/GPUDebugCrashUtils.usf" 3203
"../../../Engine/Shaders/Private/NullPixelShader.usf" 3204
"../../../Engine/Shaders/Private/ComputeGenerateMips.usf" 3205
"../../../Engine/Shaders/Private/Tools/DumpTexture.usf" 3206
"../../../Engine/Shaders/Private/CopyTextureShaders.usf" 3207
"../../../Engine/Shaders/Private/Tools/FullscreenVertexShader.usf" 3208
"../../../Engine/Shaders/Private/RayTracing/RayTracingDispatchDesc.usf" 3209
"../../../Engine/Shaders/Private/Bink.usf" 3210
"../../../Engine/Shaders/Private/DepthOnlyPixelShader.usf" 3211
"../../../Engine/Shaders/Private/PositionOnlyDepthVertexShader.usf" 3212
"../../../Engine/Shaders/Private/DepthOnlyVertexShader.usf" 3213
"../../../Engine/Shaders/Private/AnisotropyPassShader.usf" 3214
"C:/Users/cjoyn/OneDrive/Documents/Unreal Projects/CIS488UnrealProject/TheMarbelousAscent/Content/TutorialTest.umap" 3215
"C:/Users/cjoyn/OneDrive/Documents/Unreal Projects/CIS488UnrealProject/TheMarbelousAscent/Content/UI/Widgets/WBP_CheckpointNum.uasset" 3216
"/Engine/EngineResources/WhiteSquareTexture" 3217
"../../../Engine/Content/EngineResources/WhiteSquareTexture.uasset" 3218
"/Engine/EngineResources/GradientTexture0" 3219
"../../../Engine/Content/EngineResources/GradientTexture0.uasset" 3220
"/Engine/EngineResources/Black" 3221
"../../../Engine/Content/EngineResources/Black.uasset" 3222
"/Engine/EditorResources/S_Actor" 3223
"../../../Engine/Content/EditorResources/S_Actor.uasset" 3224
"/Engine/EngineFonts/RobotoDistanceField" 3225
"../../../Engine/Content/EngineFonts/RobotoDistanceField.uasset" 3226
"/Engine/EngineMaterials/DefaultTextMaterialOpaque" 3227
"../../../Engine/Content/EngineMaterials/DefaultTextMaterialOpaque.uasset" 3228
"/Engine/Functions/Engine_MaterialFunctions01/Shading/PowerToRoughness" 3229
"../../../Engine/Content/Functions/Engine_MaterialFunctions01/Shading/PowerToRoughness.uasset" 3230
"/Engine/Functions/Engine_MaterialFunctions01/Shading/ConvertFromDiffSpec" 3231
"../../../Engine/Content/Functions/Engine_MaterialFunctions01/Shading/ConvertFromDiffSpec.uasset" 3232
"/Engine/EngineMaterials/WorldGridMaterial" 3233
"../../../Engine/Content/EngineMaterials/WorldGridMaterial.uasset" 3234
"../../../Engine/Content/Functions/Engine_MaterialFunctions01/Opacity/CameraDepthFade.uasset" 3235
"../../../Engine/Content/EngineMaterials/T_Default_Material_Grid_M.uasset" 3236
"../../../Engine/Content/EngineMaterials/T_Default_Material_Grid_N.uasset" 3237
"/Engine/EngineMaterials/DefaultDeferredDecalMaterial" 3238
"../../../Engine/Content/EngineMaterials/DefaultDeferredDecalMaterial.uasset" 3239
"../../../Engine/Content/EngineMaterials/DefaultDiffuse.uasset" 3240
"/Engine/EngineMaterials/DefaultLightFunctionMaterial" 3241
"../../../Engine/Content/EngineMaterials/DefaultLightFunctionMaterial.uasset" 3242
"/Engine/EngineMaterials/DefaultPostProcessMaterial" 3243
"../../../Engine/Content/EngineMaterials/DefaultPostProcessMaterial.uasset" 3244
"../../../Engine/Content/Functions/Engine_MaterialFunctions02/Utility/BreakOutFloat2Components.uasset" 3245
"/Engine/EditorResources/S_Trigger" 3246
"../../../Engine/Content/EditorResources/S_Trigger.uasset" 3247
"/Engine/EditorResources/S_BoxReflectionCapture" 3248
"../../../Engine/Content/EditorResources/S_BoxReflectionCapture.uasset" 3249
"/Engine/EngineResources/DefaultTexture" 3250
"../../../Engine/Content/EngineResources/DefaultTexture.uasset" 3251
"/Engine/EditorResources/S_TriggerBox" 3252
"../../../Engine/Content/EditorResources/S_TriggerBox.uasset" 3253
"/Engine/EditorResources/S_TriggerCapsule" 3254
"../../../Engine/Content/EditorResources/S_TriggerCapsule.uasset" 3255
"/Engine/EditorResources/S_TriggerSphere" 3256
"../../../Engine/Content/EditorResources/S_TriggerSphere.uasset" 3257
"/Engine/EngineMeshes/Sphere" 3258
"../../../Engine/Content/EngineMeshes/Sphere.uasset" 3259
"/Engine/EngineDamageTypes/DmgTypeBP_Environmental" 3260
"../../../Engine/Content/EngineDamageTypes/DmgTypeBP_Environmental.uasset" 3261
"/Engine/EngineResources/DefaultTextureCube" 3262
"../../../Engine/Content/EngineResources/DefaultTextureCube.uasset" 3263
"/Engine/EngineResources/DefaultVolumeTexture" 3264
"../../../Engine/Content/EngineResources/DefaultVolumeTexture.uasset" 3265
"../../../Engine/Content/EngineResources/DefaultVolumeTexture2D.uasset" 3266
"/Engine/EditorResources/S_Solver" 3267
"../../../Engine/Content/EditorResources/S_Solver.uasset" 3268
"/Engine/EngineDebugMaterials/VolumeToRender" 3269
"../../../Engine/Content/EngineDebugMaterials/VolumeToRender.uasset" 3270
"/Engine/EngineDebugMaterials/M_VolumeRenderSphereTracePP" 3271
"../../../Engine/Content/EngineDebugMaterials/M_VolumeRenderSphereTracePP.uasset" 3272
"../../../Engine/Content/Functions/Engine_MaterialFunctions02/Utility/CameraDirectionVector.uasset" 3273
"/Engine/EditorMeshes/Camera/SM_CraneRig_Base" 3274
"../../../Engine/Content/EditorMeshes/Camera/SM_CraneRig_Base.uasset" 3275
"../../../Engine/Content/EditorMaterials/Camera/MI_CineMat_Rig.uasset" 3276
"../../../Engine/Content/EditorMaterials/Camera/CineMat.uasset" 3277
"/Engine/EditorMeshes/Camera/SM_CraneRig_Arm" 3278
"../../../Engine/Content/EditorMeshes/Camera/SM_CraneRig_Arm.uasset" 3279
"/Engine/EditorMeshes/Camera/SM_CraneRig_Mount" 3280
"../../../Engine/Content/EditorMeshes/Camera/SM_CraneRig_Mount.uasset" 3281
"/Engine/EditorMeshes/Camera/SM_CraneRig_Body" 3282
"../../../Engine/Content/EditorMeshes/Camera/SM_CraneRig_Body.uasset" 3283
"/Engine/EditorMeshes/Camera/SM_RailRig_Track" 3284
"../../../Engine/Content/EditorMeshes/Camera/SM_RailRig_Track.uasset" 3285
"/Engine/EditorMeshes/Camera/SM_RailRig_Mount" 3286
"../../../Engine/Content/EditorMeshes/Camera/SM_RailRig_Mount.uasset" 3287
"/Engine/EditorLandscapeResources/SplineEditorMesh" 3288
"../../../Engine/Content/EditorLandscapeResources/SplineEditorMesh.uasset" 3289
"../../../Engine/Content/EditorLandscapeResources/SplineEditorMeshMat.uasset" 3290
"/HairStrands/Materials/HairDebugMaterial" 3291
"../../Plugins/Runtime/HairStrands/Content/Materials/HairDebugMaterial.uasset" 3292
"../../../Engine/Content/Functions/Engine_MaterialFunctions02/Utility/MakeFloat2.uasset" 3293
"../../../Engine/Content/Functions/Engine_MaterialFunctions02/Utility/MakeFloat3.uasset" 3294
"../../../Engine/Content/EngineMaterials/HairColorMap.uasset" 3295
"../../../Engine/Content/EngineMaterials/HairDebugColor.uasset" 3296
"../../Plugins/Runtime/HairStrands/Content/Materials/HairGroupColors.uasset" 3297
"/HairStrands/Materials/HairDefaultMaterial" 3298
"../../Plugins/Runtime/HairStrands/Content/Materials/HairDefaultMaterial.uasset" 3299
"/HairStrands/Materials/HairCardsDefaultMaterial" 3300
"../../Plugins/Runtime/HairStrands/Content/Materials/HairCardsDefaultMaterial.uasset" 3301
"/HairStrands/Materials/HairMeshesDefaultMaterial" 3302
"../../Plugins/Runtime/HairStrands/Content/Materials/HairMeshesDefaultMaterial.uasset" 3303
"/Engine/EngineMaterials/Widget3DPassThrough_Translucent" 3304
"../../../Engine/Content/EngineMaterials/Widget3DPassThrough_Translucent.uasset" 3305
"../../../Engine/Content/EngineMaterials/Widget3DPassThrough.uasset" 3306
"/Engine/EngineMaterials/Widget3DPassThrough_Translucent_OneSided" 3307
"../../../Engine/Content/EngineMaterials/Widget3DPassThrough_Translucent_OneSided.uasset" 3308
"/Engine/EngineMaterials/Widget3DPassThrough_Opaque" 3309
"../../../Engine/Content/EngineMaterials/Widget3DPassThrough_Opaque.uasset" 3310
"/Engine/EngineMaterials/Widget3DPassThrough_Opaque_OneSided" 3311
"../../../Engine/Content/EngineMaterials/Widget3DPassThrough_Opaque_OneSided.uasset" 3312
"/Engine/EngineMaterials/Widget3DPassThrough_Masked" 3313
"../../../Engine/Content/EngineMaterials/Widget3DPassThrough_Masked.uasset" 3314
"/Engine/EngineMaterials/Widget3DPassThrough_Masked_OneSided" 3315
"../../../Engine/Content/EngineMaterials/Widget3DPassThrough_Masked_OneSided.uasset" 3316
"/Engine/VREditor/ViewportInteractionAssetContainerData" 3317
"../../../Engine/Content/VREditor/ViewportInteractionAssetContainerData.uasset" 3318
"../../../Engine/Content/VREditor/SnapGrid/SnapGridMaterial.uasset" 3319
"../../../Engine/Content/VREditor/TransformGizmo/TransformGizmoMaterial_Inst.uasset" 3320
"../../../Engine/Content/VREditor/TransformGizmo/TranslucentTransformGizmoMaterial_Inst.uasset" 3321
"../../../Engine/Content/VREditor/SnapGrid/SnapGridPlaneMesh.uasset" 3322
"../../../Engine/Content/VREditor/Sounds/UI/Drop_Item_From_ContentBrowser.uasset" 3323
"../../../Engine/Content/VREditor/Sounds/UI/Gizmo_Handle_Clicked.uasset" 3324
"../../../Engine/Content/VREditor/Sounds/UI/Object_PickUp.uasset" 3325
"../../../Engine/Content/VREditor/Sounds/UI/Object_Snaps_To_Another_Actor.uasset" 3326
"../../../Engine/Content/VREditor/Sounds/UI/Object_Snaps_To_Grid.uasset" 3327
"../../../Engine/Content/VREditor/Sounds/UI/Scaling_Down.uasset" 3328
"../../../Engine/Content/VREditor/Sounds/UI/Scaling_Up.uasset" 3329
"../../../Engine/Content/VREditor/Sounds/UI/Selection_Changes.uasset" 3330
"../../../Engine/Content/VREditor/TransformGizmo/PlaneTranslationHandle.uasset" 3331
"../../../Engine/Content/VREditor/TransformGizmo/RotationHandleFull.uasset" 3332
"../../../Engine/Content/VREditor/TransformGizmo/RotationHandleIndicator.uasset" 3333
"../../../Engine/Content/VREditor/TransformGizmo/RotationHandleQuarter.uasset" 3334
"../../../Engine/Content/VREditor/TransformGizmo/StartRotationHandleIndicator.uasset" 3335
"../../../Engine/Content/VREditor/TransformGizmo/TransformGizmoFreeRotation.uasset" 3336
"../../../Engine/Content/VREditor/TransformGizmo/TranslateArrowHandle.uasset" 3337
"../../../Engine/Content/VREditor/TransformGizmo/UniformScaleHandle.uasset" 3338
"../../../Engine/Content/Functions/Engine_MaterialFunctions02/Math/Transform3x3Matrix.uasset" 3339
"../../../Engine/Content/Functions/Engine_MaterialFunctions02/SplitComponents.uasset" 3340
"../../../Engine/Content/VREditor/TransformGizmo/TransformGizmoMaterial.uasset" 3341
"../../../Engine/Content/VREditor/TransformGizmo/TranslucentTransformGizmoMaterial.uasset" 3342
"../../../Engine/Content/Functions/Engine_MaterialFunctions02/Utility/BreakOutFloat3Components.uasset" 3343
"../../../Engine/Content/VREditor/LaserPointer/VR_LaserPower_01.uasset" 3344
"/Engine/VREditor/TransformGizmo/BoundingBoxCorner" 3345
"../../../Engine/Content/VREditor/TransformGizmo/BoundingBoxCorner.uasset" 3346
"/Engine/VREditor/TransformGizmo/BoundingBoxEdge" 3347
"../../../Engine/Content/VREditor/TransformGizmo/BoundingBoxEdge.uasset" 3348
"/Engine/ArtTools/RenderToTexture/Meshes/S_1_Unit_Plane" 3349
"../../../Engine/Content/ArtTools/RenderToTexture/Meshes/S_1_Unit_Plane.uasset" 3350
"/Engine/EngineDebugMaterials/M_SimpleUnlitTranslucent" 3351
"../../../Engine/Content/EngineDebugMaterials/M_SimpleUnlitTranslucent.uasset" 3352
"/Engine/EngineFonts/Roboto" 3353
"../../../Engine/Content/EngineFonts/Roboto.uasset" 3354
"../../../Engine/Content/EngineFonts/Faces/DroidSansFallback.uasset" 3355
"../../../Engine/Content/EngineFonts/Faces/RobotoBold.uasset" 3356
"../../../Engine/Content/EngineFonts/Faces/RobotoBoldItalic.uasset" 3357
"../../../Engine/Content/EngineFonts/Faces/RobotoItalic.uasset" 3358
"../../../Engine/Content/EngineFonts/Faces/RobotoLight.uasset" 3359
"../../../Engine/Content/EngineFonts/Faces/RobotoRegular.uasset" 3360
"/Engine/EditorMaterials/ParticleSystems/PSysThumbnail_NoImage" 3361
"../../../Engine/Content/EditorMaterials/ParticleSystems/PSysThumbnail_NoImage.uasset" 3362
"/Engine/EditorMaterials/ParticleSystems/PSysThumbnail_OOD" 3363
"../../../Engine/Content/EditorMaterials/ParticleSystems/PSysThumbnail_OOD.uasset" 3364
"/Engine/EngineResources/LandscapeVisibilityLayerInfo" 3365
"../../../Engine/Content/EngineResources/LandscapeVisibilityLayerInfo.uasset" 3366
"../../../../../../Users/cjoyn/OneDrive/Documents/Unreal Projects/CIS488UnrealProject/TheMarbelousAscent/Intermediate/ShaderAutogen/PCD3D_SM5/AutogenShaderHeaders.ush" 3367
"/ACLPlugin/ACLAnimBoneCompressionSettings" 3368
"../../Plugins/Animation/ACLPlugin/Content/ACLAnimBoneCompressionSettings.uasset" 3369
"/Engine/Animation/DefaultRecorderBoneCompression" 3370
"../../../Engine/Content/Animation/DefaultRecorderBoneCompression.uasset" 3371
"/ACLPlugin/ACLAnimCurveCompressionSettings" 3372
"../../Plugins/Animation/ACLPlugin/Content/ACLAnimCurveCompressionSettings.uasset" 3373
"/Engine/Animation/DefaultVariableFrameStrippingSettings" 3374
"../../../Engine/Content/Animation/DefaultVariableFrameStrippingSettings.uasset" 3375
"/ControlRig/Controls/ControlRigXRayMaterial" 3376
"../../Plugins/Animation/ControlRig/Content/Controls/ControlRigXRayMaterial.uasset" 3377
"/ControlRig/Controls/DefaultGizmoLibraryNormalized" 3378
"../../Plugins/Animation/ControlRig/Content/Controls/DefaultGizmoLibraryNormalized.uasset" 3379
"/AudioWidgets/Resources/ScrubHandleDown_Clamped" 3380
"../../Plugins/Runtime/AudioWidgets/Content/Resources/ScrubHandleDown_Clamped.uasset" 3381
"/Paper2D/MaskedUnlitSpriteMaterial" 3382
"../../Plugins/2D/Paper2D/Content/MaskedUnlitSpriteMaterial.uasset" 3383
"../../Plugins/2D/Paper2D/Content/DefaultSpriteMaterial.uasset" 3384
"../../Plugins/2D/Paper2D/Content/PlaceholderTextures/DummySpriteTexture.uasset" 3385
"/Paper2D/OpaqueUnlitSpriteMaterial" 3386
"../../Plugins/2D/Paper2D/Content/OpaqueUnlitSpriteMaterial.uasset" 3387
"/Paper2D/DefaultPaperTerrainMaterial" 3388
"../../Plugins/2D/Paper2D/Content/DefaultPaperTerrainMaterial.uasset" 3389
"../../Plugins/2D/Paper2D/Content/DummySprite.uasset" 3390
"/ControlRig/M_Manip" 3391
"../../Plugins/Animation/ControlRig/Content/M_Manip.uasset" 3392
"../../../Engine/Content/Functions/Engine_MaterialFunctions02/WorldPositionOffset/CameraOffset.uasset" 3393
"../../../Engine/Config/BaseUnrealInsightsSettings.ini" 3394
"/MediaPlate/SM_MediaPlateScreen" 3395
"../../Plugins/Media/MediaPlate/Content/SM_MediaPlateScreen.uasset" 3396
"../../../Engine/Intermediate/ProjectFiles/PrimaryProjectPath.txt" 3397
"/SpeedTreeImporter/SpeedTree9/SpeedTreeMaster" 3398
"../../Plugins/Editor/SpeedTreeImporter/Content/SpeedTree9/SpeedTreeMaster.uasset" 3399
"../../../Engine/Content/Functions/Engine_MaterialFunctions02/ObjectLocalBounds.uasset" 3400
"../../../Engine/Content/Functions/Engine_MaterialFunctions02/SafeNormalize.uasset" 3401
"../../../Engine/Content/Functions/Engine_MaterialFunctions02/Utility/VectorLength.uasset" 3402
"../../../Engine/Content/Functions/Engine_MaterialFunctions02/UVs/BoundingBoxBased_0-1_UVW.uasset" 3403
"../../../Engine/Content/Functions/Engine_MaterialFunctions02/WorldPositionOffset/ObjectScale.uasset" 3404
"../../Plugins/Editor/SpeedTreeImporter/Content/SpeedTree9/SpeedTreeBranchMotion.uasset" 3405
"../../Plugins/Editor/SpeedTreeImporter/Content/SpeedTree9/SpeedTreeCameraFacing.uasset" 3406
"../../Plugins/Editor/SpeedTreeImporter/Content/SpeedTree9/SpeedTreeWind.uasset" 3407
"../../Plugins/Editor/SpeedTreeImporter/Content/SpeedTree9/SpeedTreeWindMotion.uasset" 3408
"../../Plugins/Editor/SpeedTreeImporter/Content/SpeedTree9/UnpackDirection.uasset" 3409
"../../Plugins/Editor/SpeedTreeImporter/Content/SpeedTree9/UnpackInteger3.uasset" 3410
"../../Plugins/Editor/SpeedTreeImporter/Content/SpeedTree9/Empty.uasset" 3411
"../../Plugins/Editor/SpeedTreeImporter/Content/SpeedTree9/EmptyNormal.uasset" 3412
"../../Plugins/Editor/SpeedTreeImporter/Content/SpeedTree9/game_wind_noise.uasset" 3413
"/SpeedTreeImporter/SpeedTree9/SpeedTreeBillboardMaster" 3414
"../../Plugins/Editor/SpeedTreeImporter/Content/SpeedTree9/SpeedTreeBillboardMaster.uasset" 3415
"../../Plugins/Editor/SpeedTreeImporter/Content/SpeedTree9/SpeedTreeBillboard.uasset" 3416
"/Engine/BasicShapes/BasicShapeMaterial" 3417
"../../../Engine/Content/BasicShapes/BasicShapeMaterial.uasset" 3418
"/Engine/EditorMaterials/Dataflow/DataflowVertexMaterial" 3419
"../../../Engine/Content/EditorMaterials/Dataflow/DataflowVertexMaterial.uasset" 3420
"/Engine/EditorMaterials/Dataflow/DataflowTwoSidedVertexMaterial" 3421
"../../../Engine/Content/EditorMaterials/Dataflow/DataflowTwoSidedVertexMaterial.uasset" 3422
"/MeshModelingToolsetExp/Materials/PointSetOverlaidComponentMaterial" 3423
"../../Plugins/Experimental/MeshModelingToolsetExp/Content/Materials/PointSetOverlaidComponentMaterial.uasset" 3424
"../../../Engine/Content/Functions/Engine_MaterialFunctions02/Utility/FOV.uasset" 3425
"../../../Engine/Content/Functions/Engine_MaterialFunctions02/WorldPositionOffset/V2/ObjectScale.uasset" 3426
"../../../Engine/Content/Functions/Engine_MaterialFunctions03/Viewport/MF_OrthoWidth.uasset" 3427
"../../Plugins/Experimental/MeshModelingToolsetExp/Content/Materials/GetDisplacementVectorForDepthBias.uasset" 3428
"/Engine/EditorLandscapeResources/LayerVisMaterial" 3429
"../../../Engine/Content/EditorLandscapeResources/LayerVisMaterial.uasset" 3430
"../../../Engine/Content/EditorLandscapeResources/WhiteSquareTexture.uasset" 3431
"/Engine/EditorLandscapeResources/SelectBrushMaterial_Selected" 3432
"../../../Engine/Content/EditorLandscapeResources/SelectBrushMaterial_Selected.uasset" 3433
"../../../Engine/Content/EditorLandscapeResources/SelectBrushMaterial.uasset" 3434
"../../../Engine/Content/Functions/Engine_MaterialFunctions03/Math/WithinRangeFloat2.uasset" 3435
"../../../Engine/Content/EditorLandscapeResources/DefaultAlphaTexture.uasset" 3436
"/Engine/EditorLandscapeResources/SelectBrushMaterial_SelectedRegion" 3437
"../../../Engine/Content/EditorLandscapeResources/SelectBrushMaterial_SelectedRegion.uasset" 3438
"/Engine/EditorLandscapeResources/MaskBrushMaterial_MaskedRegion" 3439
"../../../Engine/Content/EditorLandscapeResources/MaskBrushMaterial_MaskedRegion.uasset" 3440
"../../../Engine/Content/EditorLandscapeResources/MaskBrushMaterial.uasset" 3441
"/Engine/EditorLandscapeResources/ColorMaskBrushMaterial_MaskedRegion" 3442
"../../../Engine/Content/EditorLandscapeResources/ColorMaskBrushMaterial_MaskedRegion.uasset" 3443
"../../../Engine/Content/EditorLandscapeResources/ColorMaskBrushMaterial.uasset" 3444
"/Engine/EditorLandscapeResources/LandscapeDirtyMaterial" 3445
"../../../Engine/Content/EditorLandscapeResources/LandscapeDirtyMaterial.uasset" 3446
"/Engine/EditorLandscapeResources/LandscapeLayerUsageMaterial" 3447
"../../../Engine/Content/EditorLandscapeResources/LandscapeLayerUsageMaterial.uasset" 3448
"../../../Engine/Content/Functions/Engine_MaterialFunctions01/Debug/DebugIntValues.uasset" 3449
"../../../Engine/Content/Functions/Engine_MaterialFunctions01/Texturing/ScaleUVsByCenter.uasset" 3450
"../../../Engine/Content/Functions/Engine_MaterialFunctions02/WorldPositionOffset/LocalPosition.uasset" 3451
"../../../Engine/Content/Functions/Engine_MaterialFunctions01/Texturing/TextureCropping.uasset" 3452
"../../../Engine/Content/Functions/Engine_MaterialFunctions02/ExampleContent/DebugNumberStrip.uasset" 3453
"C:/Users/cjoyn/AppData/Local/UnrealEngine/Editor/UInteractiveToolsPresetCollectionAsset_DefaultCollection.json" 3454
"/Engine/EngineMaterials/NaniteHiddenSectionMaterial" 3455
"../../../Engine/Content/EngineMaterials/NaniteHiddenSectionMaterial.uasset" 3456
"/Engine/EngineMaterials/RemoveSurfaceMaterial" 3457
"../../../Engine/Content/EngineMaterials/RemoveSurfaceMaterial.uasset" 3458
"/Engine/EngineDebugMaterials/DebugMeshMaterial" 3459
"../../../Engine/Content/EngineDebugMaterials/DebugMeshMaterial.uasset" 3460
"/Engine/EngineMaterials/EmissiveMeshMaterial" 3461
"../../../Engine/Content/EngineMaterials/EmissiveMeshMaterial.uasset" 3462
"../../../Engine/Content/EngineMaterials/DefaultWhiteGrid_Low.uasset" 3463
"/Engine/EngineMaterials/M_InvalidLightmapSettings" 3464
"../../../Engine/Content/EngineMaterials/M_InvalidLightmapSettings.uasset" 3465
"../../../Engine/Content/EngineMaterials/InvalidLightmapSettings.uasset" 3466
"/Engine/EngineMaterials/GizmoMaterial" 3467
"../../../Engine/Content/EngineMaterials/GizmoMaterial.uasset" 3468
"/Engine/EngineMaterials/PhAT_JointLimitMaterial" 3469
"../../../Engine/Content/EngineMaterials/PhAT_JointLimitMaterial.uasset" 3470
"/Engine/EngineMaterials/FlattenMaterial" 3471
"../../../Engine/Content/EngineMaterials/FlattenMaterial.uasset" 3472
"../../../Engine/Content/EngineMaterials/BaseFlattenDiffuseMap.uasset" 3473
"../../../Engine/Content/EngineMaterials/BaseFlattenEmissiveMap.uasset" 3474
"../../../Engine/Content/EngineMaterials/BaseFlattenGrayscaleMap.uasset" 3475
"../../../Engine/Content/EngineMaterials/BaseFlattenLinearColor.uasset" 3476
"../../../Engine/Content/EngineMaterials/BaseFlattenNormalMap.uasset" 3477
"../../../Engine/Content/Functions/Engine_MaterialFunctions02/PivotPainter2/Black_1x1_EXR_Texture.uasset" 3478
"/Engine/EngineMaterials/FlattenMaterial_VT" 3479
"../../../Engine/Content/EngineMaterials/FlattenMaterial_VT.uasset" 3480
"../../../Engine/Content/EngineMaterials/BaseFlattenDiffuseMap_VT.uasset" 3481
"../../../Engine/Content/EngineMaterials/BaseFlattenEmissiveMap_VT.uasset" 3482
"../../../Engine/Content/EngineMaterials/BaseFlattenGrayscaleMap_VT.uasset" 3483
"../../../Engine/Content/EngineMaterials/BaseFlattenLinearColor_VT.uasset" 3484
"../../../Engine/Content/EngineMaterials/BaseFlattenNormalMap_VT.uasset" 3485
"../../../Engine/Content/EngineMaterials/Black_1x1_EXR_Texture_VT.uasset" 3486
"/Engine/EngineMaterials/FlattenMaterial_WS_Normal_VT" 3487
"../../../Engine/Content/EngineMaterials/FlattenMaterial_WS_Normal_VT.uasset" 3488
"/Engine/EngineMaterials/Good64x64TilingNoiseHighFreq" 3489
"../../../Engine/Content/EngineMaterials/Good64x64TilingNoiseHighFreq.uasset" 3490
"/Engine/EngineMaterials/DefaultBokeh" 3491
"../../../Engine/Content/EngineMaterials/DefaultBokeh.uasset" 3492
"/Engine/EngineMaterials/MiniFont" 3493
"../../../Engine/Content/EngineMaterials/MiniFont.uasset" 3494
"/Engine/EngineMaterials/WeightMapPlaceholderTexture" 3495
"../../../Engine/Content/EngineMaterials/WeightMapPlaceholderTexture.uasset" 3496
"/Engine/EngineMaterials/WeightMapArrayPlaceholderTexture" 3497
"../../../Engine/Content/EngineMaterials/WeightMapArrayPlaceholderTexture.uasset" 3498
"/Engine/EngineMaterials/DefaultWhiteGrid" 3499
"../../../Engine/Content/EngineMaterials/DefaultWhiteGrid.uasset" 3500
"/Engine/EngineMaterials/PreintegratedSkinBRDF" 3501
"../../../Engine/Content/EngineMaterials/PreintegratedSkinBRDF.uasset" 3502
"/Engine/EngineMaterials/LTC/GGX_LTCAmp" 3503
"../../../Engine/Content/EngineMaterials/LTC/GGX_LTCAmp.uasset" 3504
"/Engine/EngineMaterials/LTC/GGX_LTCMat" 3505
"../../../Engine/Content/EngineMaterials/LTC/GGX_LTCMat.uasset" 3506
"/Engine/EngineMaterials/LTC/Sheen_LTC" 3507
"../../../Engine/Content/EngineMaterials/LTC/Sheen_LTC.uasset" 3508
"/Engine/EngineMaterials/EnergyConservation/GGX_ReflectionEnergy" 3509
"../../../Engine/Content/EngineMaterials/EnergyConservation/GGX_ReflectionEnergy.uasset" 3510
"/Engine/EngineMaterials/EnergyConservation/GGX_TransmissionEnergyArray" 3511
"../../../Engine/Content/EngineMaterials/EnergyConservation/GGX_TransmissionEnergyArray.uasset" 3512
"/Engine/EngineMaterials/EnergyConservation/Sheen_Energy" 3513
"../../../Engine/Content/EngineMaterials/EnergyConservation/Sheen_Energy.uasset" 3514
"/Engine/EngineMaterials/EnergyConservation/Diffuse_Energy" 3515
"../../../Engine/Content/EngineMaterials/EnergyConservation/Diffuse_Energy.uasset" 3516
"/Engine/EngineMaterials/DefaultPhysicalMaterial" 3517
"../../../Engine/Content/EngineMaterials/DefaultPhysicalMaterial.uasset" 3518
"/Engine/EngineMaterials/DefaultDestructiblePhysicalMaterial" 3519
"../../../Engine/Content/EngineMaterials/DefaultDestructiblePhysicalMaterial.uasset" 3520
"/Niagara/ParameterDefinitions/CoreParameters" 3521
"../../Plugins/FX/Niagara/Content/ParameterDefinitions/CoreParameters.uasset" 3522
"/Niagara/ParameterDefinitions/DecalRenderer" 3523
"../../Plugins/FX/Niagara/Content/ParameterDefinitions/DecalRenderer.uasset" 3524
"/Niagara/ParameterDefinitions/LightRenderer" 3525
"../../Plugins/FX/Niagara/Content/ParameterDefinitions/LightRenderer.uasset" 3526
"/Niagara/ParameterDefinitions/MeshRenderer" 3527
"../../Plugins/FX/Niagara/Content/ParameterDefinitions/MeshRenderer.uasset" 3528
"/Niagara/ParameterDefinitions/RibbonRenderer" 3529
"../../Plugins/FX/Niagara/Content/ParameterDefinitions/RibbonRenderer.uasset" 3530
"/Niagara/ParameterDefinitions/SpriteRenderer" 3531
"../../Plugins/FX/Niagara/Content/ParameterDefinitions/SpriteRenderer.uasset" 3532
"/DeformerGraph/Deformers/DG_LinearBlendSkin_Morph_Cloth" 3533
"../../Plugins/Animation/DeformerGraph/Content/Deformers/DG_LinearBlendSkin_Morph_Cloth.uasset" 3534
"../../Plugins/Animation/DeformerGraph/Content/DeformerFunctions/DG_Function_LinearBlendSkin_Morph_Cloth.uasset" 3535
"/DeformerGraph/Deformers/DG_LinearBlendSkin_Morph_Cloth_RecomputeNormals" 3536
"../../Plugins/Animation/DeformerGraph/Content/Deformers/DG_LinearBlendSkin_Morph_Cloth_RecomputeNormals.uasset" 3537
"../../Plugins/Animation/DeformerGraph/Content/DeformerFunctions/DG_Function_ComputeNormalsTangents.uasset" 3538
"../../Plugins/Animation/DeformerGraph/Content/DeformerFunctions/DG_Function_LinearBlendSkin_Morph_Cloth_PositionOnly.uasset" 3539
"/Engine/EditorResources/SequenceRecorder/Countdown" 3540
"../../../Engine/Content/EditorResources/SequenceRecorder/Countdown.uasset" 3541
"/Engine/EditorResources/SequenceRecorder/RecordingIndicator" 3542
"../../../Engine/Content/EditorResources/SequenceRecorder/RecordingIndicator.uasset" 3543
"/Engine/EditorMaterials/PhAT_UnselectedMaterial" 3544
"../../../Engine/Content/EditorMaterials/PhAT_UnselectedMaterial.uasset" 3545
"/Engine/EditorMaterials/PhAT_NoCollisionMaterial" 3546
"../../../Engine/Content/EditorMaterials/PhAT_NoCollisionMaterial.uasset" 3547
"/Engine/BasicShapes/Cube" 3548
"../../../Engine/Content/BasicShapes/Cube.uasset" 3549
"/Engine/BasicShapes/Sphere" 3550
"../../../Engine/Content/BasicShapes/Sphere.uasset" 3551
"../../../Engine/Content/EngineMaterials/DefaultMaterial.uasset" 3552
"/Engine/BasicShapes/Cylinder" 3553
"../../../Engine/Content/BasicShapes/Cylinder.uasset" 3554
"/Engine/BasicShapes/Cone" 3555
"../../../Engine/Content/BasicShapes/Cone.uasset" 3556
"/Engine/BasicShapes/Plane" 3557
"../../../Engine/Content/BasicShapes/Plane.uasset" 3558
"../../../Engine/Documentation/Source/Shared/Types/ABrush/ABrush.INT.udn" 3559
"../../../Engine/Content/Internationalization/icudt64l/brkitr/en_US.res" 3560
"../../../Engine/Content/Internationalization/icudt64l/brkitr/en.res" 3561
"../../../Engine/Content/Internationalization/icudt64l/brkitr/root.res" 3562
"../../../Engine/Content/Internationalization/icudt64l/brkitr/char.brk" 3563
"../../../Engine/Content/Internationalization/icudt64l/brkitr/word.brk" 3564
"/Engine/EditorResources/S_Terrain" 3565
"../../../Engine/Content/EditorResources/S_Terrain.uasset" 3566
"../../../Engine/Plugins/FX/Niagara/Shaders/Private/NiagaraDataInterfaceTexture2DArrayTemplate.ush" 3567
"../../../Engine/Plugins/FX/Niagara/Shaders/Private/NiagaraDataInterfaceActorComponentTemplate.ush" 3568
"../../../Engine/Plugins/FX/Niagara/Shaders/Private/NiagaraDataInterfaceArrayTemplate.ush" 3569
"../../../Engine/Plugins/FX/Niagara/Shaders/Private/NiagaraDataInterfaceArrayRWTemplate.ush" 3570
"../../../Engine/Plugins/FX/Niagara/Shaders/Private/NiagaraDataInterfaceArrayDistributionIntTemplate.ush" 3571
"../../../Engine/Plugins/FX/Niagara/Shaders/Private/NiagaraDataInterfaceAsyncGpuTrace.ush" 3572
"../../../Engine/Plugins/FX/Niagara/Shaders/Private/NiagaraDataInterfaceAsyncGpuTraceTemplate.ush" 3573
"../../../Engine/Plugins/FX/Niagara/Shaders/Private/NiagaraDataInterfaceCamera.ush" 3574
"../../../Engine/Plugins/Experimental/ChaosNiagara/Shaders/NiagaraDataInterfaceChaosDestruction.ush" 3575
"../../../Engine/Plugins/FX/Niagara/Shaders/Private/NiagaraDataInterfaceCollisionQuery.ush" 3576
"C:/Users/cjoyn/OneDrive/Documents/Unreal Projects/CIS488UnrealProject/TheMarbelousAscent/Intermediate/ShaderAutogen/PCD3D_SM5/AutogenShaderHeaders.ush" 3577
"../../../Engine/Plugins/FX/Niagara/Shaders/Private/NiagaraDataInterfaceCollisionQueryTemplate.ush" 3578
"../../../Engine/Plugins/FX/Niagara/Shaders/Private/NiagaraDataInterfaceCurveTemplate.ush" 3579
"../../../Engine/Plugins/FX/Niagara/Shaders/Private/NiagaraDataInterfaceCubeTextureTemplate.ush" 3580
"../../../Engine/Plugins/FX/Niagara/Shaders/Private/DataChannel/NiagaraDataInterfaceDataChannelCommon.ush" 3581
"../../../Engine/Plugins/FX/Niagara/Shaders/Private/DataChannel/NiagaraDataInterfaceDataChannelTemplateCommon.ush" 3582
"../../../Engine/Plugins/FX/Niagara/Shaders/Private/DataChannel/NiagaraDataInterfaceDataChannelTemplateReadCommon.ush" 3583
"../../../Engine/Plugins/FX/Niagara/Shaders/Private/DataChannel/NiagaraDataInterfaceDataChannelTemplate_Read.ush" 3584
"../../../Engine/Plugins/FX/Niagara/Shaders/Private/DataChannel/NiagaraDataInterfaceDataChannelTemplate_Consume.ush" 3585
"../../../Engine/Plugins/FX/Niagara/Shaders/Private/DataChannel/NiagaraDataInterfaceDataChannelTemplateWriteCommon.ush" 3586
"../../../Engine/Plugins/FX/Niagara/Shaders/Private/DataChannel/NiagaraDataInterfaceDataChannelTemplate_Append.ush" 3587
"../../../Engine/Plugins/FX/Niagara/Shaders/Private/NiagaraDataInterfaceDataTableTemplate.ush" 3588
"../../../Engine/Plugins/FX/Niagara/Shaders/Private/NiagaraDataInterfaceDebugDraw.ush" 3589
"../../../Engine/Plugins/FX/Niagara/Shaders/Private/NiagaraDataInterfaceDebugDrawTemplate.ush" 3590
"../../../Engine/Plugins/FX/Niagara/Shaders/Private/NiagaraDataInterfaceDynamicMeshTemplate.ush" 3591
"../../../Engine/Plugins/FX/Niagara/Shaders/Private/NiagaraDataInterfaceEmitterPropertiesTemplate.ush" 3592
"../../../Engine/Plugins/FX/Niagara/Shaders/Private/NiagaraDataInterfaceExportTemplate.ush" 3593
"../../../Engine/Plugins/FX/Niagara/Shaders/Private/NiagaraDataInterfaceGBufferTemplate.ush" 3594
"../../../Engine/Plugins/Experimental/ChaosNiagara/Shaders/NiagaraDataInterfaceGeometryCollection.ush" 3595
"../../../Engine/Plugins/FX/Niagara/Shaders/Private/NiagaraTransformUtils.ush" 3596
"../../../Engine/Plugins/Runtime/HairStrands/Shaders/Private/NiagaraStrandsExternalForce.ush" 3597
"../../../Engine/Plugins/Runtime/HairStrands/Shaders/Private/NiagaraHookeSpringMaterial.ush" 3598
"../../../Engine/Plugins/Runtime/HairStrands/Shaders/Private/NiagaraAngularSpringMaterial.ush" 3599
"../../../Engine/Plugins/Runtime/HairStrands/Shaders/Private/NiagaraConstantVolumeMaterial.ush" 3600
"../../../Engine/Plugins/Runtime/HairStrands/Shaders/Private/NiagaraCosseratRodMaterial.ush" 3601
"../../../Engine/Plugins/Runtime/HairStrands/Shaders/Private/NiagaraStaticCollisionConstraint.ush" 3602
"../../../Engine/Plugins/Runtime/HairStrands/Shaders/Private/NiagaraDataInterfaceHairStrands.ush" 3603
"../../../Engine/Plugins/Runtime/HairStrands/Shaders/Private/NiagaraDataInterfaceHairStrandsTemplate.ush" 3604
"../../../Engine/Plugins/FX/Niagara/Shaders/Private/NiagaraDataInterfaceIntRenderTarget2D.ush" 3605
"../../../Engine/Plugins/FX/Niagara/Shaders/Private/NiagaraDataInterfaceLandscape.ush" 3606
"../../../Engine/Plugins/FX/Niagara/Shaders/Private/NiagaraDataInterfaceMemoryBufferTemplate.ush" 3607
"../../../Engine/Plugins/FX/Niagara/Shaders/Private/NiagaraDataInterfaceMeshRendererInfoTemplate.ush" 3608
"../../../Engine/Plugins/FX/Niagara/Shaders/Private/NiagaraDataInterfaceOcclusion.ush" 3609
"../../../Engine/Plugins/FX/Niagara/Shaders/Private/NiagaraDataInterfacePhysicsAsset.ush" 3610
"../../../Engine/Plugins/Experimental/ChaosNiagara/Shaders/NiagaraDataInterfacePhysicsField.ush" 3611
"../../../Engine/Plugins/FX/Niagara/Shaders/Private/NiagaraDataInterfacePlatformSetTemplate.ush" 3612
"../../../Engine/Plugins/Runtime/HairStrands/Shaders/Private/NiagaraDataInterfaceVelocityGrid.ush" 3613
"../../../Engine/Plugins/Runtime/HairStrands/Shaders/Private/NiagaraDataInterfaceVelocityGridTemplate.ush" 3614
"../../../Engine/Plugins/Runtime/HairStrands/Shaders/Private/NiagaraDataInterfacePressureGrid.ush" 3615
"../../../Engine/Plugins/Runtime/HairStrands/Shaders/Private/NiagaraDataInterfacePressureGridTemplate.ush" 3616
"../../../Engine/Plugins/FX/Niagara/Shaders/Private/NiagaraDataInterfaceRenderTarget2DTemplate.ush" 3617
"../../../Engine/Plugins/FX/Niagara/Shaders/Private/NiagaraDataInterfaceRenderTarget2DArrayTemplate.ush" 3618
"../../../Engine/Plugins/FX/Niagara/Shaders/Private/NiagaraDataInterfaceRenderTargetCubeTemplate.ush" 3619
"../../../Engine/Plugins/FX/Niagara/Shaders/Private/NiagaraDataInterfaceRenderTargetVolumeTemplate.ush" 3620
"../../../Engine/Plugins/FX/Niagara/Shaders/Private/NiagaraDataInterfaceRigidMeshCollisionQuery.ush" 3621
"../../../Engine/Plugins/FX/Niagara/Shaders/Private/NiagaraDistanceFieldQueries.ush" 3622
"../../../Engine/Plugins/FX/Niagara/Shaders/Private/NiagaraDataInterfaceSceneCapture2DTemplate.ush" 3623
"../../../Engine/Plugins/FX/Niagara/Shaders/Private/NiagaraDataInterfaceSimCacheReaderTemplate.ush" 3624
"../../../Engine/Plugins/FX/Niagara/Shaders/Private/NiagaraDataInterfaceSimpleCounterTemplate.ush" 3625
"../../../Engine/Plugins/FX/Niagara/Shaders/Private/NiagaraDataInterfaceSkeletalMesh.ush" 3626
"../../../Engine/Plugins/FX/Niagara/Shaders/Private/NiagaraBaryCentricUtils.ush" 3627
"../../../Engine/Plugins/FX/Niagara/Shaders/Private/NiagaraDataInterfaceSkeletalMeshTemplate.ush" 3628
"../../../Engine/Plugins/FX/Niagara/Shaders/Private/NiagaraDataInterfaceSocketReaderTemplate.ush" 3629
"../../../Engine/Plugins/FX/Niagara/Shaders/Private/NiagaraDataInterfaceSparseVolumeTextureTemplate.ush" 3630
"../../../Engine/Plugins/FX/Niagara/Shaders/Private/NiagaraDataInterfaceSplineTemplate.ush" 3631
"../../../Engine/Plugins/FX/Niagara/Shaders/Private/NiagaraDataInterfaceSpriteRendererInfoTemplate.ush" 3632
"../../../Engine/Plugins/FX/Niagara/Shaders/Private/NiagaraDataInterfaceStaticMeshTemplate.ush" 3633
"../../../Engine/Plugins/FX/Niagara/Shaders/Private/NiagaraDataInterfaceTextureTemplate.ush" 3634
"../../../Engine/Plugins/FX/Niagara/Shaders/Private/NiagaraDataInterfaceVirtualTexture.ush" 3635
"../../../Engine/Plugins/FX/Niagara/Shaders/Private/NiagaraDataInterfaceVirtualTextureTemplate.ush" 3636
"../../../Engine/Plugins/FX/Niagara/Shaders/Private/NiagaraDataInterfaceVirtualTextureSampleTemplate.ush" 3637
"../../../Engine/Plugins/FX/Niagara/Shaders/Private/NiagaraDataInterfaceVolumeCache.ush" 3638
"../../../Engine/Plugins/FX/Niagara/Shaders/Private/NiagaraDataInterfaceVolumeTextureTemplate.ush" 3639
"C:/Users/cjoyn/OneDrive/Documents/Unreal Projects/CIS488UnrealProject/TheMarbelousAscent/Content/UI/Textures/Menu/SettingsButton.uasset" 3640
"C:/Users/cjoyn/OneDrive/Documents/Unreal Projects/CIS488UnrealProject/TheMarbelousAscent/Content/UI/Textures/Settings/MusicVolume.uasset" 3641
"C:/Users/cjoyn/OneDrive/Documents/Unreal Projects/CIS488UnrealProject/TheMarbelousAscent/Content/UI/Textures/Menu/PauseMenuBG.uasset" 3642
"C:/Users/cjoyn/OneDrive/Documents/Unreal Projects/CIS488UnrealProject/TheMarbelousAscent/Content/UI/Textures/Menu/QuitButton.uasset" 3643
"C:/Users/cjoyn/OneDrive/Documents/Unreal Projects/CIS488UnrealProject/TheMarbelousAscent/Content/UI/Textures/Menu/MainMenuBG.uasset" 3644
"C:/Users/cjoyn/OneDrive/Documents/Unreal Projects/CIS488UnrealProject/TheMarbelousAscent/Content/Sounds/SC_Music.uasset" 3645
"C:/Users/cjoyn/OneDrive/Documents/Unreal Projects/CIS488UnrealProject/TheMarbelousAscent/Content/UI/Textures/Menu/ContinueButton.uasset" 3646
"C:/Users/cjoyn/OneDrive/Documents/Unreal Projects/CIS488UnrealProject/TheMarbelousAscent/Content/SaveGame/SG_Settings.uasset" 3647
"C:/Users/cjoyn/OneDrive/Documents/Unreal Projects/CIS488UnrealProject/TheMarbelousAscent/Content/UI/Textures/Settings/Settings.uasset" 3648
"C:/Users/cjoyn/OneDrive/Documents/Unreal Projects/CIS488UnrealProject/TheMarbelousAscent/Content/UI/Widgets/WBP_Settings.uasset" 3649
"C:/Users/cjoyn/OneDrive/Documents/Unreal Projects/CIS488UnrealProject/TheMarbelousAscent/Content/UI/Textures/Settings/SFXVolume.uasset" 3650
"C:/Users/cjoyn/OneDrive/Documents/Unreal Projects/CIS488UnrealProject/TheMarbelousAscent/Content/UI/Widgets/WBP_Fade.uasset" 3651
"C:/Users/cjoyn/OneDrive/Documents/Unreal Projects/CIS488UnrealProject/TheMarbelousAscent/Content/Sounds/SC_SFX.uasset" 3652
"C:/Users/cjoyn/OneDrive/Documents/Unreal Projects/CIS488UnrealProject/TheMarbelousAscent/Content/Materials/Marble.uasset" 3653
"C:/Users/cjoyn/OneDrive/Documents/Unreal Projects/CIS488UnrealProject/TheMarbelousAscent/Content/UI/Textures/HowToPlay/ExitButton.uasset" 3654
"C:/Users/cjoyn/OneDrive/Documents/Unreal Projects/CIS488UnrealProject/TheMarbelousAscent/Content/Input/Actions/PlayerActions/Up_Down_Action.uasset" 3655
"C:/Users/cjoyn/OneDrive/Documents/Unreal Projects/CIS488UnrealProject/TheMarbelousAscent/Content/Input/Actions/PlayerActions/Pause.uasset" 3656
"C:/Users/cjoyn/OneDrive/Documents/Unreal Projects/CIS488UnrealProject/TheMarbelousAscent/Content/Sounds/SCM_MAIN.uasset" 3657
"C:/Users/cjoyn/OneDrive/Documents/Unreal Projects/CIS488UnrealProject/TheMarbelousAscent/Content/Input/Actions/PlayerActions/PlaceCheckpoint_Action.uasset" 3658
"C:/Users/cjoyn/OneDrive/Documents/Unreal Projects/CIS488UnrealProject/TheMarbelousAscent/Content/UI/Widgets/WBP_PauseMenu.uasset" 3659
"C:/Users/cjoyn/OneDrive/Documents/Unreal Projects/CIS488UnrealProject/TheMarbelousAscent/Content/Input/Actions/PlayerActions/LoadCheckpoint_Action.uasset" 3660
"C:/Users/cjoyn/OneDrive/Documents/Unreal Projects/CIS488UnrealProject/TheMarbelousAscent/Content/Blueprints/MarbleGameMode.uasset" 3661
"C:/Users/cjoyn/OneDrive/Documents/Unreal Projects/CIS488UnrealProject/TheMarbelousAscent/Content/Input/Actions/PlayerActions/Left-Right_Action.uasset" 3662
"../../../Engine/Content/EngineSounds/Submixes/MasterEQEffectPreset.uasset" 3663
"../../../Engine/Content/EngineSounds/Submixes/MasterReverbEffectPreset.uasset" 3664
"C:/Users/cjoyn/OneDrive/Documents/Unreal Projects/CIS488UnrealProject/TheMarbelousAscent/Content/Input/Actions/PlayerActions/IA_Look.uasset" 3665
"C:/Users/cjoyn/OneDrive/Documents/Unreal Projects/CIS488UnrealProject/TheMarbelousAscent/Content/Input/Actions/PlayerActions/Brake_Action.uasset" 3666
"C:/Users/cjoyn/OneDrive/Documents/Unreal Projects/CIS488UnrealProject/TheMarbelousAscent/Content/Input/Actions/PlayerActions/IA_Jump.uasset" 3667
"C:/Users/cjoyn/OneDrive/Documents/Unreal Projects/CIS488UnrealProject/TheMarbelousAscent/Content/Input/Maps/playerMap.uasset" 3668
"C:/Users/cjoyn/OneDrive/Documents/Unreal Projects/CIS488UnrealProject/TheMarbelousAscent/Content/Blueprints/Player_Marble.uasset" 3669
"C:/Users/cjoyn/OneDrive/Documents/Unreal Projects/CIS488UnrealProject/TheMarbelousAscent/Content/UI/Widgets/WBP_Stopwatch.uasset" 3670
"../../../Engine/Content/EditorBlueprintResources/StandardMacros.uasset" 3671
"/Game/UI/Textures/Menu/ContinueButton" 3672
"/Game/UI/Textures/Menu/SettingsButton" 3673
"/Game/UI/Textures/Menu/QuitButton" 3674
"/Game/UI/Textures/Settings/SFXVolume" 3675
"/Game/UI/Textures/Settings/Settings" 3676
"/Game/UI/Textures/Settings/MusicVolume" 3677
"/Game/UI/Textures/Menu/PauseMenuBG" 3678
"/Game/UI/Textures/Menu/MainMenuBG" 3679
"/Game/UI/Textures/HowToPlay/ExitButton" 3680
"/Game/SaveGame/SG_Settings" 3681
"/Game/Sounds/SC_SFX" 3682
"/Game/Sounds/SC_Music" 3683
"/Game/Sounds/SCM_MAIN" 3684
"/Game/UI/Widgets/WBP_Settings" 3685
"/Game/UI/Widgets/WBP_Fade" 3686
"/Game/UI/Widgets/WBP_PauseMenu" 3687
"/Game/Blueprints/MarbleGameMode" 3688
"/Engine/EngineSounds/Submixes/MasterReverbEffectPreset" 3689
"/Engine/EngineSounds/Submixes/MasterEQEffectPreset" 3690
"../../../Engine/Content/EngineSounds/Submixes/MasterSubmixDefault.uasset" 3691
"../../../Engine/Content/EngineSounds/Submixes/MasterReverbSubmixDefault.uasset" 3692
"../../../Engine/Content/EngineSounds/Submixes/MasterEQSubmixDefault.uasset" 3693
"../../../Engine/Plugins/Interchange/Assets/Content/Functions/MF_IridescenceNoLUT.uasset" 3694
"../../../Engine/Plugins/Interchange/Assets/Content/gltf/MaterialFunctions/MF_Occlusion.uasset" 3695
"../../../Engine/Plugins/Interchange/Assets/Content/gltf/MaterialFunctions/MF_SpecularAnisotropy.uasset" 3696
"../../../Engine/Plugins/Interchange/Assets/Content/gltf/Textures/T_Anisotropy_Direction_Linear.uasset" 3697
"../../../Engine/Plugins/Interchange/Assets/Content/gltf/MaterialFunctions/MF_Specular.uasset" 3698
"../../../Engine/Plugins/Interchange/Assets/Content/gltf/MaterialFunctions/MF_RotateV2.uasset" 3699
"../../../Engine/Plugins/Interchange/Assets/Content/gltf/MaterialFunctions/MF_Normals.uasset" 3700
"../../../Engine/Plugins/Interchange/Assets/Content/gltf/MaterialFunctions/MF_ScaleNormal.uasset" 3701
"../../../Engine/Plugins/Interchange/Assets/Content/gltf/MaterialFunctions/MF_MetallicRoughness.uasset" 3702
"../../../Engine/Plugins/Interchange/Assets/Content/gltf/MaterialFunctions/MF_TransformUVs.uasset" 3703
"../../../Engine/Plugins/Interchange/Assets/Content/gltf/Textures/T_White_Linear.uasset" 3704
"../../../Engine/Plugins/Interchange/Assets/Content/gltf/MaterialFunctions/MF_Emissive.uasset" 3705
"../../../Engine/Plugins/Interchange/Assets/Content/gltf/MaterialFunctions/MF_Iridescence.uasset" 3706
"../../../Engine/Plugins/Interchange/Assets/Content/gltf/Textures/T_Generic_N.uasset" 3707
"../../../Engine/Plugins/Interchange/Assets/Content/gltf/MaterialFunctions/MF_Clearcoat.uasset" 3708
"../../../Engine/Plugins/Interchange/Assets/Content/gltf/MaterialFunctions/MF_BaseColor.uasset" 3709
"../../../Engine/Plugins/Interchange/Assets/Content/gltf/Textures/T_White_srgb.uasset" 3710
"../../../Engine/Plugins/Interchange/Assets/Content/gltf/MaterialFunctions/MF_IOR.uasset" 3711
"../../../Engine/Plugins/Interchange/Assets/Content/gltf/MaterialFunctions/MF_RotateNormals_TS.uasset" 3712
"../../../Engine/Plugins/Interchange/Assets/Content/Utilities/New_LUT.uasset" 3713
"../../../Engine/Plugins/Interchange/Assets/Content/gltf/MaterialInstances/MI_ClearCoat_Blend.uasset" 3714
"../../../Engine/Content/Functions/Engine_MaterialFunctions01/Texturing/FlattenNormal.uasset" 3715
"../../../Engine/Plugins/Interchange/Assets/Content/gltf/M_ClearCoat.uasset" 3716
"../../../Engine/Plugins/Interchange/Assets/Content/gltf/MaterialInstances/MI_ClearCoat_Mask.uasset" 3717
"../../../Engine/Plugins/Interchange/Assets/Content/gltf/MaterialInstances/MI_ClearCoat_Opaque.uasset" 3718
"../../../Engine/Plugins/Interchange/Assets/Content/Functions/MF_Iridescence.uasset" 3719
"../../../Engine/Content/Functions/Engine_MaterialFunctions03/Math/RemapValueRange.uasset" 3720
"../../../Engine/Plugins/Interchange/Assets/Content/gltf/MaterialBodies/MF_ClearCoat_Body.uasset" 3721
"../../../Engine/Plugins/Interchange/Assets/Content/gltf/MaterialInstances/MI_ClearCoat_Opaque_DS.uasset" 3722
"/InterchangeAssets/gltf/MaterialInstances/MI_ClearCoat_Opaque_DS" 3723
"/InterchangeAssets/gltf/MaterialInstances/MI_ClearCoat_Blend" 3724
"/InterchangeAssets/gltf/MaterialInstances/MI_ClearCoat_Mask" 3725
"/InterchangeAssets/gltf/MaterialInstances/MI_ClearCoat_Opaque" 3726
"/Engine/EngineSounds/Submixes/MasterReverbSubmixDefault" 3727
"../../../Engine/Plugins/Interchange/Assets/Content/gltf/MaterialInstances/MI_Default_Mask_DS.uasset" 3728
"../../../Engine/Plugins/Interchange/Assets/Content/gltf/MaterialInstances/MI_Default_Mask.uasset" 3729
"../../../Engine/Plugins/Interchange/Assets/Content/gltf/MaterialInstances/MI_Default_Opaque_DS.uasset" 3730
"../../../Engine/Plugins/Interchange/Assets/Content/gltf/M_Default.uasset" 3731
"../../../Engine/Plugins/Interchange/Assets/Content/gltf/MaterialInstances/MI_ClearCoat_Blend_DS.uasset" 3732
"../../../Engine/Plugins/Interchange/Assets/Content/gltf/MaterialInstances/MI_Default_Blend.uasset" 3733
"../../../Engine/Plugins/Interchange/Assets/Content/gltf/MaterialInstances/MI_Default_Blend_DS.uasset" 3734
"../../../Engine/Plugins/Interchange/Assets/Content/gltf/MaterialInstances/MI_ClearCoat_Mask_DS.uasset" 3735
"../../../Engine/Plugins/Interchange/Assets/Content/gltf/MaterialBodies/MF_Default_Body.uasset" 3736
"../../../Engine/Plugins/Interchange/Assets/Content/gltf/MaterialInstances/MI_Default_Opaque.uasset" 3737
"../../../Engine/Plugins/Interchange/Assets/Content/gltf/MaterialInstances/MI_Sheen_Blend_DS.uasset" 3738
"../../../Engine/Plugins/Interchange/Assets/Content/gltf/MaterialInstances/MI_Sheen_Mask.uasset" 3739
"../../../Engine/Plugins/Interchange/Assets/Content/gltf/MaterialBodies/MF_Sheen_Body.uasset" 3740
"../../../Engine/Plugins/Interchange/Assets/Content/gltf/MaterialFunctions/MF_Sheen.uasset" 3741
"../../../Engine/Plugins/Interchange/Assets/Content/gltf/MaterialInstances/MI_Sheen_Blend.uasset" 3742
"../../../Engine/Plugins/Interchange/Assets/Content/gltf/MaterialInstances/MI_Sheen_Opaque_DS.uasset" 3743
"../../../Engine/Plugins/Interchange/Assets/Content/gltf/MaterialInstances/MI_Sheen_Mask_DS.uasset" 3744
"../../../Engine/Plugins/Interchange/Assets/Content/gltf/MaterialInstances/MI_Sheen_Opaque.uasset" 3745
"../../../Engine/Plugins/Interchange/Assets/Content/gltf/MaterialFunctions/MF_Transmission.uasset" 3746
"../../../Engine/Plugins/Interchange/Assets/Content/gltf/M_Sheen.uasset" 3747
"../../../Engine/Plugins/Interchange/Assets/Content/gltf/MaterialFunctions/MF_Fresnel_DS.uasset" 3748
"../../../Engine/Content/Functions/Engine_MaterialFunctions02/Math/AddComponents.uasset" 3749
"../../../Engine/Plugins/Interchange/Assets/Content/gltf/MaterialInstances/MI_Transmission.uasset" 3750
"../../../Engine/Plugins/Interchange/Assets/Content/gltf/MaterialFunctions/MF_Temporal_Blur.uasset" 3751
"../../../Engine/Plugins/Interchange/Assets/Content/gltf/MaterialInstances/MI_Transmission_DS.uasset" 3752
"../../../Engine/Plugins/Interchange/Assets/Content/gltf/MaterialBodies/MF_Transmission_Body.uasset" 3753
"../../../Engine/Plugins/Interchange/Assets/Shaders/ThinFilmFunctions.usf" 3754
"../../../Engine/Content/Functions/Engine_MaterialFunctions02/Texturing/ScreenAlignedPixelToPixelUVs.uasset" 3755
"../../../Engine/Plugins/Interchange/Assets/Content/gltf/MaterialFunctions/MF_PerceivedBrightness.uasset" 3756
"../../../Engine/Plugins/Interchange/Assets/Content/gltf/M_Transmission.uasset" 3757
"../../../Engine/Plugins/Interchange/Assets/Content/gltf/MaterialFunctions/MF_SpecGlossToMetalRoughness.uasset" 3758
"../../../Engine/Plugins/Interchange/Assets/Content/gltf/MaterialFunctions/MF_MaxComponentValue.uasset" 3759
"../../../Engine/Plugins/Interchange/Assets/Content/gltf/MaterialFunctions/MF_DiffuseSpecGloss.uasset" 3760
"/InterchangeAssets/gltf/MaterialFunctions/MF_DiffuseSpecGloss" 3761
"/InterchangeAssets/gltf/MaterialFunctions/MF_MaxComponentValue" 3762
"/InterchangeAssets/gltf/MaterialFunctions/MF_SpecGlossToMetalRoughness" 3763
"/InterchangeAssets/gltf/MaterialInstances/MI_Transmission_DS" 3764
"/InterchangeAssets/gltf/MaterialInstances/MI_Transmission" 3765
"/InterchangeAssets/gltf/MaterialInstances/MI_Sheen_Blend_DS" 3766
"/InterchangeAssets/gltf/MaterialInstances/MI_Sheen_Mask_DS" 3767
"/InterchangeAssets/gltf/MaterialInstances/MI_Sheen_Opaque_DS" 3768
"/InterchangeAssets/gltf/MaterialInstances/MI_Sheen_Blend" 3769
"/InterchangeAssets/gltf/MaterialInstances/MI_Sheen_Mask" 3770
"/InterchangeAssets/gltf/MaterialInstances/MI_Sheen_Opaque" 3771
"/InterchangeAssets/gltf/MaterialInstances/MI_Default_Blend_DS" 3772
"/InterchangeAssets/gltf/MaterialInstances/MI_Default_Mask_DS" 3773
"/InterchangeAssets/gltf/MaterialInstances/MI_Default_Opaque_DS" 3774
"/InterchangeAssets/gltf/MaterialInstances/MI_Default_Blend" 3775
"/InterchangeAssets/gltf/MaterialInstances/MI_Default_Mask" 3776
"/InterchangeAssets/gltf/MaterialInstances/MI_Default_Opaque" 3777
"/InterchangeAssets/gltf/MaterialInstances/MI_ClearCoat_Blend_DS" 3778
"/InterchangeAssets/gltf/MaterialInstances/MI_ClearCoat_Mask_DS" 3779
"../../../Engine/Plugins/Interchange/Assets/Content/gltf/MaterialInstances/MI_SpecularGlossiness_Opaque.uasset" 3780
"../../../Engine/Plugins/Interchange/Assets/Content/gltf/MaterialBodies/MF_SpecularGlossiness_Body.uasset" 3781
"../../../Engine/Plugins/Interchange/Assets/Content/gltf/MaterialInstances/MI_SpecularGlossiness_Mask.uasset" 3782
"C:/Users/cjoyn/OneDrive/Documents/Unreal Projects/CIS488UnrealProject/TheMarbelousAscent/Content/UI/Textures/Menu/PlayButton.uasset" 3783
"C:/Users/cjoyn/OneDrive/Documents/Unreal Projects/CIS488UnrealProject/TheMarbelousAscent/Content/UI/Textures/Menu/MainMenuTitle.uasset" 3784
"C:/Users/cjoyn/OneDrive/Documents/Unreal Projects/CIS488UnrealProject/TheMarbelousAscent/Content/UI/Textures/Menu/HowToPlay.uasset" 3785
"C:/Users/cjoyn/OneDrive/Documents/Unreal Projects/CIS488UnrealProject/TheMarbelousAscent/Content/UI/Textures/HowToPlay/Page9-1.uasset" 3786
"C:/Users/cjoyn/OneDrive/Documents/Unreal Projects/CIS488UnrealProject/TheMarbelousAscent/Content/UI/Textures/HowToPlay/Page8-1.uasset" 3787
"C:/Users/cjoyn/OneDrive/Documents/Unreal Projects/CIS488UnrealProject/TheMarbelousAscent/Content/UI/Textures/HowToPlay/Page7-1.uasset" 3788
"C:/Users/cjoyn/OneDrive/Documents/Unreal Projects/CIS488UnrealProject/TheMarbelousAscent/Content/UI/Textures/HowToPlay/Page6-1.uasset" 3789
"C:/Users/cjoyn/OneDrive/Documents/Unreal Projects/CIS488UnrealProject/TheMarbelousAscent/Content/UI/Textures/HowToPlay/Page5-1.uasset" 3790
"C:/Users/cjoyn/OneDrive/Documents/Unreal Projects/CIS488UnrealProject/TheMarbelousAscent/Content/UI/Textures/HowToPlay/Page4-1.uasset" 3791
"C:/Users/cjoyn/OneDrive/Documents/Unreal Projects/CIS488UnrealProject/TheMarbelousAscent/Content/UI/Textures/HowToPlay/Page3-1.uasset" 3792
"C:/Users/cjoyn/OneDrive/Documents/Unreal Projects/CIS488UnrealProject/TheMarbelousAscent/Content/UI/Textures/HowToPlay/Page20-1.uasset" 3793
"../../../Engine/Plugins/Interchange/Assets/Content/gltf/MaterialInstances/MI_SpecularGlossiness_Mask_DS.uasset" 3794
"C:/Users/cjoyn/OneDrive/Documents/Unreal Projects/CIS488UnrealProject/TheMarbelousAscent/Content/UI/Textures/HowToPlay/Page19-1.uasset" 3795
"C:/Users/cjoyn/OneDrive/Documents/Unreal Projects/CIS488UnrealProject/TheMarbelousAscent/Content/UI/Textures/HowToPlay/Page18-1.uasset" 3796
"C:/Users/cjoyn/OneDrive/Documents/Unreal Projects/CIS488UnrealProject/TheMarbelousAscent/Content/UI/Textures/HowToPlay/Page17-1.uasset" 3797
"C:/Users/cjoyn/OneDrive/Documents/Unreal Projects/CIS488UnrealProject/TheMarbelousAscent/Content/UI/Textures/HowToPlay/Page16-1.uasset" 3798
"C:/Users/cjoyn/OneDrive/Documents/Unreal Projects/CIS488UnrealProject/TheMarbelousAscent/Content/UI/Textures/HowToPlay/Page15-1.uasset" 3799
"C:/Users/cjoyn/OneDrive/Documents/Unreal Projects/CIS488UnrealProject/TheMarbelousAscent/Content/UI/Textures/HowToPlay/Page14-1.uasset" 3800
"C:/Users/cjoyn/OneDrive/Documents/Unreal Projects/CIS488UnrealProject/TheMarbelousAscent/Content/UI/Textures/HowToPlay/Page13-1.uasset" 3801
"C:/Users/cjoyn/OneDrive/Documents/Unreal Projects/CIS488UnrealProject/TheMarbelousAscent/Content/UI/Textures/HowToPlay/Page12-1.uasset" 3802
"../../../Engine/Plugins/Interchange/Assets/Content/gltf/M_SpecularGlossiness.uasset" 3803
"C:/Users/cjoyn/OneDrive/Documents/Unreal Projects/CIS488UnrealProject/TheMarbelousAscent/Content/UI/Textures/HowToPlay/Page11-1.uasset" 3804
"C:/Users/cjoyn/OneDrive/Documents/Unreal Projects/CIS488UnrealProject/TheMarbelousAscent/Content/UI/Textures/HowToPlay/Page10-1.uasset" 3805
"C:/Users/cjoyn/OneDrive/Documents/Unreal Projects/CIS488UnrealProject/TheMarbelousAscent/Content/UI/Textures/HowToPlay/Page1-1.uasset" 3806
"C:/Users/cjoyn/OneDrive/Documents/Unreal Projects/CIS488UnrealProject/TheMarbelousAscent/Content/UI/Textures/HowToPlay/Page2-1.uasset" 3807
"C:/Users/cjoyn/OneDrive/Documents/Unreal Projects/CIS488UnrealProject/TheMarbelousAscent/Content/UI/Textures/HowToPlay/ArrowButton.uasset" 3808
"../../../Engine/Plugins/Interchange/Assets/Content/gltf/MaterialInstances/MI_SpecularGlossiness_Opaque_DS.uasset" 3809
"../../../Engine/Plugins/Interchange/Assets/Content/gltf/MaterialInstances/MI_SpecularGlossiness_Blend.uasset" 3810
"/Game/UI/Textures/HowToPlay/ArrowButton" 3811
"/Game/UI/Textures/HowToPlay/Page1-1" 3812
"/Game/UI/Textures/HowToPlay/Page10-1" 3813
"/Game/UI/Textures/HowToPlay/Page11-1" 3814
"/Game/UI/Textures/HowToPlay/Page12-1" 3815
"/Game/UI/Textures/HowToPlay/Page13-1" 3816
"/Game/UI/Textures/HowToPlay/Page14-1" 3817
"/Game/UI/Textures/HowToPlay/Page15-1" 3818
"/Game/UI/Textures/HowToPlay/Page16-1" 3819
"/Game/UI/Textures/HowToPlay/Page17-1" 3820
"/Game/UI/Textures/HowToPlay/Page18-1" 3821
"/Game/UI/Textures/HowToPlay/Page19-1" 3822
"/Game/UI/Textures/HowToPlay/Page2-1" 3823
"/Game/UI/Textures/HowToPlay/Page20-1" 3824
"/Game/UI/Textures/HowToPlay/Page3-1" 3825
"/Game/UI/Textures/HowToPlay/Page4-1" 3826
"/Game/UI/Textures/HowToPlay/Page5-1" 3827
"/Game/UI/Textures/HowToPlay/Page6-1" 3828
"/Game/UI/Textures/HowToPlay/Page7-1" 3829
"/Game/UI/Textures/HowToPlay/Page8-1" 3830
"/Game/UI/Textures/HowToPlay/Page9-1" 3831
"/Game/UI/Textures/Menu/HowToPlay" 3832
"/Game/UI/Textures/Menu/MainMenuTitle" 3833
"/Game/UI/Textures/Menu/PlayButton" 3834
"/InterchangeAssets/gltf/MaterialInstances/MI_SpecularGlossiness_Mask_DS" 3835
"/InterchangeAssets/gltf/MaterialInstances/MI_SpecularGlossiness_Opaque_DS" 3836
"/InterchangeAssets/gltf/MaterialInstances/MI_SpecularGlossiness_Blend" 3837
"../../../Engine/Plugins/Interchange/Assets/Content/gltf/MaterialInstances/MI_SpecularGlossiness_Blend_DS.uasset" 3838
"/InterchangeAssets/gltf/MaterialInstances/MI_SpecularGlossiness_Mask" 3839
"/InterchangeAssets/gltf/MaterialInstances/MI_SpecularGlossiness_Opaque" 3840
"/InterchangeAssets/gltf/MaterialInstances/MI_SpecularGlossiness_Blend_DS" 3841
"C:/Users/cjoyn/OneDrive/Documents/Unreal Projects/CIS488UnrealProject/TheMarbelousAscent/Content/UI/Widgets/WBP_MainMenu.uasset" 3842
"C:/Users/cjoyn/OneDrive/Documents/Unreal Projects/CIS488UnrealProject/TheMarbelousAscent/Content/UI/Widgets/WBP_HowToPlay.uasset" 3843
"C:/Users/cjoyn/OneDrive/Documents/Unreal Projects/CIS488UnrealProject/TheMarbelousAscent/Content/MainMenu.umap" 3844
"/Game/MainMenu" 3845
"../../../../../../Users/cjoyn/OneDrive/Documents/Unreal Projects/CIS488UnrealProject/TheMarbelousAscent/Content/MainMenu.umap" 3846
"../../../Engine/Plugins/Interchange/Assets/Content/gltf/M_Unlit.uasset" 3847
"../../../Engine/Plugins/Interchange/Assets/Content/gltf/MaterialBodies/MF_Unlit_Body.uasset" 3848
"../../../Engine/Plugins/Interchange/Assets/Content/gltf/MaterialInstances/MI_Unlit_Opaque.uasset" 3849
"/InterchangeAssets/gltf/MaterialInstances/MI_Unlit_Opaque" 3850
"../../../Engine/Content/Functions/Engine_MaterialFunctions01/Volumetrics/BeersLaw.uasset" 3851
"../../../Engine/Plugins/Interchange/Assets/Content/gltf/MaterialInstances/MI_Unlit_Blend_DS.uasset" 3852
"../../../Engine/Content/Functions/Substrate/MF_SchlickInternal.uasset" 3853
"../../../Engine/Plugins/Interchange/Assets/Content/gltf/MaterialInstances/MI_Unlit_Mask.uasset" 3854
"../../../Engine/Plugins/Interchange/Assets/Content/gltf/MaterialInstances/MI_Unlit_Blend.uasset" 3855
"C:/Users/cjoyn/OneDrive/Documents/Unreal Projects/CIS488UnrealProject/TheMarbelousAscent/Content/TutorialTest_HLOD0_Instancing.uasset" 3856
"C:/Users/cjoyn/OneDrive/Documents/Unreal Projects/CIS488UnrealProject/TheMarbelousAscent/Content/__ExternalActors__/TutorialTest/6/W7/H5C7YJP6V7QT6LKU7QLOTS.uasset" 3857
"../../../Engine/Plugins/Interchange/Assets/Content/gltf/MaterialInstances/MI_Unlit_Opaque_DS.uasset" 3858
"../../../Engine/Plugins/Interchange/Assets/Content/Functions/MX_Transmission.uasset" 3859
"../../../Engine/Plugins/Interchange/Assets/Content/Functions/MX_OpenPBR_Translucent.uasset" 3860
"../../../Engine/Plugins/Animation/ControlRig/Content/Controls/ControlRig_Sphere_solid.uasset" 3861
"../../../Engine/Plugins/Interchange/Assets/Content/gltf/MaterialInstances/MI_Unlit_Mask_DS.uasset" 3862
"../../../Engine/Plugins/Interchange/Assets/Content/Functions/MF_OrenNayerView.uasset" 3863
"../../../Engine/Plugins/Interchange/Assets/Content/Functions/MX_StandardSurface.uasset" 3864
"../../../Engine/Plugins/Interchange/Assets/Content/Functions/MX_OpenPBR_Opaque.uasset" 3865
"../../../Engine/Plugins/Animation/ControlRig/Content/Controls/ControlRig_Arrow2_1mm.uasset" 3866
"../../../Engine/Plugins/Animation/ControlRig/Content/Controls/ControlRig_Arrow2_3mm.uasset" 3867
"../../../Engine/Plugins/Interchange/Assets/Content/Functions/MX_TransmissionSurface.uasset" 3868
"../../../Engine/Plugins/Animation/ControlRig/Content/Controls/ControlRig_Arrow4_1mm.uasset" 3869
"../../../Engine/Plugins/Animation/ControlRig/Content/Controls/ControlRig_Box_1mm.uasset" 3870
"../../../Engine/Plugins/Animation/ControlRig/Content/Controls/ControlRig_Arrow4_3mm.uasset" 3871
"../../../Engine/Plugins/Animation/ControlRig/Content/Controls/ControlRig_Arrow4_solid.uasset" 3872
"../../../Engine/Plugins/Animation/ControlRig/Content/Controls/ControlRig_Arrow2_solid.uasset" 3873
"../../../Engine/Plugins/Animation/ControlRig/Content/Controls/ControlRig_Arrow_1mm.uasset" 3874
"../../../Engine/Plugins/Animation/ControlRig/Content/Controls/ControlRig_Box_3mm.uasset" 3875
"../../../Engine/Plugins/Animation/ControlRig/Content/Controls/ControlRig_Arrow_3mm.uasset" 3876
"../../../Engine/Plugins/Animation/ControlRig/Content/Controls/ControlRig_Circle_3mm.uasset" 3877
"../../../Engine/Plugins/Animation/ControlRig/Content/Controls/ControlRig_Circle_1mm.uasset" 3878
"../../../Engine/Plugins/Animation/ControlRig/Content/Controls/ControlRig_Box_solid.uasset" 3879
"/Engine/Functions/Engine_MaterialFunctions01/Volumetrics/BeersLaw" 3880
"/InterchangeAssets/gltf/MaterialInstances/MI_Unlit_Blend_DS" 3881
"/InterchangeAssets/gltf/MaterialInstances/MI_Unlit_Mask" 3882
"/ControlRig/Controls/ControlRig_Arrow_1mm" 3883
"/ControlRig/Controls/ControlRig_Arrow4_solid" 3884
"/ControlRig/Controls/ControlRig_Arrow4_3mm" 3885
"/ControlRig/Controls/ControlRig_Arrow4_1mm" 3886
"/ControlRig/Controls/ControlRig_Arrow2_solid" 3887
"/ControlRig/Controls/ControlRig_Arrow2_3mm" 3888
"/ControlRig/Controls/ControlRig_Arrow2_1mm" 3889
"/ControlRig/Controls/ControlRig_Sphere_solid" 3890
"/Game/TutorialTest" 3891
"../../../Engine/Plugins/Animation/ControlRig/Content/Controls/ControlRig_Diamond_1mm.uasset" 3892
"../../../Engine/Plugins/Animation/ControlRig/Content/Controls/ControlRig_Circle_solid.uasset" 3893
"../../../Engine/Plugins/Animation/ControlRig/Content/Controls/ControlRig_Arrow_solid.uasset" 3894
"/InterchangeAssets/Functions/MX_OpenPBR_Opaque" 3895
"/InterchangeAssets/Functions/MX_OpenPBR_Translucent" 3896
"../../../Engine/Plugins/Animation/ControlRig/Content/Controls/ControlRig_Diamond_3mm.uasset" 3897
"/InterchangeAssets/gltf/MaterialInstances/MI_Unlit_Mask_DS" 3898
"/InterchangeAssets/gltf/MaterialInstances/MI_Unlit_Opaque_DS" 3899
"/InterchangeAssets/gltf/MaterialInstances/MI_Unlit_Blend" 3900
"/ControlRig/Controls/ControlRig_Arrow_3mm" 3901
"/ControlRig/Controls/ControlRig_Circle_3mm" 3902
"/ControlRig/Controls/ControlRig_Circle_1mm" 3903
"/ControlRig/Controls/ControlRig_Box_solid" 3904
"/ControlRig/Controls/ControlRig_Box_3mm" 3905
"/ControlRig/Controls/ControlRig_Box_1mm" 3906
"/Game/__ExternalActors__/TutorialTest/2/MD/QRI0ANWE2YIHIGELSL1TUE" 3907
"../../../../../../Users/cjoyn/OneDrive/Documents/Unreal Projects/CIS488UnrealProject/TheMarbelousAscent/Content/__ExternalActors__/TutorialTest/2/MD/QRI0ANWE2YIHIGELSL1TUE.uasset" 3908
"/Game/__ExternalActors__/TutorialTest/6/RJ/AJDYZ0PKQJ5PAA2OG745CD" 3909
"../../../../../../Users/cjoyn/OneDrive/Documents/Unreal Projects/CIS488UnrealProject/TheMarbelousAscent/Content/__ExternalActors__/TutorialTest/6/RJ/AJDYZ0PKQJ5PAA2OG745CD.uasset" 3910
"/Game/__ExternalActors__/TutorialTest/8/YY/EIXZ0002JTIPCJIGGS23HY" 3911
"../../../../../../Users/cjoyn/OneDrive/Documents/Unreal Projects/CIS488UnrealProject/TheMarbelousAscent/Content/__ExternalActors__/TutorialTest/8/YY/EIXZ0002JTIPCJIGGS23HY.uasset" 3912
"/Game/__ExternalActors__/TutorialTest/A/K1/0LCP0SCQFQ2DSBR2UX2CD6" 3913
"../../../../../../Users/cjoyn/OneDrive/Documents/Unreal Projects/CIS488UnrealProject/TheMarbelousAscent/Content/__ExternalActors__/TutorialTest/A/K1/0LCP0SCQFQ2DSBR2UX2CD6.uasset" 3914
"/Game/__ExternalActors__/TutorialTest/B/5D/596JDXWVJESYHYKT34JCGN" 3915
"../../../../../../Users/cjoyn/OneDrive/Documents/Unreal Projects/CIS488UnrealProject/TheMarbelousAscent/Content/__ExternalActors__/TutorialTest/B/5D/596JDXWVJESYHYKT34JCGN.uasset" 3916
"../../../Engine/Content/OpenWorldTemplate/LandscapeMaterial/M_ProcGrid.uasset" 3917
"../../../Engine/Content/Functions/Engine_MaterialFunctions01/Gradient/LinearGradient.uasset" 3918
"../../../Engine/Content/Functions/Engine_MaterialFunctions01/ImageAdjustment/CheapContrast.uasset" 3919
"../../../Engine/Content/Functions/Engine_MaterialFunctions03/Blends/Blend_Overlay.uasset" 3920
"../../../Engine/Content/OpenWorldTemplate/LandscapeMaterial/MF_ProcGrid.uasset" 3921
"../../../Engine/Content/EngineMaterials/BlendFunc_DefBase.uasset" 3922
"../../../Engine/Content/EngineMaterials/BlendFunc_DefBlend.uasset" 3923
"../../../Engine/Plugins/Animation/ControlRig/Content/Controls/ControlRig_Diamond_solid.uasset" 3924
"../../../Engine/Plugins/Animation/ControlRig/Content/Controls/ControlRig_Hexagon_1mm.uasset" 3925
"../../../Engine/Plugins/Animation/ControlRig/Content/Controls/ControlRig_HalfCircle_solid.uasset" 3926
"../../../Engine/Content/OpenWorldTemplate/LandscapeMaterial/T_GridChecker_A.uasset" 3927
"../../../Engine/Plugins/Animation/ControlRig/Content/Controls/ControlRig_HalfCircle_1mm.uasset" 3928
"../../../Engine/Plugins/Animation/ControlRig/Content/Controls/ControlRig_HalfCircle_3mm.uasset" 3929
"/Game/__ExternalActors__/TutorialTest/B/LC/KIBIXM1S2CX1MB13KFZF8G" 3930
"../../../../../../Users/cjoyn/OneDrive/Documents/Unreal Projects/CIS488UnrealProject/TheMarbelousAscent/Content/__ExternalActors__/TutorialTest/B/LC/KIBIXM1S2CX1MB13KFZF8G.uasset" 3931
"../../../Engine/Content/EngineSky/M_SimpleSkyDome.uasset" 3932
"../../../Engine/Content/EngineSky/SM_SkySphere.uasset" 3933
"../../../Engine/Content/EngineSky/M_Sky_Panning_Clouds2.uasset" 3934
"../../../Engine/Content/EngineSky/T_Sky_Blue.uasset" 3935
"../../../Engine/Content/EngineSky/T_Sky_Clouds_M.uasset" 3936
"../../../Engine/Content/EngineSky/T_Sky_Stars.uasset" 3937
"/Game/__ExternalActors__/TutorialTest/E/VI/C4NNI37452OCO2HRULGABI" 3938
"../../../../../../Users/cjoyn/OneDrive/Documents/Unreal Projects/CIS488UnrealProject/TheMarbelousAscent/Content/__ExternalActors__/TutorialTest/E/VI/C4NNI37452OCO2HRULGABI.uasset" 3939
"/Game/__ExternalActors__/TutorialTest/F/14/7N5EQG7BMQYKRQ1K0L9Q38" 3940
"../../../../../../Users/cjoyn/OneDrive/Documents/Unreal Projects/CIS488UnrealProject/TheMarbelousAscent/Content/__ExternalActors__/TutorialTest/F/14/7N5EQG7BMQYKRQ1K0L9Q38.uasset" 3941
"../../../Engine/Content/EngineSky/VolumetricClouds/m_SimpleVolumetricCloud_Inst.uasset" 3942
"../../../Engine/Content/EngineSky/VolumetricClouds/m_SimpleVolumetricCloud.uasset" 3943
"../../../Engine/Content/EngineSky/VolumetricClouds/T_CloudMask.uasset" 3944
"../../../Engine/Content/EngineSky/VolumetricClouds/T_CloudPattern.uasset" 3945
"../../../Engine/Content/EngineSky/VolumetricClouds/T_Profile_08.uasset" 3946
"../../../Engine/Content/EngineSky/VolumetricClouds/VT_PerlinWorley_Balanced.uasset" 3947
"../../../Engine/Content/Functions/Engine_MaterialFunctions01/Units/Km-to-Cm.uasset" 3948
"../../../Engine/Content/Functions/Engine_MaterialFunctions02/Utility/BreakOutFloat4Components.uasset" 3949
"../../../Engine/Content/Functions/Engine_MaterialFunctions02/Utility/MakeFloat4.uasset" 3950
"../../../Engine/Content/EngineSky/VolumetricClouds/VT_Lightning.uasset" 3951
"/Engine/EditorResources/EmptyActor" 3952
"../../../Engine/Content/EditorResources/EmptyActor.uasset" 3953
"../../../Engine/Plugins/Animation/ControlRig/Content/Controls/ControlRig_Octagon_1mm.uasset" 3954
"../../../Engine/Plugins/Animation/ControlRig/Content/Controls/ControlRig_Hexagon_solid.uasset" 3955
"../../../Engine/Plugins/Animation/ControlRig/Content/Controls/ControlRig_Octagon_3mm.uasset" 3956
"../../../Engine/Plugins/Animation/ControlRig/Content/Controls/ControlRig_Hexagon_3mm.uasset" 3957
"../../../Engine/Plugins/Animation/ControlRig/Content/Controls/ControlRig_Octagon_solid.uasset" 3958
"/Game/__ExternalActors__/TutorialTest/9/Z9/ASXZUMDKH0XV79YGKOK3D0" 3959
"../../../../../../Users/cjoyn/OneDrive/Documents/Unreal Projects/CIS488UnrealProject/TheMarbelousAscent/Content/__ExternalActors__/TutorialTest/9/Z9/ASXZUMDKH0XV79YGKOK3D0.uasset" 3960
"../../../Engine/Plugins/Animation/ControlRig/Content/Controls/ControlRig_QuarterCircle_3mm.uasset" 3961
"../../../Engine/Plugins/Animation/ControlRig/Content/Controls/ControlRig_QuarterCircle_1mm.uasset" 3962
"../../../Engine/Plugins/Animation/ControlRig/Content/Controls/ControlRig_Pyramid_solid.uasset" 3963
"../../../Engine/Plugins/Animation/ControlRig/Content/Controls/ControlRig_Pyramid_3mm.uasset" 3964
"../../../Engine/Plugins/Animation/ControlRig/Content/Controls/ControlRig_QuarterCircle_solid.uasset" 3965
"/Game/__ExternalActors__/TutorialTest/9/YO/ZK1I763J4OYQZTIKE7GK7P" 3966
"../../../../../../Users/cjoyn/OneDrive/Documents/Unreal Projects/CIS488UnrealProject/TheMarbelousAscent/Content/__ExternalActors__/TutorialTest/9/YO/ZK1I763J4OYQZTIKE7GK7P.uasset" 3967
"/Game/__ExternalActors__/TutorialTest/9/TO/OF7KPC1G34Z6VUWVZJGE1S" 3968
"../../../../../../Users/cjoyn/OneDrive/Documents/Unreal Projects/CIS488UnrealProject/TheMarbelousAscent/Content/__ExternalActors__/TutorialTest/9/TO/OF7KPC1G34Z6VUWVZJGE1S.uasset" 3969
"/Game/__ExternalActors__/TutorialTest/9/RK/ZJU5O88ILGA8LWN0LAX5MM" 3970
"../../../../../../Users/cjoyn/OneDrive/Documents/Unreal Projects/CIS488UnrealProject/TheMarbelousAscent/Content/__ExternalActors__/TutorialTest/9/RK/ZJU5O88ILGA8LWN0LAX5MM.uasset" 3971
"/Game/__ExternalActors__/TutorialTest/9/78/DLM7K6GP62UA7KFKPBTD21" 3972
"../../../../../../Users/cjoyn/OneDrive/Documents/Unreal Projects/CIS488UnrealProject/TheMarbelousAscent/Content/__ExternalActors__/TutorialTest/9/78/DLM7K6GP62UA7KFKPBTD21.uasset" 3973
"/Game/__ExternalActors__/TutorialTest/8/OX/INVFIDQLLRT3NEB3WF8THL" 3974
"../../../../../../Users/cjoyn/OneDrive/Documents/Unreal Projects/CIS488UnrealProject/TheMarbelousAscent/Content/__ExternalActors__/TutorialTest/8/OX/INVFIDQLLRT3NEB3WF8THL.uasset" 3975
"/Game/__ExternalActors__/TutorialTest/8/NG/2QRMUO6I73T0UJWB2PA9WT" 3976
"../../../../../../Users/cjoyn/OneDrive/Documents/Unreal Projects/CIS488UnrealProject/TheMarbelousAscent/Content/__ExternalActors__/TutorialTest/8/NG/2QRMUO6I73T0UJWB2PA9WT.uasset" 3977
"/Game/__ExternalActors__/TutorialTest/8/MK/2MU8DZO0W3BF42Z3D7IE60" 3978
"../../../../../../Users/cjoyn/OneDrive/Documents/Unreal Projects/CIS488UnrealProject/TheMarbelousAscent/Content/__ExternalActors__/TutorialTest/8/MK/2MU8DZO0W3BF42Z3D7IE60.uasset" 3979
"../../../Engine/Plugins/Animation/ControlRig/Content/Controls/ControlRig_RoundedSquare_solid.uasset" 3980
"../../../Engine/Plugins/Animation/ControlRig/Content/Controls/ControlRig_RoundedSquare_1mm.uasset" 3981
"../../../Engine/Plugins/Animation/ControlRig/Content/Controls/ControlRig_RoundedSquare_3mm.uasset" 3982
"../../../Engine/Plugins/Animation/ControlRig/Content/Controls/ControlRig_Pyramid_1mm.uasset" 3983
"../../../Engine/Plugins/Animation/ControlRig/Content/Controls/ControlRig_RoundedTriangle_1mm.uasset" 3984
"../../../Engine/Plugins/Animation/ControlRig/Content/Controls/ControlRig_RoundedTriangle_3mm.uasset" 3985
"../../../Engine/Plugins/Animation/ControlRig/Content/Controls/ControlRig_Sphere_1mm.uasset" 3986
"../../../Engine/Plugins/Animation/ControlRig/Content/Controls/ControlRig_Sphere_3mm.uasset" 3987
"../../../Engine/Plugins/Animation/ControlRig/Content/Controls/ControlRig_RoundedTriangle_solid.uasset" 3988
"../../../Engine/Plugins/Animation/ControlRig/Content/Controls/ControlRig_Square_3mm.uasset" 3989
"../../../Engine/Plugins/Animation/ControlRig/Content/Controls/ControlRig_Square_1mm.uasset" 3990
"../../../Engine/Plugins/Animation/ControlRig/Content/Controls/ControlRig_Square_solid.uasset" 3991
"../../../Engine/Plugins/Animation/ControlRig/Content/Controls/ControlRig_Star4_1mm.uasset" 3992
"../../../Engine/Plugins/Animation/DeformerGraph/Shaders/Private/DataInterfaceCustomComputeKernel.ush" 3993
"../../../Engine/Plugins/Animation/DeformerGraph/Shaders/Private/DataInterfaceCloth.ush" 3994
"../../../Engine/Plugins/Animation/DeformerGraph/Shaders/Private/DataInterfaceSkinnedMeshRead.ush" 3995
"../../../Engine/Plugins/Animation/DeformerGraph/Shaders/Private/DataInterfaceSkeleton.ush" 3996
"../../../Engine/Plugins/Animation/DeformerGraph/Shaders/Private/DataInterfaceSkeletonCommon.ush" 3997
"../../../Engine/Plugins/Animation/DeformerGraph/Shaders/Private/DataInterfaceMorphTarget.ush" 3998
"../../../Engine/Plugins/Animation/DeformerGraph/Shaders/Private/DataInterfaceSkinnedMeshWrite.ush" 3999
"../../../Engine/Plugins/Animation/DeformerGraph/Shaders/Private/DataInterfaceRawBuffer.ush" 4000
"../../../Engine/Plugins/Runtime/ComputeFramework/Shaders/Private/BufferAlias.ush" 4001
"../../../Engine/Plugins/Animation/DeformerGraph/Shaders/Private/DataInterfaceSkinnedMesh.ush" 4002
"../../../Engine/Plugins/Animation/DeformerGraph/Shaders/Private/DataInterfaceHalfEdge.ush" 4003
"/ControlRig/Controls/ControlRig_Diamond_3mm" 4004
"/ControlRig/Controls/ControlRig_Diamond_1mm" 4005
"/Game/__ExternalActors__/TutorialTest/E/9X/O1FJA9VKOHG9PQ7VP0TSPH" 4006
"../../../../../../Users/cjoyn/OneDrive/Documents/Unreal Projects/CIS488UnrealProject/TheMarbelousAscent/Content/__ExternalActors__/TutorialTest/E/9X/O1FJA9VKOHG9PQ7VP0TSPH.uasset" 4007
"/Game/__ExternalActors__/TutorialTest/E/4U/EJ858LQTCD8S8S9BJTZIK6" 4008
"../../../../../../Users/cjoyn/OneDrive/Documents/Unreal Projects/CIS488UnrealProject/TheMarbelousAscent/Content/__ExternalActors__/TutorialTest/E/4U/EJ858LQTCD8S8S9BJTZIK6.uasset" 4009
"/Game/__ExternalActors__/TutorialTest/E/1Y/7T8P1AFXC8X6B6TBFC8O6X" 4010
"../../../../../../Users/cjoyn/OneDrive/Documents/Unreal Projects/CIS488UnrealProject/TheMarbelousAscent/Content/__ExternalActors__/TutorialTest/E/1Y/7T8P1AFXC8X6B6TBFC8O6X.uasset" 4011
"/Game/__ExternalActors__/TutorialTest/D/I6/0CBNUVKO56Y2QV4P63DJZD" 4012
"../../../../../../Users/cjoyn/OneDrive/Documents/Unreal Projects/CIS488UnrealProject/TheMarbelousAscent/Content/__ExternalActors__/TutorialTest/D/I6/0CBNUVKO56Y2QV4P63DJZD.uasset" 4013
"/Game/__ExternalActors__/TutorialTest/D/HF/GQQ3KLGR22X4H4SV5NKAR2" 4014
"../../../../../../Users/cjoyn/OneDrive/Documents/Unreal Projects/CIS488UnrealProject/TheMarbelousAscent/Content/__ExternalActors__/TutorialTest/D/HF/GQQ3KLGR22X4H4SV5NKAR2.uasset" 4015
"/Game/__ExternalActors__/TutorialTest/D/96/1XT6FJVFFLN92EU91A3YWZ" 4016
"../../../../../../Users/cjoyn/OneDrive/Documents/Unreal Projects/CIS488UnrealProject/TheMarbelousAscent/Content/__ExternalActors__/TutorialTest/D/96/1XT6FJVFFLN92EU91A3YWZ.uasset" 4017
"/Game/__ExternalActors__/TutorialTest/D/3A/J2RCTYDPW4SMS5HQZFIZ1L" 4018
"../../../../../../Users/cjoyn/OneDrive/Documents/Unreal Projects/CIS488UnrealProject/TheMarbelousAscent/Content/__ExternalActors__/TutorialTest/D/3A/J2RCTYDPW4SMS5HQZFIZ1L.uasset" 4019
"../../../../../../Users/cjoyn/OneDrive/Documents/Unreal Projects/CIS488UnrealProject/TheMarbelousAscent/Content/Meshes/base_color.uasset" 4020
"../../../../../../Users/cjoyn/OneDrive/Documents/Unreal Projects/CIS488UnrealProject/TheMarbelousAscent/Content/Meshes/base_color_002.uasset" 4021
"../../../../../../Users/cjoyn/OneDrive/Documents/Unreal Projects/CIS488UnrealProject/TheMarbelousAscent/Content/Meshes/slippery_platform.uasset" 4022
"../../Plugins/Interchange/Assets/Content/Materials/FBXLegacyPhongSurfaceMaterial.uasset" 4023
"../../../../../../Users/cjoyn/OneDrive/Documents/Unreal Projects/CIS488UnrealProject/TheMarbelousAscent/Content/Meshes/Material.uasset" 4024
"../../../Engine/Content/Functions/Engine_MaterialFunctions03/Procedurals/NormalFromHeightmap.uasset" 4025
"../../Plugins/Interchange/Assets/Content/Functions/MF_PhongToMetalRoughness.uasset" 4026
"../../../Engine/Content/EngineMaterials/DefaultNormal.uasset" 4027
"../../../../../../Users/cjoyn/OneDrive/Documents/Unreal Projects/CIS488UnrealProject/TheMarbelousAscent/Content/Meshes/LaunchPadTexture.uasset" 4028
"/Game/__ExternalActors__/TutorialTest/C/WT/WRHLB7SQX8CWTDD51IL0SU" 4029
"../../../../../../Users/cjoyn/OneDrive/Documents/Unreal Projects/CIS488UnrealProject/TheMarbelousAscent/Content/__ExternalActors__/TutorialTest/C/WT/WRHLB7SQX8CWTDD51IL0SU.uasset" 4030
"/Game/__ExternalActors__/TutorialTest/C/LJ/02VC20ZTDWIDX9DBRKFTRG" 4031
"../../../../../../Users/cjoyn/OneDrive/Documents/Unreal Projects/CIS488UnrealProject/TheMarbelousAscent/Content/__ExternalActors__/TutorialTest/C/LJ/02VC20ZTDWIDX9DBRKFTRG.uasset" 4032
"/Game/__ExternalActors__/TutorialTest/C/04/5XEGSO94AL01G3ZZV57U36" 4033
"../../../../../../Users/cjoyn/OneDrive/Documents/Unreal Projects/CIS488UnrealProject/TheMarbelousAscent/Content/__ExternalActors__/TutorialTest/C/04/5XEGSO94AL01G3ZZV57U36.uasset" 4034
"/Game/__ExternalActors__/TutorialTest/B/XS/8NNQS9U97QNC10D8OZ8UKY" 4035
"../../../../../../Users/cjoyn/OneDrive/Documents/Unreal Projects/CIS488UnrealProject/TheMarbelousAscent/Content/__ExternalActors__/TutorialTest/B/XS/8NNQS9U97QNC10D8OZ8UKY.uasset" 4036
"/Game/__ExternalActors__/TutorialTest/B/NI/8LKE00YPPFCWVDUYB875HJ" 4037
"../../../../../../Users/cjoyn/OneDrive/Documents/Unreal Projects/CIS488UnrealProject/TheMarbelousAscent/Content/__ExternalActors__/TutorialTest/B/NI/8LKE00YPPFCWVDUYB875HJ.uasset" 4038
"/Game/__ExternalActors__/TutorialTest/B/LE/8CQP1ZX2GLSY5XCT9C32GX" 4039
"../../../../../../Users/cjoyn/OneDrive/Documents/Unreal Projects/CIS488UnrealProject/TheMarbelousAscent/Content/__ExternalActors__/TutorialTest/B/LE/8CQP1ZX2GLSY5XCT9C32GX.uasset" 4040
"/Game/__ExternalActors__/TutorialTest/A/IU/PVPFBLPCX0M7MOO9O4AJ92" 4041
"../../../../../../Users/cjoyn/OneDrive/Documents/Unreal Projects/CIS488UnrealProject/TheMarbelousAscent/Content/__ExternalActors__/TutorialTest/A/IU/PVPFBLPCX0M7MOO9O4AJ92.uasset" 4042
"/Engine/EngineMaterials/Widget3DPassThrough" 4043
"/InterchangeAssets/gltf/M_Unlit" 4044
"/InterchangeAssets/gltf/M_SpecularGlossiness" 4045
"/ControlRig/Controls/ControlRig_Circle_solid" 4046
"/ControlRig/Controls/ControlRig_Arrow_solid" 4047
"/Game/__ExternalActors__/TutorialTest/7/IL/YZFEUOQ8MDQ7SV9CICESMR" 4048
"../../../../../../Users/cjoyn/OneDrive/Documents/Unreal Projects/CIS488UnrealProject/TheMarbelousAscent/Content/__ExternalActors__/TutorialTest/7/IL/YZFEUOQ8MDQ7SV9CICESMR.uasset" 4049
"/Game/__ExternalActors__/TutorialTest/7/PD/BCZ9V4QT22WZTEERJK6643" 4050
"../../../../../../Users/cjoyn/OneDrive/Documents/Unreal Projects/CIS488UnrealProject/TheMarbelousAscent/Content/__ExternalActors__/TutorialTest/7/PD/BCZ9V4QT22WZTEERJK6643.uasset" 4051
"/Game/__ExternalActors__/TutorialTest/7/QI/1S4COGBXTARM0L28NBS11N" 4052
"../../../../../../Users/cjoyn/OneDrive/Documents/Unreal Projects/CIS488UnrealProject/TheMarbelousAscent/Content/__ExternalActors__/TutorialTest/7/QI/1S4COGBXTARM0L28NBS11N.uasset" 4053
"/Game/__ExternalActors__/TutorialTest/7/TY/Z2DI0SSAER4CAY2OK8ZJBN" 4054
"../../../../../../Users/cjoyn/OneDrive/Documents/Unreal Projects/CIS488UnrealProject/TheMarbelousAscent/Content/__ExternalActors__/TutorialTest/7/TY/Z2DI0SSAER4CAY2OK8ZJBN.uasset" 4055
"/Game/__ExternalActors__/TutorialTest/8/04/XTGIAJWXRS9OUE1M6N314J" 4056
"../../../../../../Users/cjoyn/OneDrive/Documents/Unreal Projects/CIS488UnrealProject/TheMarbelousAscent/Content/__ExternalActors__/TutorialTest/8/04/XTGIAJWXRS9OUE1M6N314J.uasset" 4057
"/Game/__ExternalActors__/TutorialTest/8/0N/21ZZMV5CD6ZO6KHNIPALMU" 4058
"../../../../../../Users/cjoyn/OneDrive/Documents/Unreal Projects/CIS488UnrealProject/TheMarbelousAscent/Content/__ExternalActors__/TutorialTest/8/0N/21ZZMV5CD6ZO6KHNIPALMU.uasset" 4059
"/Game/__ExternalActors__/TutorialTest/8/8N/P9ELRJHIOU41MH5KROKC20" 4060
"../../../../../../Users/cjoyn/OneDrive/Documents/Unreal Projects/CIS488UnrealProject/TheMarbelousAscent/Content/__ExternalActors__/TutorialTest/8/8N/P9ELRJHIOU41MH5KROKC20.uasset" 4061
"/Game/__ExternalActors__/TutorialTest/8/9G/X1TW1GYXAX3ZZF2YXWBFS2" 4062
"../../../../../../Users/cjoyn/OneDrive/Documents/Unreal Projects/CIS488UnrealProject/TheMarbelousAscent/Content/__ExternalActors__/TutorialTest/8/9G/X1TW1GYXAX3ZZF2YXWBFS2.uasset" 4063
"../../../Engine/Plugins/Animation/ControlRig/Content/Controls/ControlRig_Star4_3mm.uasset" 4064
"../../../Engine/Plugins/Animation/ControlRig/Content/Controls/ControlRig_Star4_solid.uasset" 4065
"/Game/__ExternalActors__/TutorialTest/F/5C/4XGTJPJE68UN68Z3NQEOWM" 4066
"../../../../../../Users/cjoyn/OneDrive/Documents/Unreal Projects/CIS488UnrealProject/TheMarbelousAscent/Content/__ExternalActors__/TutorialTest/F/5C/4XGTJPJE68UN68Z3NQEOWM.uasset" 4067
"/Engine/EditorResources/LightIcons/S_LightError" 4068
"../../../Engine/Content/EditorResources/LightIcons/S_LightError.uasset" 4069
"../../../Engine/Plugins/Animation/ControlRig/Content/Controls/ControlRig_Triangle_3mm.uasset" 4070
"../../../Engine/Plugins/Animation/ControlRig/Content/Controls/ControlRig_Triangle_1mm.uasset" 4071
"/Game/__ExternalActors__/TutorialTest/E/XJ/SIJEXLNQMLMKHPRS6VLVOU" 4072
"../../../../../../Users/cjoyn/OneDrive/Documents/Unreal Projects/CIS488UnrealProject/TheMarbelousAscent/Content/__ExternalActors__/TutorialTest/E/XJ/SIJEXLNQMLMKHPRS6VLVOU.uasset" 4073
"/Game/__ExternalActors__/TutorialTest/E/WS/8WT3JPDMU3SSEHBZJBXHK9" 4074
"../../../../../../Users/cjoyn/OneDrive/Documents/Unreal Projects/CIS488UnrealProject/TheMarbelousAscent/Content/__ExternalActors__/TutorialTest/E/WS/8WT3JPDMU3SSEHBZJBXHK9.uasset" 4075
"/Game/__ExternalActors__/TutorialTest/E/RD/0E88ZBYLERYT6I2CQEQTTQ" 4076
"../../../../../../Users/cjoyn/OneDrive/Documents/Unreal Projects/CIS488UnrealProject/TheMarbelousAscent/Content/__ExternalActors__/TutorialTest/E/RD/0E88ZBYLERYT6I2CQEQTTQ.uasset" 4077
"/Game/__ExternalActors__/TutorialTest/E/LB/GWHPRK9UZLV1TQ3WITDG6Z" 4078
"../../../../../../Users/cjoyn/OneDrive/Documents/Unreal Projects/CIS488UnrealProject/TheMarbelousAscent/Content/__ExternalActors__/TutorialTest/E/LB/GWHPRK9UZLV1TQ3WITDG6Z.uasset" 4079
"/Game/__ExternalActors__/TutorialTest/E/GY/LVRJYDU4GGDFMEX373QT3E" 4080
"../../../../../../Users/cjoyn/OneDrive/Documents/Unreal Projects/CIS488UnrealProject/TheMarbelousAscent/Content/__ExternalActors__/TutorialTest/E/GY/LVRJYDU4GGDFMEX373QT3E.uasset" 4081
"/Game/__ExternalActors__/TutorialTest/0/CF/8D2AOCFM7689ZED1Y3AB7S" 4082
"../../../../../../Users/cjoyn/OneDrive/Documents/Unreal Projects/CIS488UnrealProject/TheMarbelousAscent/Content/__ExternalActors__/TutorialTest/0/CF/8D2AOCFM7689ZED1Y3AB7S.uasset" 4083
"/Game/__ExternalActors__/TutorialTest/6/XG/9XBLIFIU0ZX9EI6M4R509Q" 4084
"../../../../../../Users/cjoyn/OneDrive/Documents/Unreal Projects/CIS488UnrealProject/TheMarbelousAscent/Content/__ExternalActors__/TutorialTest/6/XG/9XBLIFIU0ZX9EI6M4R509Q.uasset" 4085
"../../../../../../Users/cjoyn/OneDrive/Documents/Unreal Projects/CIS488UnrealProject/TheMarbelousAscent/Content/Marble/Marbles/Models/FBX/Marbles/Glass3.uasset" 4086
"../../../../../../Users/cjoyn/OneDrive/Documents/Unreal Projects/CIS488UnrealProject/TheMarbelousAscent/Content/Marble/Marbles/Models/FBX/Marbles/Marble3.uasset" 4087
"/Game/__ExternalActors__/TutorialTest/0/DW/RW44RNBFFQQRG5ZDRQPUSS" 4088
"../../../../../../Users/cjoyn/OneDrive/Documents/Unreal Projects/CIS488UnrealProject/TheMarbelousAscent/Content/__ExternalActors__/TutorialTest/0/DW/RW44RNBFFQQRG5ZDRQPUSS.uasset" 4089
"../../../../../../Users/cjoyn/OneDrive/Documents/Unreal Projects/CIS488UnrealProject/TheMarbelousAscent/Content/Materials/Cyan.uasset" 4090
"/Game/__ExternalActors__/TutorialTest/0/UP/OVIYKO52URASQHI0WZIEQY" 4091
"../../../../../../Users/cjoyn/OneDrive/Documents/Unreal Projects/CIS488UnrealProject/TheMarbelousAscent/Content/__ExternalActors__/TutorialTest/0/UP/OVIYKO52URASQHI0WZIEQY.uasset" 4092
"../../../../../../Users/cjoyn/OneDrive/Documents/Unreal Projects/CIS488UnrealProject/TheMarbelousAscent/Content/Blueprints/MovingPlatform.uasset" 4093
"../../../../../../Users/cjoyn/OneDrive/Documents/Unreal Projects/CIS488UnrealProject/TheMarbelousAscent/Content/Materials/Red.uasset" 4094
"../../../../../../Users/cjoyn/OneDrive/Documents/Unreal Projects/CIS488UnrealProject/TheMarbelousAscent/Content/Meshes/Moving_Platform.uasset" 4095
"../../../../../../Users/cjoyn/OneDrive/Documents/Unreal Projects/CIS488UnrealProject/TheMarbelousAscent/Content/Meshes/Material_002.uasset" 4096
"/Game/__ExternalActors__/TutorialTest/1/ON/2N55SKLVPZ6UAUNGAY7OAA" 4097
"../../../../../../Users/cjoyn/OneDrive/Documents/Unreal Projects/CIS488UnrealProject/TheMarbelousAscent/Content/__ExternalActors__/TutorialTest/1/ON/2N55SKLVPZ6UAUNGAY7OAA.uasset" 4098
"/Game/__ExternalActors__/TutorialTest/9/QT/LGELRWGFLGEMR5XCYO9H4O" 4099
"../../../../../../Users/cjoyn/OneDrive/Documents/Unreal Projects/CIS488UnrealProject/TheMarbelousAscent/Content/__ExternalActors__/TutorialTest/9/QT/LGELRWGFLGEMR5XCYO9H4O.uasset" 4100
"../../../../../../Users/cjoyn/OneDrive/Documents/Unreal Projects/CIS488UnrealProject/TheMarbelousAscent/Content/Marble/Marbles/Models/FBX/Cateye/Color5.uasset" 4101
"../../../../../../Users/cjoyn/OneDrive/Documents/Unreal Projects/CIS488UnrealProject/TheMarbelousAscent/Content/Marble/Marbles/Models/FBX/Cateye/Cateye5.uasset" 4102
"/Game/__ExternalActors__/TutorialTest/1/YF/4J1T3OPITGTHDHLHDNO5FP" 4103
"../../../../../../Users/cjoyn/OneDrive/Documents/Unreal Projects/CIS488UnrealProject/TheMarbelousAscent/Content/__ExternalActors__/TutorialTest/1/YF/4J1T3OPITGTHDHLHDNO5FP.uasset" 4104
"../../../../../../Users/cjoyn/OneDrive/Documents/Unreal Projects/CIS488UnrealProject/TheMarbelousAscent/Content/__ExternalActors__/TutorialTest/F/24/22RN4RCKC0CR7ALHV7ZAAL.uasset" 4105
"../../../../../../Users/cjoyn/OneDrive/Documents/Unreal Projects/CIS488UnrealProject/TheMarbelousAscent/Content/Marble/Marbles/Models/FBX/Marbles/Glass2.uasset" 4106
"../../../../../../Users/cjoyn/OneDrive/Documents/Unreal Projects/CIS488UnrealProject/TheMarbelousAscent/Content/Marble/Marbles/Models/FBX/Marbles/Marble2.uasset" 4107
"/Game/__ExternalActors__/TutorialTest/2/VZ/7ARTQSML1SFKXDQZL9OMNT" 4108
"../../../../../../Users/cjoyn/OneDrive/Documents/Unreal Projects/CIS488UnrealProject/TheMarbelousAscent/Content/__ExternalActors__/TutorialTest/2/VZ/7ARTQSML1SFKXDQZL9OMNT.uasset" 4109
"/Game/__ExternalActors__/TutorialTest/3/11/X42H51ZQMWH1KSFI58DGDV" 4110
"../../../../../../Users/cjoyn/OneDrive/Documents/Unreal Projects/CIS488UnrealProject/TheMarbelousAscent/Content/__ExternalActors__/TutorialTest/3/11/X42H51ZQMWH1KSFI58DGDV.uasset" 4111
"/Game/__ExternalActors__/TutorialTest/3/TZ/0Y362KTEY1TD8ND8R2JYE5" 4112
"../../../../../../Users/cjoyn/OneDrive/Documents/Unreal Projects/CIS488UnrealProject/TheMarbelousAscent/Content/__ExternalActors__/TutorialTest/3/TZ/0Y362KTEY1TD8ND8R2JYE5.uasset" 4113
"../../../../../../Users/cjoyn/OneDrive/Documents/Unreal Projects/CIS488UnrealProject/TheMarbelousAscent/Content/Blueprints/ShrinkingPlatform.uasset" 4114
"../../../../../../Users/cjoyn/OneDrive/Documents/Unreal Projects/CIS488UnrealProject/TheMarbelousAscent/Content/Meshes/shrinking_platform.uasset" 4115
"../../../../../../Users/cjoyn/OneDrive/Documents/Unreal Projects/CIS488UnrealProject/TheMarbelousAscent/Content/Meshes/Material_003.uasset" 4116
"/Game/__ExternalActors__/TutorialTest/4/1W/RYQQO30Y8JUXW6LXAWSWLT" 4117
"../../../../../../Users/cjoyn/OneDrive/Documents/Unreal Projects/CIS488UnrealProject/TheMarbelousAscent/Content/__ExternalActors__/TutorialTest/4/1W/RYQQO30Y8JUXW6LXAWSWLT.uasset" 4118
"../../../../../../Users/cjoyn/OneDrive/Documents/Unreal Projects/CIS488UnrealProject/TheMarbelousAscent/Content/Blueprints/CrumblingPlatform.uasset" 4119
"../../../../../../Users/cjoyn/OneDrive/Documents/Unreal Projects/CIS488UnrealProject/TheMarbelousAscent/Content/Fractures/GC_CrumblingPlatform.uasset" 4120
"../../../../../../Users/cjoyn/OneDrive/Documents/Unreal Projects/CIS488UnrealProject/TheMarbelousAscent/Content/Meshes/Crumbling_platformB.uasset" 4121
"../../../../../../Users/cjoyn/OneDrive/Documents/Unreal Projects/CIS488UnrealProject/TheMarbelousAscent/Content/Meshes/Material_001.uasset" 4122
"/Game/__ExternalActors__/TutorialTest/5/7S/ETGZ16407WQIKAEPU4PG77" 4123
"../../../../../../Users/cjoyn/OneDrive/Documents/Unreal Projects/CIS488UnrealProject/TheMarbelousAscent/Content/__ExternalActors__/TutorialTest/5/7S/ETGZ16407WQIKAEPU4PG77.uasset" 4124
"../../../../../../Users/cjoyn/OneDrive/Documents/Unreal Projects/CIS488UnrealProject/TheMarbelousAscent/Content/_GENERATED/cjoyn/Torus_E26076F7.uasset" 4125
"/Game/__ExternalActors__/TutorialTest/5/HN/UUEUQEJ3ZW351KMKDFPBGH" 4126
"../../../../../../Users/cjoyn/OneDrive/Documents/Unreal Projects/CIS488UnrealProject/TheMarbelousAscent/Content/__ExternalActors__/TutorialTest/5/HN/UUEUQEJ3ZW351KMKDFPBGH.uasset" 4127
"../../../../../../Users/cjoyn/OneDrive/Documents/Unreal Projects/CIS488UnrealProject/TheMarbelousAscent/Content/Materials/Blue.uasset" 4128
"/Game/__ExternalActors__/TutorialTest/5/KA/2JEFM5TKHVZB4H5A46GZ3T" 4129
"../../../../../../Users/cjoyn/OneDrive/Documents/Unreal Projects/CIS488UnrealProject/TheMarbelousAscent/Content/__ExternalActors__/TutorialTest/5/KA/2JEFM5TKHVZB4H5A46GZ3T.uasset" 4130
"/Game/__ExternalActors__/TutorialTest/6/1S/HUD4JP45NPWN4X61KGVM8A" 4131
"../../../../../../Users/cjoyn/OneDrive/Documents/Unreal Projects/CIS488UnrealProject/TheMarbelousAscent/Content/__ExternalActors__/TutorialTest/6/1S/HUD4JP45NPWN4X61KGVM8A.uasset" 4132
"/Game/__ExternalActors__/TutorialTest/6/M7/OMMLQDATWDQHO6J7ME91IQ" 4133
"../../../../../../Users/cjoyn/OneDrive/Documents/Unreal Projects/CIS488UnrealProject/TheMarbelousAscent/Content/__ExternalActors__/TutorialTest/6/M7/OMMLQDATWDQHO6J7ME91IQ.uasset" 4134
"../../../../../../Users/cjoyn/OneDrive/Documents/Unreal Projects/CIS488UnrealProject/TheMarbelousAscent/Content/Materials/Yellow.uasset" 4135
"/Game/__ExternalActors__/TutorialTest/6/OF/1O0FX22V6RID6M1FMLRVVO" 4136
"../../../../../../Users/cjoyn/OneDrive/Documents/Unreal Projects/CIS488UnrealProject/TheMarbelousAscent/Content/__ExternalActors__/TutorialTest/6/OF/1O0FX22V6RID6M1FMLRVVO.uasset" 4137
"../../../../../../Users/cjoyn/OneDrive/Documents/Unreal Projects/CIS488UnrealProject/TheMarbelousAscent/Content/Blueprints/BouncePad.uasset" 4138
"../../../../../../Users/cjoyn/OneDrive/Documents/Unreal Projects/CIS488UnrealProject/TheMarbelousAscent/Content/Meshes/bouncing_padB.uasset" 4139
"../../../../../../Users/cjoyn/OneDrive/Documents/Unreal Projects/CIS488UnrealProject/TheMarbelousAscent/Content/Meshes/target_red.uasset" 4140
"../../../../../../Users/cjoyn/OneDrive/Documents/Unreal Projects/CIS488UnrealProject/TheMarbelousAscent/Content/Meshes/target_white.uasset" 4141
"/Game/__ExternalActors__/TutorialTest/6/UM/FFEHY481SFO2J04XGUT46I" 4142
"../../../../../../Users/cjoyn/OneDrive/Documents/Unreal Projects/CIS488UnrealProject/TheMarbelousAscent/Content/__ExternalActors__/TutorialTest/6/UM/FFEHY481SFO2J04XGUT46I.uasset" 4143
"/Game/__ExternalActors__/TutorialTest/6/Z2/F3WQQXX13YORBF2Z03D8V7" 4144
"../../../../../../Users/cjoyn/OneDrive/Documents/Unreal Projects/CIS488UnrealProject/TheMarbelousAscent/Content/__ExternalActors__/TutorialTest/6/Z2/F3WQQXX13YORBF2Z03D8V7.uasset" 4145
"/Game/__ExternalActors__/TutorialTest/7/93/CMEFF28RZWZ72G4MZGC2TX" 4146
"../../../../../../Users/cjoyn/OneDrive/Documents/Unreal Projects/CIS488UnrealProject/TheMarbelousAscent/Content/__ExternalActors__/TutorialTest/7/93/CMEFF28RZWZ72G4MZGC2TX.uasset" 4147
"../../../../../../Users/cjoyn/OneDrive/Documents/Unreal Projects/CIS488UnrealProject/TheMarbelousAscent/Content/Materials/Lime.uasset" 4148
"/Game/__ExternalActors__/TutorialTest/7/CQ/J1YY97USYSPG3L1ZP2YMDI" 4149
"../../../../../../Users/cjoyn/OneDrive/Documents/Unreal Projects/CIS488UnrealProject/TheMarbelousAscent/Content/__ExternalActors__/TutorialTest/7/CQ/J1YY97USYSPG3L1ZP2YMDI.uasset" 4150
"../../../../../../Users/cjoyn/OneDrive/Documents/Unreal Projects/CIS488UnrealProject/TheMarbelousAscent/Content/Materials/Purple.uasset" 4151
"/Game/__ExternalActors__/TutorialTest/7/DF/DLW4B2HSFAJOF9R4ECRXIT" 4152
"../../../../../../Users/cjoyn/OneDrive/Documents/Unreal Projects/CIS488UnrealProject/TheMarbelousAscent/Content/__ExternalActors__/TutorialTest/7/DF/DLW4B2HSFAJOF9R4ECRXIT.uasset" 4153
"/Game/__ExternalActors__/TutorialTest/7/HU/1IA76EGX1T3XZW6ZRJX16I" 4154
"../../../../../../Users/cjoyn/OneDrive/Documents/Unreal Projects/CIS488UnrealProject/TheMarbelousAscent/Content/__ExternalActors__/TutorialTest/7/HU/1IA76EGX1T3XZW6ZRJX16I.uasset" 4155
"/Game/__ExternalActors__/TutorialTest/8/AP/8N67E24M3VK41ZW9KRXLYJ" 4156
"../../../../../../Users/cjoyn/OneDrive/Documents/Unreal Projects/CIS488UnrealProject/TheMarbelousAscent/Content/__ExternalActors__/TutorialTest/8/AP/8N67E24M3VK41ZW9KRXLYJ.uasset" 4157
"../../../../../../Users/cjoyn/OneDrive/Documents/Unreal Projects/CIS488UnrealProject/TheMarbelousAscent/Content/__ExternalActors__/TutorialTest/E/5C/A1A6Q51ESF8WSG6Z6HVF1X.uasset" 4158
"/Game/__ExternalActors__/TutorialTest/8/Q9/DPGWL7EEA240UDMOVJQ0I2" 4159
"../../../../../../Users/cjoyn/OneDrive/Documents/Unreal Projects/CIS488UnrealProject/TheMarbelousAscent/Content/__ExternalActors__/TutorialTest/8/Q9/DPGWL7EEA240UDMOVJQ0I2.uasset" 4160
"/Game/__ExternalActors__/TutorialTest/9/57/I3WAIOOMHTM0RDB5VEM0WA" 4161
"../../../../../../Users/cjoyn/OneDrive/Documents/Unreal Projects/CIS488UnrealProject/TheMarbelousAscent/Content/__ExternalActors__/TutorialTest/9/57/I3WAIOOMHTM0RDB5VEM0WA.uasset" 4162
"../../../../../../Users/cjoyn/OneDrive/Documents/Unreal Projects/CIS488UnrealProject/TheMarbelousAscent/Content/Marble/Marbles/Models/FBX/Marbles/Glass1.uasset" 4163
"../../../../../../Users/cjoyn/OneDrive/Documents/Unreal Projects/CIS488UnrealProject/TheMarbelousAscent/Content/Marble/Marbles/Models/FBX/Marbles/Marble1.uasset" 4164
"/Game/__ExternalActors__/TutorialTest/9/N1/1CKIULV4S01NRF21EOHGAZ" 4165
"../../../../../../Users/cjoyn/OneDrive/Documents/Unreal Projects/CIS488UnrealProject/TheMarbelousAscent/Content/__ExternalActors__/TutorialTest/9/N1/1CKIULV4S01NRF21EOHGAZ.uasset" 4166
"/Game/__ExternalActors__/TutorialTest/D/DC/N9BCLDCZY28AEOK349C56Y" 4167
"../../../../../../Users/cjoyn/OneDrive/Documents/Unreal Projects/CIS488UnrealProject/TheMarbelousAscent/Content/__ExternalActors__/TutorialTest/D/DC/N9BCLDCZY28AEOK349C56Y.uasset" 4168
"../../../../../../Users/cjoyn/OneDrive/Documents/Unreal Projects/CIS488UnrealProject/TheMarbelousAscent/Content/Marble/Marbles/Models/FBX/Cateye/Color4.uasset" 4169
"../../../../../../Users/cjoyn/OneDrive/Documents/Unreal Projects/CIS488UnrealProject/TheMarbelousAscent/Content/Marble/Marbles/Models/FBX/Cateye/Cateye4.uasset" 4170
"/Game/__ExternalActors__/TutorialTest/9/R2/6REWP9EPDO7Y71KIXT0QQC" 4171
"../../../../../../Users/cjoyn/OneDrive/Documents/Unreal Projects/CIS488UnrealProject/TheMarbelousAscent/Content/__ExternalActors__/TutorialTest/9/R2/6REWP9EPDO7Y71KIXT0QQC.uasset" 4172
"/Game/__ExternalActors__/TutorialTest/A/FH/6PDUQO2YP4CCM656SOH9RI" 4173
"../../../../../../Users/cjoyn/OneDrive/Documents/Unreal Projects/CIS488UnrealProject/TheMarbelousAscent/Content/__ExternalActors__/TutorialTest/A/FH/6PDUQO2YP4CCM656SOH9RI.uasset" 4174
"/Game/__ExternalActors__/TutorialTest/A/G1/JVS1UFHAIXZ1GN582X4SVD" 4175
"../../../../../../Users/cjoyn/OneDrive/Documents/Unreal Projects/CIS488UnrealProject/TheMarbelousAscent/Content/__ExternalActors__/TutorialTest/A/G1/JVS1UFHAIXZ1GN582X4SVD.uasset" 4176
"/Game/__ExternalActors__/TutorialTest/A/JJ/DMOXS1TA3W155NGX78K5AC" 4177
"../../../../../../Users/cjoyn/OneDrive/Documents/Unreal Projects/CIS488UnrealProject/TheMarbelousAscent/Content/__ExternalActors__/TutorialTest/A/JJ/DMOXS1TA3W155NGX78K5AC.uasset" 4178
"/Game/__ExternalActors__/TutorialTest/A/XU/NDCVOCRS85EQBDAT8B2J6V" 4179
"../../../../../../Users/cjoyn/OneDrive/Documents/Unreal Projects/CIS488UnrealProject/TheMarbelousAscent/Content/__ExternalActors__/TutorialTest/A/XU/NDCVOCRS85EQBDAT8B2J6V.uasset" 4180
"/Game/__ExternalActors__/TutorialTest/B/R5/IS83KMMVJHSQFC5R6FF76Q" 4181
"../../../../../../Users/cjoyn/OneDrive/Documents/Unreal Projects/CIS488UnrealProject/TheMarbelousAscent/Content/__ExternalActors__/TutorialTest/B/R5/IS83KMMVJHSQFC5R6FF76Q.uasset" 4182
"/Game/__ExternalActors__/TutorialTest/C/5H/H2X7CK2B19MR5ZJDW10OPL" 4183
"../../../../../../Users/cjoyn/OneDrive/Documents/Unreal Projects/CIS488UnrealProject/TheMarbelousAscent/Content/__ExternalActors__/TutorialTest/C/5H/H2X7CK2B19MR5ZJDW10OPL.uasset" 4184
"/Game/__ExternalActors__/TutorialTest/D/DU/X2HYL3F82Q9H0HQGSA6C5C" 4185
"../../../../../../Users/cjoyn/OneDrive/Documents/Unreal Projects/CIS488UnrealProject/TheMarbelousAscent/Content/__ExternalActors__/TutorialTest/D/DU/X2HYL3F82Q9H0HQGSA6C5C.uasset" 4186
"../../../../../../Users/cjoyn/OneDrive/Documents/Unreal Projects/CIS488UnrealProject/TheMarbelousAscent/Content/Marble/Marbles/Models/FBX/Marbles/Glass5.uasset" 4187
"../../../../../../Users/cjoyn/OneDrive/Documents/Unreal Projects/CIS488UnrealProject/TheMarbelousAscent/Content/Marble/Marbles/Models/FBX/Marbles/Marble5.uasset" 4188
"/Game/__ExternalActors__/TutorialTest/C/6G/SIYQ4AOX92FKPN7SC1J0NS" 4189
"../../../../../../Users/cjoyn/OneDrive/Documents/Unreal Projects/CIS488UnrealProject/TheMarbelousAscent/Content/__ExternalActors__/TutorialTest/C/6G/SIYQ4AOX92FKPN7SC1J0NS.uasset" 4190
"/Game/__ExternalActors__/TutorialTest/C/UT/NU0TMWBZNIFAPN4YM3C82Q" 4191
"../../../../../../Users/cjoyn/OneDrive/Documents/Unreal Projects/CIS488UnrealProject/TheMarbelousAscent/Content/__ExternalActors__/TutorialTest/C/UT/NU0TMWBZNIFAPN4YM3C82Q.uasset" 4192
"/Game/__ExternalActors__/TutorialTest/D/MK/YI5AZVBR8E07DSY7J0MX2P" 4193
"../../../../../../Users/cjoyn/OneDrive/Documents/Unreal Projects/CIS488UnrealProject/TheMarbelousAscent/Content/__ExternalActors__/TutorialTest/D/MK/YI5AZVBR8E07DSY7J0MX2P.uasset" 4194
"/Game/__ExternalActors__/TutorialTest/D/UA/HUP9Y22OILGF8VKP254KHC" 4195
"../../../../../../Users/cjoyn/OneDrive/Documents/Unreal Projects/CIS488UnrealProject/TheMarbelousAscent/Content/__ExternalActors__/TutorialTest/D/UA/HUP9Y22OILGF8VKP254KHC.uasset" 4196
"/Game/__ExternalActors__/TutorialTest/D/Y8/5QSAM0SNTL5PIQS8KRO70W" 4197
"../../../../../../Users/cjoyn/OneDrive/Documents/Unreal Projects/CIS488UnrealProject/TheMarbelousAscent/Content/__ExternalActors__/TutorialTest/D/Y8/5QSAM0SNTL5PIQS8KRO70W.uasset" 4198
"/Game/__ExternalActors__/TutorialTest/E/KI/EXC8AF4SNM9EOYLDUBIXUI" 4199
"../../../../../../Users/cjoyn/OneDrive/Documents/Unreal Projects/CIS488UnrealProject/TheMarbelousAscent/Content/__ExternalActors__/TutorialTest/E/KI/EXC8AF4SNM9EOYLDUBIXUI.uasset" 4200
"../../../../../../Users/cjoyn/OneDrive/Documents/Unreal Projects/CIS488UnrealProject/TheMarbelousAscent/Content/Marble/Marbles/Models/FBX/Marbles/Glass4.uasset" 4201
"../../../../../../Users/cjoyn/OneDrive/Documents/Unreal Projects/CIS488UnrealProject/TheMarbelousAscent/Content/Marble/Marbles/Models/FBX/Marbles/Marble4.uasset" 4202
"/Game/__ExternalActors__/TutorialTest/E/AD/D94NEQ2FQQXALD2PYHPZSQ" 4203
"../../../../../../Users/cjoyn/OneDrive/Documents/Unreal Projects/CIS488UnrealProject/TheMarbelousAscent/Content/__ExternalActors__/TutorialTest/E/AD/D94NEQ2FQQXALD2PYHPZSQ.uasset" 4204
"/Game/__ExternalActors__/TutorialTest/E/NJ/E05SPQ641RX8CAE19P8NQK" 4205
"../../../../../../Users/cjoyn/OneDrive/Documents/Unreal Projects/CIS488UnrealProject/TheMarbelousAscent/Content/__ExternalActors__/TutorialTest/E/NJ/E05SPQ641RX8CAE19P8NQK.uasset" 4206
"/Game/__ExternalActors__/TutorialTest/0/GS/6Z4UCUPGAPTYSQP0Y9N3CE" 4207
"../../../../../../Users/cjoyn/OneDrive/Documents/Unreal Projects/CIS488UnrealProject/TheMarbelousAscent/Content/__ExternalActors__/TutorialTest/0/GS/6Z4UCUPGAPTYSQP0Y9N3CE.uasset" 4208
"/Game/__ExternalActors__/TutorialTest/0/WD/JI9ZPLWL8CPABJF0QEG71Q" 4209
"../../../../../../Users/cjoyn/OneDrive/Documents/Unreal Projects/CIS488UnrealProject/TheMarbelousAscent/Content/__ExternalActors__/TutorialTest/0/WD/JI9ZPLWL8CPABJF0QEG71Q.uasset" 4210
"/InterchangeAssets/gltf/MaterialFunctions/MF_IOR" 4211
"/InterchangeAssets/gltf/MaterialFunctions/MF_Fresnel_DS" 4212
"/Engine/Functions/Engine_MaterialFunctions03/Math/RemapValueRange" 4213
"/Engine/Functions/Engine_MaterialFunctions02/Texturing/ScreenAlignedPixelToPixelUVs" 4214
"/Engine/Functions/Engine_MaterialFunctions02/Math/AddComponents" 4215
"/InterchangeAssets/gltf/MaterialFunctions/MF_RotateV2" 4216
"/Game/__ExternalActors__/TutorialTest/0/3D/CDOD4UQ07XTY88P2UVGC8L" 4217
"../../../../../../Users/cjoyn/OneDrive/Documents/Unreal Projects/CIS488UnrealProject/TheMarbelousAscent/Content/__ExternalActors__/TutorialTest/0/3D/CDOD4UQ07XTY88P2UVGC8L.uasset" 4218
"/Game/__ExternalActors__/TutorialTest/0/5M/YKQZYMLT18YOCVDK45CG5E" 4219
"../../../../../../Users/cjoyn/OneDrive/Documents/Unreal Projects/CIS488UnrealProject/TheMarbelousAscent/Content/__ExternalActors__/TutorialTest/0/5M/YKQZYMLT18YOCVDK45CG5E.uasset" 4220
"/Game/__ExternalActors__/TutorialTest/0/6P/P4EN54FOP1OK8L57Y2K2V1" 4221
"../../../../../../Users/cjoyn/OneDrive/Documents/Unreal Projects/CIS488UnrealProject/TheMarbelousAscent/Content/__ExternalActors__/TutorialTest/0/6P/P4EN54FOP1OK8L57Y2K2V1.uasset" 4222
"/Game/__ExternalActors__/TutorialTest/0/7B/1RGH59RWZXQ1P562GR5NYN" 4223
"../../../../../../Users/cjoyn/OneDrive/Documents/Unreal Projects/CIS488UnrealProject/TheMarbelousAscent/Content/__ExternalActors__/TutorialTest/0/7B/1RGH59RWZXQ1P562GR5NYN.uasset" 4224
"/Game/__ExternalActors__/TutorialTest/0/DC/FLRA51XRUARF85R6U4IUE7" 4225
"../../../../../../Users/cjoyn/OneDrive/Documents/Unreal Projects/CIS488UnrealProject/TheMarbelousAscent/Content/__ExternalActors__/TutorialTest/0/DC/FLRA51XRUARF85R6U4IUE7.uasset" 4226
"/Game/__ExternalActors__/TutorialTest/0/DQ/0ECUT2EU3XVCLQKLXBN0PU" 4227
"../../../../../../Users/cjoyn/OneDrive/Documents/Unreal Projects/CIS488UnrealProject/TheMarbelousAscent/Content/__ExternalActors__/TutorialTest/0/DQ/0ECUT2EU3XVCLQKLXBN0PU.uasset" 4228
"../../../../../../Users/cjoyn/OneDrive/Documents/Unreal Projects/CIS488UnrealProject/TheMarbelousAscent/Content/Blueprints/LaunchPad.uasset" 4229
"../../../../../../Users/cjoyn/OneDrive/Documents/Unreal Projects/CIS488UnrealProject/TheMarbelousAscent/Content/Meshes/LaunchPadMaterial.uasset" 4230
"../../../../../../Users/cjoyn/OneDrive/Documents/Unreal Projects/CIS488UnrealProject/TheMarbelousAscent/Content/Meshes/LaunchPad.uasset" 4231
"/Game/__ExternalActors__/TutorialTest/0/MX/A8ENSSFMKLKOOLD40U5KNS" 4232
"../../../../../../Users/cjoyn/OneDrive/Documents/Unreal Projects/CIS488UnrealProject/TheMarbelousAscent/Content/__ExternalActors__/TutorialTest/0/MX/A8ENSSFMKLKOOLD40U5KNS.uasset" 4233
"/Game/__ExternalActors__/TutorialTest/0/NN/DHDRKOGRRL5PCE2MDC3ET4" 4234
"../../../../../../Users/cjoyn/OneDrive/Documents/Unreal Projects/CIS488UnrealProject/TheMarbelousAscent/Content/__ExternalActors__/TutorialTest/0/NN/DHDRKOGRRL5PCE2MDC3ET4.uasset" 4235
"/Game/__ExternalActors__/TutorialTest/0/R9/J03ZXZF1EPMC85B1PHY9P7" 4236
"../../../../../../Users/cjoyn/OneDrive/Documents/Unreal Projects/CIS488UnrealProject/TheMarbelousAscent/Content/__ExternalActors__/TutorialTest/0/R9/J03ZXZF1EPMC85B1PHY9P7.uasset" 4237
"/Game/__ExternalActors__/TutorialTest/0/TG/OB5TNOU0YUAMY7JKM653UR" 4238
"../../../../../../Users/cjoyn/OneDrive/Documents/Unreal Projects/CIS488UnrealProject/TheMarbelousAscent/Content/__ExternalActors__/TutorialTest/0/TG/OB5TNOU0YUAMY7JKM653UR.uasset" 4239
"/Game/__ExternalActors__/TutorialTest/0/XY/AK9A1DS9PM49UEEVRJTFA2" 4240
"../../../../../../Users/cjoyn/OneDrive/Documents/Unreal Projects/CIS488UnrealProject/TheMarbelousAscent/Content/__ExternalActors__/TutorialTest/0/XY/AK9A1DS9PM49UEEVRJTFA2.uasset" 4241
"/Game/__ExternalActors__/TutorialTest/0/YA/X055VGE0YUSEQVYMPRK3NF" 4242
"../../../../../../Users/cjoyn/OneDrive/Documents/Unreal Projects/CIS488UnrealProject/TheMarbelousAscent/Content/__ExternalActors__/TutorialTest/0/YA/X055VGE0YUSEQVYMPRK3NF.uasset" 4243
"../../../../../../Users/cjoyn/OneDrive/Documents/Unreal Projects/CIS488UnrealProject/TheMarbelousAscent/Content/Materials/Orange.uasset" 4244
"/Game/__ExternalActors__/TutorialTest/1/79/GJWNBGLZACWQRINYPN8A5C" 4245
"../../../../../../Users/cjoyn/OneDrive/Documents/Unreal Projects/CIS488UnrealProject/TheMarbelousAscent/Content/__ExternalActors__/TutorialTest/1/79/GJWNBGLZACWQRINYPN8A5C.uasset" 4246
"/Game/__ExternalActors__/TutorialTest/1/85/LD3PUZFJME3NT5HVKHZ0TJ" 4247
"../../../../../../Users/cjoyn/OneDrive/Documents/Unreal Projects/CIS488UnrealProject/TheMarbelousAscent/Content/__ExternalActors__/TutorialTest/1/85/LD3PUZFJME3NT5HVKHZ0TJ.uasset" 4248
"/Game/__ExternalActors__/TutorialTest/1/8R/BLJ72MF3AXBPH1DAQ82Z0Q" 4249
"../../../../../../Users/cjoyn/OneDrive/Documents/Unreal Projects/CIS488UnrealProject/TheMarbelousAscent/Content/__ExternalActors__/TutorialTest/1/8R/BLJ72MF3AXBPH1DAQ82Z0Q.uasset" 4250
"/Game/__ExternalActors__/TutorialTest/1/9N/BAOMCQKCHP43UVLQVVSVW3" 4251
"../../../../../../Users/cjoyn/OneDrive/Documents/Unreal Projects/CIS488UnrealProject/TheMarbelousAscent/Content/__ExternalActors__/TutorialTest/1/9N/BAOMCQKCHP43UVLQVVSVW3.uasset" 4252
"/Game/__ExternalActors__/TutorialTest/1/C4/MJH5R52HDL8MVGU3KC635U" 4253
"../../../../../../Users/cjoyn/OneDrive/Documents/Unreal Projects/CIS488UnrealProject/TheMarbelousAscent/Content/__ExternalActors__/TutorialTest/1/C4/MJH5R52HDL8MVGU3KC635U.uasset" 4254
"/Game/__ExternalActors__/TutorialTest/1/HK/SRPC1L8S4S7LE8D15EQH7R" 4255
"../../../../../../Users/cjoyn/OneDrive/Documents/Unreal Projects/CIS488UnrealProject/TheMarbelousAscent/Content/__ExternalActors__/TutorialTest/1/HK/SRPC1L8S4S7LE8D15EQH7R.uasset" 4256
"/Game/__ExternalActors__/TutorialTest/1/KP/3RSCEOPTA8CYGASI5KSER5" 4257
"../../../../../../Users/cjoyn/OneDrive/Documents/Unreal Projects/CIS488UnrealProject/TheMarbelousAscent/Content/__ExternalActors__/TutorialTest/1/KP/3RSCEOPTA8CYGASI5KSER5.uasset" 4258
"/Game/__ExternalActors__/TutorialTest/1/N8/1Z4EDKN4FPIULDA3SY6IX7" 4259
"../../../../../../Users/cjoyn/OneDrive/Documents/Unreal Projects/CIS488UnrealProject/TheMarbelousAscent/Content/__ExternalActors__/TutorialTest/1/N8/1Z4EDKN4FPIULDA3SY6IX7.uasset" 4260
"/Game/__ExternalActors__/TutorialTest/1/NG/B2CO350ASBXY9IW9N1ZY7X" 4261
"../../../../../../Users/cjoyn/OneDrive/Documents/Unreal Projects/CIS488UnrealProject/TheMarbelousAscent/Content/__ExternalActors__/TutorialTest/1/NG/B2CO350ASBXY9IW9N1ZY7X.uasset" 4262
"/Game/__ExternalActors__/TutorialTest/1/Q9/VUHCNV0M4N4O3P3ES315O3" 4263
"../../../../../../Users/cjoyn/OneDrive/Documents/Unreal Projects/CIS488UnrealProject/TheMarbelousAscent/Content/__ExternalActors__/TutorialTest/1/Q9/VUHCNV0M4N4O3P3ES315O3.uasset" 4264
"/Game/__ExternalActors__/TutorialTest/1/VD/XDKJ7QIDYH8SYQWTI576DZ" 4265
"../../../../../../Users/cjoyn/OneDrive/Documents/Unreal Projects/CIS488UnrealProject/TheMarbelousAscent/Content/__ExternalActors__/TutorialTest/1/VD/XDKJ7QIDYH8SYQWTI576DZ.uasset" 4266
"/Game/__ExternalActors__/TutorialTest/2/3B/W2GCW7KHRZX1WPCUK7FZDX" 4267
"../../../../../../Users/cjoyn/OneDrive/Documents/Unreal Projects/CIS488UnrealProject/TheMarbelousAscent/Content/__ExternalActors__/TutorialTest/2/3B/W2GCW7KHRZX1WPCUK7FZDX.uasset" 4268
"/Game/__ExternalActors__/TutorialTest/2/9F/VSGV4FZHJ4J52JD36HNBOZ" 4269
"../../../../../../Users/cjoyn/OneDrive/Documents/Unreal Projects/CIS488UnrealProject/TheMarbelousAscent/Content/__ExternalActors__/TutorialTest/2/9F/VSGV4FZHJ4J52JD36HNBOZ.uasset" 4270
"../../../../../../Users/cjoyn/OneDrive/Documents/Unreal Projects/CIS488UnrealProject/TheMarbelousAscent/Content/Materials/Pink.uasset" 4271
"/Game/__ExternalActors__/TutorialTest/2/AJ/XB9AD6WC1GUBKQ9V2O134A" 4272
"../../../../../../Users/cjoyn/OneDrive/Documents/Unreal Projects/CIS488UnrealProject/TheMarbelousAscent/Content/__ExternalActors__/TutorialTest/2/AJ/XB9AD6WC1GUBKQ9V2O134A.uasset" 4273
"/Game/__ExternalActors__/TutorialTest/2/EP/J16D6938IM3J6XEFSGI36B" 4274
"../../../../../../Users/cjoyn/OneDrive/Documents/Unreal Projects/CIS488UnrealProject/TheMarbelousAscent/Content/__ExternalActors__/TutorialTest/2/EP/J16D6938IM3J6XEFSGI36B.uasset" 4275
"/Game/__ExternalActors__/TutorialTest/2/IW/2NYTDX1QPGUL91PL0BREM4" 4276
"../../../../../../Users/cjoyn/OneDrive/Documents/Unreal Projects/CIS488UnrealProject/TheMarbelousAscent/Content/__ExternalActors__/TutorialTest/2/IW/2NYTDX1QPGUL91PL0BREM4.uasset" 4277
"/Game/__ExternalActors__/TutorialTest/2/J4/RNB6F7QYCYXE6XGS9FLAHR" 4278
"../../../../../../Users/cjoyn/OneDrive/Documents/Unreal Projects/CIS488UnrealProject/TheMarbelousAscent/Content/__ExternalActors__/TutorialTest/2/J4/RNB6F7QYCYXE6XGS9FLAHR.uasset" 4279
"/Game/__ExternalActors__/TutorialTest/2/KS/GNT1Y4TLYC94LKBCW9AC5B" 4280
"../../../../../../Users/cjoyn/OneDrive/Documents/Unreal Projects/CIS488UnrealProject/TheMarbelousAscent/Content/__ExternalActors__/TutorialTest/2/KS/GNT1Y4TLYC94LKBCW9AC5B.uasset" 4281
"../../../../../../Users/cjoyn/OneDrive/Documents/Unreal Projects/CIS488UnrealProject/TheMarbelousAscent/Content/Blueprints/TiltingPlatform.uasset" 4282
"../../../../../../Users/cjoyn/OneDrive/Documents/Unreal Projects/CIS488UnrealProject/TheMarbelousAscent/Content/Meshes/tilting_platformB.uasset" 4283
"../../../../../../Users/cjoyn/OneDrive/Documents/Unreal Projects/CIS488UnrealProject/TheMarbelousAscent/Content/Meshes/target_red_001.uasset" 4284
"/Game/__ExternalActors__/TutorialTest/2/PT/TKBVGKTN6Z3W09J6GI91NM" 4285
"../../../../../../Users/cjoyn/OneDrive/Documents/Unreal Projects/CIS488UnrealProject/TheMarbelousAscent/Content/__ExternalActors__/TutorialTest/2/PT/TKBVGKTN6Z3W09J6GI91NM.uasset" 4286
"/Game/__ExternalActors__/TutorialTest/2/TD/3QOTHDOE12VAE3PTLLUB3L" 4287
"../../../../../../Users/cjoyn/OneDrive/Documents/Unreal Projects/CIS488UnrealProject/TheMarbelousAscent/Content/__ExternalActors__/TutorialTest/2/TD/3QOTHDOE12VAE3PTLLUB3L.uasset" 4288
"../../../../../../Users/cjoyn/OneDrive/Documents/Unreal Projects/CIS488UnrealProject/TheMarbelousAscent/Content/Blueprints/Checkpoint.uasset" 4289
"../../../../../../Users/cjoyn/OneDrive/Documents/Unreal Projects/CIS488UnrealProject/TheMarbelousAscent/Content/Materials/CheckpointGlow.uasset" 4290
"/Game/__ExternalActors__/TutorialTest/2/TV/H4HP4DFBAI608YSAIIDNCH" 4291
"../../../../../../Users/cjoyn/OneDrive/Documents/Unreal Projects/CIS488UnrealProject/TheMarbelousAscent/Content/__ExternalActors__/TutorialTest/2/TV/H4HP4DFBAI608YSAIIDNCH.uasset" 4292
"/Game/__ExternalActors__/TutorialTest/3/1T/WSI895YN6B81GXJ1H6YCDF" 4293
"../../../../../../Users/cjoyn/OneDrive/Documents/Unreal Projects/CIS488UnrealProject/TheMarbelousAscent/Content/__ExternalActors__/TutorialTest/3/1T/WSI895YN6B81GXJ1H6YCDF.uasset" 4294
"/Game/__ExternalActors__/TutorialTest/3/2K/QU8W1XC5XXCQRE8V1Y9BLK" 4295
"../../../../../../Users/cjoyn/OneDrive/Documents/Unreal Projects/CIS488UnrealProject/TheMarbelousAscent/Content/__ExternalActors__/TutorialTest/3/2K/QU8W1XC5XXCQRE8V1Y9BLK.uasset" 4296
"/Game/__ExternalActors__/TutorialTest/3/87/3RPLCS9LQ4SQT9OXP1GBFO" 4297
"../../../../../../Users/cjoyn/OneDrive/Documents/Unreal Projects/CIS488UnrealProject/TheMarbelousAscent/Content/__ExternalActors__/TutorialTest/3/87/3RPLCS9LQ4SQT9OXP1GBFO.uasset" 4298
"../../../../../../Users/cjoyn/OneDrive/Documents/Unreal Projects/CIS488UnrealProject/TheMarbelousAscent/Content/Materials/Green.uasset" 4299
"/Game/__ExternalActors__/TutorialTest/3/C9/BWUAN3IZ0WGGLEIG70X7SK" 4300
"../../../../../../Users/cjoyn/OneDrive/Documents/Unreal Projects/CIS488UnrealProject/TheMarbelousAscent/Content/__ExternalActors__/TutorialTest/3/C9/BWUAN3IZ0WGGLEIG70X7SK.uasset" 4301
"/Game/__ExternalActors__/TutorialTest/3/HH/KAU7JNVHO507BU18JEBMIQ" 4302
"../../../../../../Users/cjoyn/OneDrive/Documents/Unreal Projects/CIS488UnrealProject/TheMarbelousAscent/Content/__ExternalActors__/TutorialTest/3/HH/KAU7JNVHO507BU18JEBMIQ.uasset" 4303
"/Game/__ExternalActors__/TutorialTest/3/JE/OWEQDDNMSGU0G34DD2SAJE" 4304
"../../../../../../Users/cjoyn/OneDrive/Documents/Unreal Projects/CIS488UnrealProject/TheMarbelousAscent/Content/__ExternalActors__/TutorialTest/3/JE/OWEQDDNMSGU0G34DD2SAJE.uasset" 4305
"/Game/__ExternalActors__/TutorialTest/3/LG/YC0VYLO29HMGBRSX1PN2YU" 4306
"../../../../../../Users/cjoyn/OneDrive/Documents/Unreal Projects/CIS488UnrealProject/TheMarbelousAscent/Content/__ExternalActors__/TutorialTest/3/LG/YC0VYLO29HMGBRSX1PN2YU.uasset" 4307
"/Game/__ExternalActors__/TutorialTest/3/M3/A0WRLHEXOT84KLYPK6GQ58" 4308
"../../../../../../Users/cjoyn/OneDrive/Documents/Unreal Projects/CIS488UnrealProject/TheMarbelousAscent/Content/__ExternalActors__/TutorialTest/3/M3/A0WRLHEXOT84KLYPK6GQ58.uasset" 4309
"/Game/__ExternalActors__/TutorialTest/3/M7/VEXZYX4EJ8OGT3ZH7LSVHH" 4310
"../../../../../../Users/cjoyn/OneDrive/Documents/Unreal Projects/CIS488UnrealProject/TheMarbelousAscent/Content/__ExternalActors__/TutorialTest/3/M7/VEXZYX4EJ8OGT3ZH7LSVHH.uasset" 4311
"/Game/__ExternalActors__/TutorialTest/3/NU/5CV4VYFRMNP787XVSLYJGD" 4312
"../../../../../../Users/cjoyn/OneDrive/Documents/Unreal Projects/CIS488UnrealProject/TheMarbelousAscent/Content/__ExternalActors__/TutorialTest/3/NU/5CV4VYFRMNP787XVSLYJGD.uasset" 4313
"/Game/__ExternalActors__/TutorialTest/3/QY/3QA8QRB80G40D9S7PMNN1D" 4314
"../../../../../../Users/cjoyn/OneDrive/Documents/Unreal Projects/CIS488UnrealProject/TheMarbelousAscent/Content/__ExternalActors__/TutorialTest/3/QY/3QA8QRB80G40D9S7PMNN1D.uasset" 4315
"/Game/__ExternalActors__/TutorialTest/3/RZ/FNSKELXL3DS8Y5G49ZH3CY" 4316
"../../../../../../Users/cjoyn/OneDrive/Documents/Unreal Projects/CIS488UnrealProject/TheMarbelousAscent/Content/__ExternalActors__/TutorialTest/3/RZ/FNSKELXL3DS8Y5G49ZH3CY.uasset" 4317
"/Game/__ExternalActors__/TutorialTest/3/SW/YI3P8KTW8QUMN2BE3IIO5A" 4318
"../../../../../../Users/cjoyn/OneDrive/Documents/Unreal Projects/CIS488UnrealProject/TheMarbelousAscent/Content/__ExternalActors__/TutorialTest/3/SW/YI3P8KTW8QUMN2BE3IIO5A.uasset" 4319
"/Game/__ExternalActors__/TutorialTest/3/V0/6U279HL222I7L56JG4ARCF" 4320
"../../../../../../Users/cjoyn/OneDrive/Documents/Unreal Projects/CIS488UnrealProject/TheMarbelousAscent/Content/__ExternalActors__/TutorialTest/3/V0/6U279HL222I7L56JG4ARCF.uasset" 4321
"/Game/__ExternalActors__/TutorialTest/3/Z1/PZQMPRRKYNEU5I0X6UAKRH" 4322
"../../../../../../Users/cjoyn/OneDrive/Documents/Unreal Projects/CIS488UnrealProject/TheMarbelousAscent/Content/__ExternalActors__/TutorialTest/3/Z1/PZQMPRRKYNEU5I0X6UAKRH.uasset" 4323
"/Game/__ExternalActors__/TutorialTest/4/0I/D588YQ1PU68Z7GKBQAJ7MM" 4324
"../../../../../../Users/cjoyn/OneDrive/Documents/Unreal Projects/CIS488UnrealProject/TheMarbelousAscent/Content/__ExternalActors__/TutorialTest/4/0I/D588YQ1PU68Z7GKBQAJ7MM.uasset" 4325
"/Game/__ExternalActors__/TutorialTest/4/10/8BM2SNABAHCHS5YWYA9C4D" 4326
"../../../../../../Users/cjoyn/OneDrive/Documents/Unreal Projects/CIS488UnrealProject/TheMarbelousAscent/Content/__ExternalActors__/TutorialTest/4/10/8BM2SNABAHCHS5YWYA9C4D.uasset" 4327
"/Game/__ExternalActors__/TutorialTest/4/5N/2DY0660A31UG3HGY1425MG" 4328
"../../../../../../Users/cjoyn/OneDrive/Documents/Unreal Projects/CIS488UnrealProject/TheMarbelousAscent/Content/__ExternalActors__/TutorialTest/4/5N/2DY0660A31UG3HGY1425MG.uasset" 4329
"/Game/__ExternalActors__/TutorialTest/4/5O/Z1GXGVPUBSQKIFH865W9EN" 4330
"../../../../../../Users/cjoyn/OneDrive/Documents/Unreal Projects/CIS488UnrealProject/TheMarbelousAscent/Content/__ExternalActors__/TutorialTest/4/5O/Z1GXGVPUBSQKIFH865W9EN.uasset" 4331
"/Game/__ExternalActors__/TutorialTest/4/7L/I4C57A27R2SRXMD3KQMWXC" 4332
"../../../../../../Users/cjoyn/OneDrive/Documents/Unreal Projects/CIS488UnrealProject/TheMarbelousAscent/Content/__ExternalActors__/TutorialTest/4/7L/I4C57A27R2SRXMD3KQMWXC.uasset" 4333
"/Game/__ExternalActors__/TutorialTest/4/D7/NH83V99NEONWEILKPEMS9C" 4334
"../../../../../../Users/cjoyn/OneDrive/Documents/Unreal Projects/CIS488UnrealProject/TheMarbelousAscent/Content/__ExternalActors__/TutorialTest/4/D7/NH83V99NEONWEILKPEMS9C.uasset" 4335
"/Game/__ExternalActors__/TutorialTest/4/FW/RSOL6XXB98E0EP778WKQ9O" 4336
"../../../../../../Users/cjoyn/OneDrive/Documents/Unreal Projects/CIS488UnrealProject/TheMarbelousAscent/Content/__ExternalActors__/TutorialTest/4/FW/RSOL6XXB98E0EP778WKQ9O.uasset" 4337
"/Game/__ExternalActors__/TutorialTest/4/I7/GHUHPNPVJUSDHGOR2VSE2J" 4338
"../../../../../../Users/cjoyn/OneDrive/Documents/Unreal Projects/CIS488UnrealProject/TheMarbelousAscent/Content/__ExternalActors__/TutorialTest/4/I7/GHUHPNPVJUSDHGOR2VSE2J.uasset" 4339
"/Game/__ExternalActors__/TutorialTest/4/IK/IW682DLW0VEUHPCNH4RBMW" 4340
"../../../../../../Users/cjoyn/OneDrive/Documents/Unreal Projects/CIS488UnrealProject/TheMarbelousAscent/Content/__ExternalActors__/TutorialTest/4/IK/IW682DLW0VEUHPCNH4RBMW.uasset" 4341
"/Game/__ExternalActors__/TutorialTest/4/JA/GJ12CRQIMN5VO5SA58AMLV" 4342
"../../../../../../Users/cjoyn/OneDrive/Documents/Unreal Projects/CIS488UnrealProject/TheMarbelousAscent/Content/__ExternalActors__/TutorialTest/4/JA/GJ12CRQIMN5VO5SA58AMLV.uasset" 4343
"/Game/__ExternalActors__/TutorialTest/4/LD/B8H7CNHXG1UHFUGROJPYN6" 4344
"../../../../../../Users/cjoyn/OneDrive/Documents/Unreal Projects/CIS488UnrealProject/TheMarbelousAscent/Content/__ExternalActors__/TutorialTest/4/LD/B8H7CNHXG1UHFUGROJPYN6.uasset" 4345
"/Game/__ExternalActors__/TutorialTest/4/MB/SY9BZLV6VPQXKZZ2FPEZS5" 4346
"../../../../../../Users/cjoyn/OneDrive/Documents/Unreal Projects/CIS488UnrealProject/TheMarbelousAscent/Content/__ExternalActors__/TutorialTest/4/MB/SY9BZLV6VPQXKZZ2FPEZS5.uasset" 4347
"/Game/__ExternalActors__/TutorialTest/4/OF/BFT8PSHY2FF4NL7AN4L31B" 4348
"../../../../../../Users/cjoyn/OneDrive/Documents/Unreal Projects/CIS488UnrealProject/TheMarbelousAscent/Content/__ExternalActors__/TutorialTest/4/OF/BFT8PSHY2FF4NL7AN4L31B.uasset" 4349
"/Game/__ExternalActors__/TutorialTest/4/P4/ZYCNX4LXY67KJUMY8W3EI1" 4350
"../../../../../../Users/cjoyn/OneDrive/Documents/Unreal Projects/CIS488UnrealProject/TheMarbelousAscent/Content/__ExternalActors__/TutorialTest/4/P4/ZYCNX4LXY67KJUMY8W3EI1.uasset" 4351
"/Game/__ExternalActors__/TutorialTest/4/TB/XJ84KOCOPGR5MQT7D8KGFJ" 4352
"../../../../../../Users/cjoyn/OneDrive/Documents/Unreal Projects/CIS488UnrealProject/TheMarbelousAscent/Content/__ExternalActors__/TutorialTest/4/TB/XJ84KOCOPGR5MQT7D8KGFJ.uasset" 4353
"/Game/__ExternalActors__/TutorialTest/4/TP/CLN9LIUAL584OR8KA77FJ5" 4354
"../../../../../../Users/cjoyn/OneDrive/Documents/Unreal Projects/CIS488UnrealProject/TheMarbelousAscent/Content/__ExternalActors__/TutorialTest/4/TP/CLN9LIUAL584OR8KA77FJ5.uasset" 4355
"/Game/__ExternalActors__/TutorialTest/4/V1/0JR8460JQSOETTGHTB4XY2" 4356
"../../../../../../Users/cjoyn/OneDrive/Documents/Unreal Projects/CIS488UnrealProject/TheMarbelousAscent/Content/__ExternalActors__/TutorialTest/4/V1/0JR8460JQSOETTGHTB4XY2.uasset" 4357
"/Game/__ExternalActors__/TutorialTest/4/VD/X8V4RFJDDJGCWH7SSPBFN6" 4358
"../../../../../../Users/cjoyn/OneDrive/Documents/Unreal Projects/CIS488UnrealProject/TheMarbelousAscent/Content/__ExternalActors__/TutorialTest/4/VD/X8V4RFJDDJGCWH7SSPBFN6.uasset" 4359
"/Game/__ExternalActors__/TutorialTest/4/XL/DCXTB7NCPBZH02PY9QIL5K" 4360
"../../../../../../Users/cjoyn/OneDrive/Documents/Unreal Projects/CIS488UnrealProject/TheMarbelousAscent/Content/__ExternalActors__/TutorialTest/4/XL/DCXTB7NCPBZH02PY9QIL5K.uasset" 4361
"/Game/__ExternalActors__/TutorialTest/4/ZH/QAFRXM0T6VGJ2AGLHB93YL" 4362
"../../../../../../Users/cjoyn/OneDrive/Documents/Unreal Projects/CIS488UnrealProject/TheMarbelousAscent/Content/__ExternalActors__/TutorialTest/4/ZH/QAFRXM0T6VGJ2AGLHB93YL.uasset" 4363
"/Game/__ExternalActors__/TutorialTest/5/0G/YQOEB9IWNKRPG5I2AWLS4W" 4364
"../../../../../../Users/cjoyn/OneDrive/Documents/Unreal Projects/CIS488UnrealProject/TheMarbelousAscent/Content/__ExternalActors__/TutorialTest/5/0G/YQOEB9IWNKRPG5I2AWLS4W.uasset" 4365
"/Game/__ExternalActors__/TutorialTest/5/36/EOQGQJ6EGO8QN9CFD8C29R" 4366
"../../../../../../Users/cjoyn/OneDrive/Documents/Unreal Projects/CIS488UnrealProject/TheMarbelousAscent/Content/__ExternalActors__/TutorialTest/5/36/EOQGQJ6EGO8QN9CFD8C29R.uasset" 4367
"/Game/__ExternalActors__/TutorialTest/5/4Z/QJD9H7EI9SW7GNZIPS1WSB" 4368
"../../../../../../Users/cjoyn/OneDrive/Documents/Unreal Projects/CIS488UnrealProject/TheMarbelousAscent/Content/__ExternalActors__/TutorialTest/5/4Z/QJD9H7EI9SW7GNZIPS1WSB.uasset" 4369
"/Game/__ExternalActors__/TutorialTest/5/7I/SXFDZE6212A7FDCM4FC5OA" 4370
"../../../../../../Users/cjoyn/OneDrive/Documents/Unreal Projects/CIS488UnrealProject/TheMarbelousAscent/Content/__ExternalActors__/TutorialTest/5/7I/SXFDZE6212A7FDCM4FC5OA.uasset" 4371
"/Game/__ExternalActors__/TutorialTest/5/F0/POIDFRKQC5CY49MWE5515R" 4372
"../../../../../../Users/cjoyn/OneDrive/Documents/Unreal Projects/CIS488UnrealProject/TheMarbelousAscent/Content/__ExternalActors__/TutorialTest/5/F0/POIDFRKQC5CY49MWE5515R.uasset" 4373
"/Game/__ExternalActors__/TutorialTest/5/F3/0P782WOK2498YAZU9DJJ2D" 4374
"../../../../../../Users/cjoyn/OneDrive/Documents/Unreal Projects/CIS488UnrealProject/TheMarbelousAscent/Content/__ExternalActors__/TutorialTest/5/F3/0P782WOK2498YAZU9DJJ2D.uasset" 4375
"/Game/__ExternalActors__/TutorialTest/5/IY/XLL862OGWKXX0OE7GTCGAF" 4376
"../../../../../../Users/cjoyn/OneDrive/Documents/Unreal Projects/CIS488UnrealProject/TheMarbelousAscent/Content/__ExternalActors__/TutorialTest/5/IY/XLL862OGWKXX0OE7GTCGAF.uasset" 4377
"/Game/__ExternalActors__/TutorialTest/5/JF/NHHR3166F0YOL5UN0Y1HAF" 4378
"../../../../../../Users/cjoyn/OneDrive/Documents/Unreal Projects/CIS488UnrealProject/TheMarbelousAscent/Content/__ExternalActors__/TutorialTest/5/JF/NHHR3166F0YOL5UN0Y1HAF.uasset" 4379
"/Game/__ExternalActors__/TutorialTest/5/KP/7AFBT9W1UNFPDORTMZJPBO" 4380
"../../../../../../Users/cjoyn/OneDrive/Documents/Unreal Projects/CIS488UnrealProject/TheMarbelousAscent/Content/__ExternalActors__/TutorialTest/5/KP/7AFBT9W1UNFPDORTMZJPBO.uasset" 4381
"/Game/__ExternalActors__/TutorialTest/5/NH/IQNJB1O0J0ADO8B0FDPKGC" 4382
"../../../../../../Users/cjoyn/OneDrive/Documents/Unreal Projects/CIS488UnrealProject/TheMarbelousAscent/Content/__ExternalActors__/TutorialTest/5/NH/IQNJB1O0J0ADO8B0FDPKGC.uasset" 4383
"/Game/__ExternalActors__/TutorialTest/5/RL/WA1CKI7DF08OTMHNLYXE3V" 4384
"../../../../../../Users/cjoyn/OneDrive/Documents/Unreal Projects/CIS488UnrealProject/TheMarbelousAscent/Content/__ExternalActors__/TutorialTest/5/RL/WA1CKI7DF08OTMHNLYXE3V.uasset" 4385
"/Game/__ExternalActors__/TutorialTest/5/WN/S0OPBTRPKB7BO6K634U45T" 4386
"../../../../../../Users/cjoyn/OneDrive/Documents/Unreal Projects/CIS488UnrealProject/TheMarbelousAscent/Content/__ExternalActors__/TutorialTest/5/WN/S0OPBTRPKB7BO6K634U45T.uasset" 4387
"/Game/__ExternalActors__/TutorialTest/5/X5/6I2BABW6ZAVVPAQTYXKSL2" 4388
"../../../../../../Users/cjoyn/OneDrive/Documents/Unreal Projects/CIS488UnrealProject/TheMarbelousAscent/Content/__ExternalActors__/TutorialTest/5/X5/6I2BABW6ZAVVPAQTYXKSL2.uasset" 4389
"/Game/__ExternalActors__/TutorialTest/5/XC/EU69QZWX0DBFQT3ENHV0OA" 4390
"../../../../../../Users/cjoyn/OneDrive/Documents/Unreal Projects/CIS488UnrealProject/TheMarbelousAscent/Content/__ExternalActors__/TutorialTest/5/XC/EU69QZWX0DBFQT3ENHV0OA.uasset" 4391
"/Game/__ExternalActors__/TutorialTest/6/1H/113LY9W55O0YZGHWEDR838" 4392
"../../../../../../Users/cjoyn/OneDrive/Documents/Unreal Projects/CIS488UnrealProject/TheMarbelousAscent/Content/__ExternalActors__/TutorialTest/6/1H/113LY9W55O0YZGHWEDR838.uasset" 4393
"/Game/__ExternalActors__/TutorialTest/6/1K/WRH9KCC1IYUUJ77EUBSDW8" 4394
"../../../../../../Users/cjoyn/OneDrive/Documents/Unreal Projects/CIS488UnrealProject/TheMarbelousAscent/Content/__ExternalActors__/TutorialTest/6/1K/WRH9KCC1IYUUJ77EUBSDW8.uasset" 4395
"/Game/__ExternalActors__/TutorialTest/6/2D/PX5RBIC5SQJWZDZEBAYY21" 4396
"../../../../../../Users/cjoyn/OneDrive/Documents/Unreal Projects/CIS488UnrealProject/TheMarbelousAscent/Content/__ExternalActors__/TutorialTest/6/2D/PX5RBIC5SQJWZDZEBAYY21.uasset" 4397
"/Game/__ExternalActors__/TutorialTest/6/2Q/3W9IOT7XD8NPTF1YM1KXZF" 4398
"../../../../../../Users/cjoyn/OneDrive/Documents/Unreal Projects/CIS488UnrealProject/TheMarbelousAscent/Content/__ExternalActors__/TutorialTest/6/2Q/3W9IOT7XD8NPTF1YM1KXZF.uasset" 4399
"/Game/__ExternalActors__/TutorialTest/6/3J/BS2P2QUPLWW2WJX4HQQGJK" 4400
"../../../../../../Users/cjoyn/OneDrive/Documents/Unreal Projects/CIS488UnrealProject/TheMarbelousAscent/Content/__ExternalActors__/TutorialTest/6/3J/BS2P2QUPLWW2WJX4HQQGJK.uasset" 4401
"/Game/__ExternalActors__/TutorialTest/6/8Z/6A0N6OK3ZW4Z85KOLSAOW1" 4402
"../../../../../../Users/cjoyn/OneDrive/Documents/Unreal Projects/CIS488UnrealProject/TheMarbelousAscent/Content/__ExternalActors__/TutorialTest/6/8Z/6A0N6OK3ZW4Z85KOLSAOW1.uasset" 4403
"/Game/__ExternalActors__/TutorialTest/6/9K/DQ820DJQP6FX0BAZIMMNUP" 4404
"../../../../../../Users/cjoyn/OneDrive/Documents/Unreal Projects/CIS488UnrealProject/TheMarbelousAscent/Content/__ExternalActors__/TutorialTest/6/9K/DQ820DJQP6FX0BAZIMMNUP.uasset" 4405
"/Game/__ExternalActors__/TutorialTest/6/B0/1106HJMBCMK1AIE2UFSX2Z" 4406
"../../../../../../Users/cjoyn/OneDrive/Documents/Unreal Projects/CIS488UnrealProject/TheMarbelousAscent/Content/__ExternalActors__/TutorialTest/6/B0/1106HJMBCMK1AIE2UFSX2Z.uasset" 4407
"/Game/__ExternalActors__/TutorialTest/6/EJ/Q7IOITP5ORFNMGZJZWRRGV" 4408
"../../../../../../Users/cjoyn/OneDrive/Documents/Unreal Projects/CIS488UnrealProject/TheMarbelousAscent/Content/__ExternalActors__/TutorialTest/6/EJ/Q7IOITP5ORFNMGZJZWRRGV.uasset" 4409
"/Game/__ExternalActors__/TutorialTest/6/F0/8DIJVF1R9Y5ATY6LEW7FV2" 4410
"../../../../../../Users/cjoyn/OneDrive/Documents/Unreal Projects/CIS488UnrealProject/TheMarbelousAscent/Content/__ExternalActors__/TutorialTest/6/F0/8DIJVF1R9Y5ATY6LEW7FV2.uasset" 4411
"/Game/__ExternalActors__/TutorialTest/6/IJ/FTMMZLAS02SW2LCAUAI69X" 4412
"../../../../../../Users/cjoyn/OneDrive/Documents/Unreal Projects/CIS488UnrealProject/TheMarbelousAscent/Content/__ExternalActors__/TutorialTest/6/IJ/FTMMZLAS02SW2LCAUAI69X.uasset" 4413
"/Game/__ExternalActors__/TutorialTest/6/MY/0UJ8XWZW5PLE5956WGXPGC" 4414
"../../../../../../Users/cjoyn/OneDrive/Documents/Unreal Projects/CIS488UnrealProject/TheMarbelousAscent/Content/__ExternalActors__/TutorialTest/6/MY/0UJ8XWZW5PLE5956WGXPGC.uasset" 4415
"/Game/__ExternalActors__/TutorialTest/6/N0/TFAJBQOQH3XYUICNKU7QB6" 4416
"../../../../../../Users/cjoyn/OneDrive/Documents/Unreal Projects/CIS488UnrealProject/TheMarbelousAscent/Content/__ExternalActors__/TutorialTest/6/N0/TFAJBQOQH3XYUICNKU7QB6.uasset" 4417
"/Game/__ExternalActors__/TutorialTest/6/R0/E5A7211EZ64FVJW1WKGVEL" 4418
"../../../../../../Users/cjoyn/OneDrive/Documents/Unreal Projects/CIS488UnrealProject/TheMarbelousAscent/Content/__ExternalActors__/TutorialTest/6/R0/E5A7211EZ64FVJW1WKGVEL.uasset" 4419
"/Game/__ExternalActors__/TutorialTest/6/TW/SJ3YBJ9I8IMLXZO8O5JI4X" 4420
"../../../../../../Users/cjoyn/OneDrive/Documents/Unreal Projects/CIS488UnrealProject/TheMarbelousAscent/Content/__ExternalActors__/TutorialTest/6/TW/SJ3YBJ9I8IMLXZO8O5JI4X.uasset" 4421
"/Game/__ExternalActors__/TutorialTest/6/U5/BWK1POW9GWQYV4IVVOL50C" 4422
"../../../../../../Users/cjoyn/OneDrive/Documents/Unreal Projects/CIS488UnrealProject/TheMarbelousAscent/Content/__ExternalActors__/TutorialTest/6/U5/BWK1POW9GWQYV4IVVOL50C.uasset" 4423
"/Game/__ExternalActors__/TutorialTest/6/Y4/V1XZZU2S0MO1R6E2SNB9ZC" 4424
"../../../../../../Users/cjoyn/OneDrive/Documents/Unreal Projects/CIS488UnrealProject/TheMarbelousAscent/Content/__ExternalActors__/TutorialTest/6/Y4/V1XZZU2S0MO1R6E2SNB9ZC.uasset" 4425
"/Game/__ExternalActors__/TutorialTest/6/YZ/QDNQD3EL58WHT79T925YUE" 4426
"../../../../../../Users/cjoyn/OneDrive/Documents/Unreal Projects/CIS488UnrealProject/TheMarbelousAscent/Content/__ExternalActors__/TutorialTest/6/YZ/QDNQD3EL58WHT79T925YUE.uasset" 4427
"/Game/__ExternalActors__/TutorialTest/6/ZD/ZBB5GJ48OU69NYI5ROCTUO" 4428
"../../../../../../Users/cjoyn/OneDrive/Documents/Unreal Projects/CIS488UnrealProject/TheMarbelousAscent/Content/__ExternalActors__/TutorialTest/6/ZD/ZBB5GJ48OU69NYI5ROCTUO.uasset" 4429
"/Game/__ExternalActors__/TutorialTest/6/ZL/PL4UWTLNXA1QV1KY1TU2A0" 4430
"../../../../../../Users/cjoyn/OneDrive/Documents/Unreal Projects/CIS488UnrealProject/TheMarbelousAscent/Content/__ExternalActors__/TutorialTest/6/ZL/PL4UWTLNXA1QV1KY1TU2A0.uasset" 4431
"/Game/__ExternalActors__/TutorialTest/7/2Q/71HOPF39V8TR9Z5CDPT9D7" 4432
"../../../../../../Users/cjoyn/OneDrive/Documents/Unreal Projects/CIS488UnrealProject/TheMarbelousAscent/Content/__ExternalActors__/TutorialTest/7/2Q/71HOPF39V8TR9Z5CDPT9D7.uasset" 4433
"/Game/__ExternalActors__/TutorialTest/7/5O/TS10J11NI1S8GVKFVYDID2" 4434
"../../../../../../Users/cjoyn/OneDrive/Documents/Unreal Projects/CIS488UnrealProject/TheMarbelousAscent/Content/__ExternalActors__/TutorialTest/7/5O/TS10J11NI1S8GVKFVYDID2.uasset" 4435
"/Game/__ExternalActors__/TutorialTest/7/5T/4RI8BHSDJT9C9KO5A8QR6V" 4436
"../../../../../../Users/cjoyn/OneDrive/Documents/Unreal Projects/CIS488UnrealProject/TheMarbelousAscent/Content/__ExternalActors__/TutorialTest/7/5T/4RI8BHSDJT9C9KO5A8QR6V.uasset" 4437
"/Game/__ExternalActors__/TutorialTest/7/63/AF3YL4DQA4XCAOVPBH1ZG9" 4438
"../../../../../../Users/cjoyn/OneDrive/Documents/Unreal Projects/CIS488UnrealProject/TheMarbelousAscent/Content/__ExternalActors__/TutorialTest/7/63/AF3YL4DQA4XCAOVPBH1ZG9.uasset" 4439
"/Game/__ExternalActors__/TutorialTest/7/EX/9Z74GRTRKLNQLK764N5X3Q" 4440
"../../../../../../Users/cjoyn/OneDrive/Documents/Unreal Projects/CIS488UnrealProject/TheMarbelousAscent/Content/__ExternalActors__/TutorialTest/7/EX/9Z74GRTRKLNQLK764N5X3Q.uasset" 4441
"/Game/__ExternalActors__/TutorialTest/7/HJ/UINBAFE5FAZTLXVDC1GWFH" 4442
"../../../../../../Users/cjoyn/OneDrive/Documents/Unreal Projects/CIS488UnrealProject/TheMarbelousAscent/Content/__ExternalActors__/TutorialTest/7/HJ/UINBAFE5FAZTLXVDC1GWFH.uasset" 4443
"/Game/__ExternalActors__/TutorialTest/7/KL/I7PERVCFLXFG9T2V5CXKCX" 4444
"../../../../../../Users/cjoyn/OneDrive/Documents/Unreal Projects/CIS488UnrealProject/TheMarbelousAscent/Content/__ExternalActors__/TutorialTest/7/KL/I7PERVCFLXFG9T2V5CXKCX.uasset" 4445
"/Game/__ExternalActors__/TutorialTest/7/MA/E4G0YOCK1YXDP4QXKF5VYS" 4446
"../../../../../../Users/cjoyn/OneDrive/Documents/Unreal Projects/CIS488UnrealProject/TheMarbelousAscent/Content/__ExternalActors__/TutorialTest/7/MA/E4G0YOCK1YXDP4QXKF5VYS.uasset" 4447
"/Game/__ExternalActors__/TutorialTest/7/OT/KMDFJWT6PPMTFDOBYUEXMR" 4448
"../../../../../../Users/cjoyn/OneDrive/Documents/Unreal Projects/CIS488UnrealProject/TheMarbelousAscent/Content/__ExternalActors__/TutorialTest/7/OT/KMDFJWT6PPMTFDOBYUEXMR.uasset" 4449
"/Game/__ExternalActors__/TutorialTest/7/Q8/K0TIKRV7KE4I8JZLM7FWVU" 4450
"../../../../../../Users/cjoyn/OneDrive/Documents/Unreal Projects/CIS488UnrealProject/TheMarbelousAscent/Content/__ExternalActors__/TutorialTest/7/Q8/K0TIKRV7KE4I8JZLM7FWVU.uasset" 4451
"/Game/__ExternalActors__/TutorialTest/7/U9/MXHL0WTOM6DKSZ6TFKU00H" 4452
"../../../../../../Users/cjoyn/OneDrive/Documents/Unreal Projects/CIS488UnrealProject/TheMarbelousAscent/Content/__ExternalActors__/TutorialTest/7/U9/MXHL0WTOM6DKSZ6TFKU00H.uasset" 4453
"/Game/__ExternalActors__/TutorialTest/7/YU/U3PU1V67K7D4RITIU4PMKE" 4454
"../../../../../../Users/cjoyn/OneDrive/Documents/Unreal Projects/CIS488UnrealProject/TheMarbelousAscent/Content/__ExternalActors__/TutorialTest/7/YU/U3PU1V67K7D4RITIU4PMKE.uasset" 4455
"/Game/__ExternalActors__/TutorialTest/7/ZB/5Z117DROXBOEH3TW3ZMFSX" 4456
"../../../../../../Users/cjoyn/OneDrive/Documents/Unreal Projects/CIS488UnrealProject/TheMarbelousAscent/Content/__ExternalActors__/TutorialTest/7/ZB/5Z117DROXBOEH3TW3ZMFSX.uasset" 4457
"/Game/__ExternalActors__/TutorialTest/8/33/2H5U3TKS8112M9H6NFB1TT" 4458
"../../../../../../Users/cjoyn/OneDrive/Documents/Unreal Projects/CIS488UnrealProject/TheMarbelousAscent/Content/__ExternalActors__/TutorialTest/8/33/2H5U3TKS8112M9H6NFB1TT.uasset" 4459
"/Game/__ExternalActors__/TutorialTest/8/3M/P01XUS83ICADMQ5YDFZ3L4" 4460
"../../../../../../Users/cjoyn/OneDrive/Documents/Unreal Projects/CIS488UnrealProject/TheMarbelousAscent/Content/__ExternalActors__/TutorialTest/8/3M/P01XUS83ICADMQ5YDFZ3L4.uasset" 4461
"/Game/__ExternalActors__/TutorialTest/8/7Q/AQYHS5N1YJC1UJLCMNACGM" 4462
"../../../../../../Users/cjoyn/OneDrive/Documents/Unreal Projects/CIS488UnrealProject/TheMarbelousAscent/Content/__ExternalActors__/TutorialTest/8/7Q/AQYHS5N1YJC1UJLCMNACGM.uasset" 4463
"/Game/__ExternalActors__/TutorialTest/8/85/XBNZIBBIG76CVK71WW0KRE" 4464
"../../../../../../Users/cjoyn/OneDrive/Documents/Unreal Projects/CIS488UnrealProject/TheMarbelousAscent/Content/__ExternalActors__/TutorialTest/8/85/XBNZIBBIG76CVK71WW0KRE.uasset" 4465
"/Game/__ExternalActors__/TutorialTest/8/EK/OHMMR8NIBPQDH05H8070N5" 4466
"../../../../../../Users/cjoyn/OneDrive/Documents/Unreal Projects/CIS488UnrealProject/TheMarbelousAscent/Content/__ExternalActors__/TutorialTest/8/EK/OHMMR8NIBPQDH05H8070N5.uasset" 4467
"/Game/__ExternalActors__/TutorialTest/8/ET/AHK1B1UA2J11S6TQIZ5WFF" 4468
"../../../../../../Users/cjoyn/OneDrive/Documents/Unreal Projects/CIS488UnrealProject/TheMarbelousAscent/Content/__ExternalActors__/TutorialTest/8/ET/AHK1B1UA2J11S6TQIZ5WFF.uasset" 4469
"/Game/__ExternalActors__/TutorialTest/8/F1/VB5HXOA69E3W1LFPZYDFWA" 4470
"../../../../../../Users/cjoyn/OneDrive/Documents/Unreal Projects/CIS488UnrealProject/TheMarbelousAscent/Content/__ExternalActors__/TutorialTest/8/F1/VB5HXOA69E3W1LFPZYDFWA.uasset" 4471
"/Game/__ExternalActors__/TutorialTest/8/F8/G9REH7GLQQI9ER4BTQI0PL" 4472
"../../../../../../Users/cjoyn/OneDrive/Documents/Unreal Projects/CIS488UnrealProject/TheMarbelousAscent/Content/__ExternalActors__/TutorialTest/8/F8/G9REH7GLQQI9ER4BTQI0PL.uasset" 4473
"/Game/__ExternalActors__/TutorialTest/8/FF/JX0EI45JBTVI4IMZ9XDHGO" 4474
"../../../../../../Users/cjoyn/OneDrive/Documents/Unreal Projects/CIS488UnrealProject/TheMarbelousAscent/Content/__ExternalActors__/TutorialTest/8/FF/JX0EI45JBTVI4IMZ9XDHGO.uasset" 4475
"/Game/__ExternalActors__/TutorialTest/8/J9/GEVJK57M9B12OTIPA6DST0" 4476
"../../../../../../Users/cjoyn/OneDrive/Documents/Unreal Projects/CIS488UnrealProject/TheMarbelousAscent/Content/__ExternalActors__/TutorialTest/8/J9/GEVJK57M9B12OTIPA6DST0.uasset" 4477
"/Game/__ExternalActors__/TutorialTest/8/WZ/XQGT1BMI1XF9MOGF63AL3P" 4478
"../../../../../../Users/cjoyn/OneDrive/Documents/Unreal Projects/CIS488UnrealProject/TheMarbelousAscent/Content/__ExternalActors__/TutorialTest/8/WZ/XQGT1BMI1XF9MOGF63AL3P.uasset" 4479
"/Game/__ExternalActors__/TutorialTest/9/08/T2ELACBK132NWACIWLKONH" 4480
"../../../../../../Users/cjoyn/OneDrive/Documents/Unreal Projects/CIS488UnrealProject/TheMarbelousAscent/Content/__ExternalActors__/TutorialTest/9/08/T2ELACBK132NWACIWLKONH.uasset" 4481
"/Game/__ExternalActors__/TutorialTest/9/3E/O1IZYLERARTBKFWQMQ7G4S" 4482
"../../../../../../Users/cjoyn/OneDrive/Documents/Unreal Projects/CIS488UnrealProject/TheMarbelousAscent/Content/__ExternalActors__/TutorialTest/9/3E/O1IZYLERARTBKFWQMQ7G4S.uasset" 4483
"/Game/__ExternalActors__/TutorialTest/9/6N/B56DWBTCHLK6QOHHYJRTPO" 4484
"../../../../../../Users/cjoyn/OneDrive/Documents/Unreal Projects/CIS488UnrealProject/TheMarbelousAscent/Content/__ExternalActors__/TutorialTest/9/6N/B56DWBTCHLK6QOHHYJRTPO.uasset" 4485
"/Game/__ExternalActors__/TutorialTest/9/AQ/RBTU24HSCJTK121Z23QA8J" 4486
"../../../../../../Users/cjoyn/OneDrive/Documents/Unreal Projects/CIS488UnrealProject/TheMarbelousAscent/Content/__ExternalActors__/TutorialTest/9/AQ/RBTU24HSCJTK121Z23QA8J.uasset" 4487
"/Game/__ExternalActors__/TutorialTest/9/CH/0MAC8ENHN09VCTBZKJZD3L" 4488
"../../../../../../Users/cjoyn/OneDrive/Documents/Unreal Projects/CIS488UnrealProject/TheMarbelousAscent/Content/__ExternalActors__/TutorialTest/9/CH/0MAC8ENHN09VCTBZKJZD3L.uasset" 4489
"/Game/__ExternalActors__/TutorialTest/9/DL/FL57TOAY5U85US6AQC4L96" 4490
"../../../../../../Users/cjoyn/OneDrive/Documents/Unreal Projects/CIS488UnrealProject/TheMarbelousAscent/Content/__ExternalActors__/TutorialTest/9/DL/FL57TOAY5U85US6AQC4L96.uasset" 4491
"/Game/__ExternalActors__/TutorialTest/9/E0/Y38QMALKFKZ43465MKJ1TH" 4492
"../../../../../../Users/cjoyn/OneDrive/Documents/Unreal Projects/CIS488UnrealProject/TheMarbelousAscent/Content/__ExternalActors__/TutorialTest/9/E0/Y38QMALKFKZ43465MKJ1TH.uasset" 4493
"/Game/__ExternalActors__/TutorialTest/9/EL/0Z3NGJ7SS76T6RLHQELJBE" 4494
"../../../../../../Users/cjoyn/OneDrive/Documents/Unreal Projects/CIS488UnrealProject/TheMarbelousAscent/Content/__ExternalActors__/TutorialTest/9/EL/0Z3NGJ7SS76T6RLHQELJBE.uasset" 4495
"/Game/__ExternalActors__/TutorialTest/9/L5/9AKYTG4RXO3KQ3OE9YFXGC" 4496
"../../../../../../Users/cjoyn/OneDrive/Documents/Unreal Projects/CIS488UnrealProject/TheMarbelousAscent/Content/__ExternalActors__/TutorialTest/9/L5/9AKYTG4RXO3KQ3OE9YFXGC.uasset" 4497
"/Game/__ExternalActors__/TutorialTest/9/Q0/A931NCMWGEC712DQ6QWUWV" 4498
"../../../../../../Users/cjoyn/OneDrive/Documents/Unreal Projects/CIS488UnrealProject/TheMarbelousAscent/Content/__ExternalActors__/TutorialTest/9/Q0/A931NCMWGEC712DQ6QWUWV.uasset" 4499
"/Game/__ExternalActors__/TutorialTest/9/XJ/J1IWACBQZIE0OAKB1W8R4T" 4500
"../../../../../../Users/cjoyn/OneDrive/Documents/Unreal Projects/CIS488UnrealProject/TheMarbelousAscent/Content/__ExternalActors__/TutorialTest/9/XJ/J1IWACBQZIE0OAKB1W8R4T.uasset" 4501
"/Game/__ExternalActors__/TutorialTest/A/17/AJ4PCP8I0WWC3RQFH4F7BX" 4502
"../../../../../../Users/cjoyn/OneDrive/Documents/Unreal Projects/CIS488UnrealProject/TheMarbelousAscent/Content/__ExternalActors__/TutorialTest/A/17/AJ4PCP8I0WWC3RQFH4F7BX.uasset" 4503
"/Game/__ExternalActors__/TutorialTest/A/3F/E5LQIYUODI156Z3Y8BKXZX" 4504
"../../../../../../Users/cjoyn/OneDrive/Documents/Unreal Projects/CIS488UnrealProject/TheMarbelousAscent/Content/__ExternalActors__/TutorialTest/A/3F/E5LQIYUODI156Z3Y8BKXZX.uasset" 4505
"/Game/__ExternalActors__/TutorialTest/A/5X/WYKXSQE1OBAOBUWBZ7UFCB" 4506
"../../../../../../Users/cjoyn/OneDrive/Documents/Unreal Projects/CIS488UnrealProject/TheMarbelousAscent/Content/__ExternalActors__/TutorialTest/A/5X/WYKXSQE1OBAOBUWBZ7UFCB.uasset" 4507
"/Game/__ExternalActors__/TutorialTest/A/CR/ZK6PT1ZMKSF5NMH39A33NU" 4508
"../../../../../../Users/cjoyn/OneDrive/Documents/Unreal Projects/CIS488UnrealProject/TheMarbelousAscent/Content/__ExternalActors__/TutorialTest/A/CR/ZK6PT1ZMKSF5NMH39A33NU.uasset" 4509
"/Game/__ExternalActors__/TutorialTest/A/EO/LXLZ3R9H5MO9V4LJNHLRYT" 4510
"../../../../../../Users/cjoyn/OneDrive/Documents/Unreal Projects/CIS488UnrealProject/TheMarbelousAscent/Content/__ExternalActors__/TutorialTest/A/EO/LXLZ3R9H5MO9V4LJNHLRYT.uasset" 4511
"/Game/__ExternalActors__/TutorialTest/A/G2/FMPXP5285EEUJ3URDUPAUQ" 4512
"../../../../../../Users/cjoyn/OneDrive/Documents/Unreal Projects/CIS488UnrealProject/TheMarbelousAscent/Content/__ExternalActors__/TutorialTest/A/G2/FMPXP5285EEUJ3URDUPAUQ.uasset" 4513
"/Game/__ExternalActors__/TutorialTest/A/GH/6DVRBZGHXR8EFJ57PP30YE" 4514
"../../../../../../Users/cjoyn/OneDrive/Documents/Unreal Projects/CIS488UnrealProject/TheMarbelousAscent/Content/__ExternalActors__/TutorialTest/A/GH/6DVRBZGHXR8EFJ57PP30YE.uasset" 4515
"/Game/__ExternalActors__/TutorialTest/A/QD/79Q404H7KU4N94QAZLK9TN" 4516
"../../../../../../Users/cjoyn/OneDrive/Documents/Unreal Projects/CIS488UnrealProject/TheMarbelousAscent/Content/__ExternalActors__/TutorialTest/A/QD/79Q404H7KU4N94QAZLK9TN.uasset" 4517
"/Game/__ExternalActors__/TutorialTest/A/XO/R0373MXVH02VL9RT28Y4VU" 4518
"../../../../../../Users/cjoyn/OneDrive/Documents/Unreal Projects/CIS488UnrealProject/TheMarbelousAscent/Content/__ExternalActors__/TutorialTest/A/XO/R0373MXVH02VL9RT28Y4VU.uasset" 4519
"/Game/__ExternalActors__/TutorialTest/A/Z4/PHAMNITMYNSEOT8YM5E8NE" 4520
"../../../../../../Users/cjoyn/OneDrive/Documents/Unreal Projects/CIS488UnrealProject/TheMarbelousAscent/Content/__ExternalActors__/TutorialTest/A/Z4/PHAMNITMYNSEOT8YM5E8NE.uasset" 4521
"/Game/__ExternalActors__/TutorialTest/B/04/US0LOFFSTSPB52PYDRRCWC" 4522
"../../../../../../Users/cjoyn/OneDrive/Documents/Unreal Projects/CIS488UnrealProject/TheMarbelousAscent/Content/__ExternalActors__/TutorialTest/B/04/US0LOFFSTSPB52PYDRRCWC.uasset" 4523
"/Game/__ExternalActors__/TutorialTest/B/2S/1KZGMQXSC4B4VOT56O392X" 4524
"../../../../../../Users/cjoyn/OneDrive/Documents/Unreal Projects/CIS488UnrealProject/TheMarbelousAscent/Content/__ExternalActors__/TutorialTest/B/2S/1KZGMQXSC4B4VOT56O392X.uasset" 4525
"/Game/__ExternalActors__/TutorialTest/B/4S/9HF17C2ZBV7QCTOI2RGKF5" 4526
"../../../../../../Users/cjoyn/OneDrive/Documents/Unreal Projects/CIS488UnrealProject/TheMarbelousAscent/Content/__ExternalActors__/TutorialTest/B/4S/9HF17C2ZBV7QCTOI2RGKF5.uasset" 4527
"/Game/__ExternalActors__/TutorialTest/B/8L/1CSYX109JEQU7BN94UOI4P" 4528
"../../../../../../Users/cjoyn/OneDrive/Documents/Unreal Projects/CIS488UnrealProject/TheMarbelousAscent/Content/__ExternalActors__/TutorialTest/B/8L/1CSYX109JEQU7BN94UOI4P.uasset" 4529
"/Game/__ExternalActors__/TutorialTest/B/9W/2H04S524SGFLS1Q5LX3AND" 4530
"../../../../../../Users/cjoyn/OneDrive/Documents/Unreal Projects/CIS488UnrealProject/TheMarbelousAscent/Content/__ExternalActors__/TutorialTest/B/9W/2H04S524SGFLS1Q5LX3AND.uasset" 4531
"/Game/__ExternalActors__/TutorialTest/B/AG/UW3I8UJ3GRYPEJ98DQ5IE8" 4532
"../../../../../../Users/cjoyn/OneDrive/Documents/Unreal Projects/CIS488UnrealProject/TheMarbelousAscent/Content/__ExternalActors__/TutorialTest/B/AG/UW3I8UJ3GRYPEJ98DQ5IE8.uasset" 4533
"/Game/__ExternalActors__/TutorialTest/B/CT/7YCAHVAEE5LCBDVT8YRYJ0" 4534
"../../../../../../Users/cjoyn/OneDrive/Documents/Unreal Projects/CIS488UnrealProject/TheMarbelousAscent/Content/__ExternalActors__/TutorialTest/B/CT/7YCAHVAEE5LCBDVT8YRYJ0.uasset" 4535
"../../../../../../Users/cjoyn/OneDrive/Documents/Unreal Projects/CIS488UnrealProject/TheMarbelousAscent/Content/Meshes/dome.uasset" 4536
"/Game/__ExternalActors__/TutorialTest/B/E4/DJLXD9YQPEHBXSMNUB1CK2" 4537
"../../../../../../Users/cjoyn/OneDrive/Documents/Unreal Projects/CIS488UnrealProject/TheMarbelousAscent/Content/__ExternalActors__/TutorialTest/B/E4/DJLXD9YQPEHBXSMNUB1CK2.uasset" 4538
"/Game/__ExternalActors__/TutorialTest/B/GQ/95DS7CZPSZSUA1XXO8ON26" 4539
"../../../../../../Users/cjoyn/OneDrive/Documents/Unreal Projects/CIS488UnrealProject/TheMarbelousAscent/Content/__ExternalActors__/TutorialTest/B/GQ/95DS7CZPSZSUA1XXO8ON26.uasset" 4540
"/Game/__ExternalActors__/TutorialTest/B/JG/O4X5354A6BL29WPERGD4K1" 4541
"../../../../../../Users/cjoyn/OneDrive/Documents/Unreal Projects/CIS488UnrealProject/TheMarbelousAscent/Content/__ExternalActors__/TutorialTest/B/JG/O4X5354A6BL29WPERGD4K1.uasset" 4542
"/Game/__ExternalActors__/TutorialTest/B/OM/O3S3OY4PAJUQELOW7GG944" 4543
"../../../../../../Users/cjoyn/OneDrive/Documents/Unreal Projects/CIS488UnrealProject/TheMarbelousAscent/Content/__ExternalActors__/TutorialTest/B/OM/O3S3OY4PAJUQELOW7GG944.uasset" 4544
"/Game/__ExternalActors__/TutorialTest/B/P6/JRB6SRAHJA66ENJD6R01C8" 4545
"../../../../../../Users/cjoyn/OneDrive/Documents/Unreal Projects/CIS488UnrealProject/TheMarbelousAscent/Content/__ExternalActors__/TutorialTest/B/P6/JRB6SRAHJA66ENJD6R01C8.uasset" 4546
"/Game/__ExternalActors__/TutorialTest/B/U8/9Y1TT6Y357NB0KE6QKOIS1" 4547
"../../../../../../Users/cjoyn/OneDrive/Documents/Unreal Projects/CIS488UnrealProject/TheMarbelousAscent/Content/__ExternalActors__/TutorialTest/B/U8/9Y1TT6Y357NB0KE6QKOIS1.uasset" 4548
"/Game/__ExternalActors__/TutorialTest/B/W2/DWXBOA0RCA0PFCY7EVNMKA" 4549
"../../../../../../Users/cjoyn/OneDrive/Documents/Unreal Projects/CIS488UnrealProject/TheMarbelousAscent/Content/__ExternalActors__/TutorialTest/B/W2/DWXBOA0RCA0PFCY7EVNMKA.uasset" 4550
"/Game/__ExternalActors__/TutorialTest/B/X5/T6LKCS9M7TB4W295BJ55PH" 4551
"../../../../../../Users/cjoyn/OneDrive/Documents/Unreal Projects/CIS488UnrealProject/TheMarbelousAscent/Content/__ExternalActors__/TutorialTest/B/X5/T6LKCS9M7TB4W295BJ55PH.uasset" 4552
"/Game/__ExternalActors__/TutorialTest/B/YC/CFF696SIEN2TAPGLQLTTBP" 4553
"../../../../../../Users/cjoyn/OneDrive/Documents/Unreal Projects/CIS488UnrealProject/TheMarbelousAscent/Content/__ExternalActors__/TutorialTest/B/YC/CFF696SIEN2TAPGLQLTTBP.uasset" 4554
"/Game/__ExternalActors__/TutorialTest/B/ZE/N4R0977PCS4EQTTRS3RAJX" 4555
"../../../../../../Users/cjoyn/OneDrive/Documents/Unreal Projects/CIS488UnrealProject/TheMarbelousAscent/Content/__ExternalActors__/TutorialTest/B/ZE/N4R0977PCS4EQTTRS3RAJX.uasset" 4556
"/Game/__ExternalActors__/TutorialTest/C/1C/5FU1T7QA93DDLUGT9RIKLV" 4557
"../../../../../../Users/cjoyn/OneDrive/Documents/Unreal Projects/CIS488UnrealProject/TheMarbelousAscent/Content/__ExternalActors__/TutorialTest/C/1C/5FU1T7QA93DDLUGT9RIKLV.uasset" 4558
"/Game/__ExternalActors__/TutorialTest/C/42/GO9DEPJMJ9KLYMBG6EL0F8" 4559
"../../../../../../Users/cjoyn/OneDrive/Documents/Unreal Projects/CIS488UnrealProject/TheMarbelousAscent/Content/__ExternalActors__/TutorialTest/C/42/GO9DEPJMJ9KLYMBG6EL0F8.uasset" 4560
"/Game/__ExternalActors__/TutorialTest/C/8V/QRNIF2MZ4H5KODOSXXI0FC" 4561
"../../../../../../Users/cjoyn/OneDrive/Documents/Unreal Projects/CIS488UnrealProject/TheMarbelousAscent/Content/__ExternalActors__/TutorialTest/C/8V/QRNIF2MZ4H5KODOSXXI0FC.uasset" 4562
"/Game/__ExternalActors__/TutorialTest/C/9U/S1S0XKII5JISMHIC0P8U1B" 4563
"../../../../../../Users/cjoyn/OneDrive/Documents/Unreal Projects/CIS488UnrealProject/TheMarbelousAscent/Content/__ExternalActors__/TutorialTest/C/9U/S1S0XKII5JISMHIC0P8U1B.uasset" 4564
"/Game/__ExternalActors__/TutorialTest/C/AO/6HH72K4NY09QY18NZ6B2IT" 4565
"../../../../../../Users/cjoyn/OneDrive/Documents/Unreal Projects/CIS488UnrealProject/TheMarbelousAscent/Content/__ExternalActors__/TutorialTest/C/AO/6HH72K4NY09QY18NZ6B2IT.uasset" 4566
"/Game/__ExternalActors__/TutorialTest/C/G7/F6KBG0Q4XGH2X0FJ96OMVY" 4567
"../../../../../../Users/cjoyn/OneDrive/Documents/Unreal Projects/CIS488UnrealProject/TheMarbelousAscent/Content/__ExternalActors__/TutorialTest/C/G7/F6KBG0Q4XGH2X0FJ96OMVY.uasset" 4568
"/Game/__ExternalActors__/TutorialTest/C/M0/LD5UN8XA5NGKO3V40B1QI2" 4569
"../../../../../../Users/cjoyn/OneDrive/Documents/Unreal Projects/CIS488UnrealProject/TheMarbelousAscent/Content/__ExternalActors__/TutorialTest/C/M0/LD5UN8XA5NGKO3V40B1QI2.uasset" 4570
"/Game/__ExternalActors__/TutorialTest/C/MD/DBJ9ZN893ND4OGFSVANJOS" 4571
"../../../../../../Users/cjoyn/OneDrive/Documents/Unreal Projects/CIS488UnrealProject/TheMarbelousAscent/Content/__ExternalActors__/TutorialTest/C/MD/DBJ9ZN893ND4OGFSVANJOS.uasset" 4572
"/Game/__ExternalActors__/TutorialTest/C/VG/XOCERDEO9MQD5SM9WCZJN2" 4573
"../../../../../../Users/cjoyn/OneDrive/Documents/Unreal Projects/CIS488UnrealProject/TheMarbelousAscent/Content/__ExternalActors__/TutorialTest/C/VG/XOCERDEO9MQD5SM9WCZJN2.uasset" 4574
"/Game/__ExternalActors__/TutorialTest/C/WI/8OMGSINPB684W85LRZTXP1" 4575
"../../../../../../Users/cjoyn/OneDrive/Documents/Unreal Projects/CIS488UnrealProject/TheMarbelousAscent/Content/__ExternalActors__/TutorialTest/C/WI/8OMGSINPB684W85LRZTXP1.uasset" 4576
"/Game/__ExternalActors__/TutorialTest/C/WS/3ALRA1IPZF3K0W05RUCGQK" 4577
"../../../../../../Users/cjoyn/OneDrive/Documents/Unreal Projects/CIS488UnrealProject/TheMarbelousAscent/Content/__ExternalActors__/TutorialTest/C/WS/3ALRA1IPZF3K0W05RUCGQK.uasset" 4578
"/Game/__ExternalActors__/TutorialTest/C/WV/015LJKUAJWLZWLVUSD3ER8" 4579
"../../../../../../Users/cjoyn/OneDrive/Documents/Unreal Projects/CIS488UnrealProject/TheMarbelousAscent/Content/__ExternalActors__/TutorialTest/C/WV/015LJKUAJWLZWLVUSD3ER8.uasset" 4580
"/Game/__ExternalActors__/TutorialTest/D/1B/ENPZM8MJNWBAL7UKOY89PZ" 4581
"../../../../../../Users/cjoyn/OneDrive/Documents/Unreal Projects/CIS488UnrealProject/TheMarbelousAscent/Content/__ExternalActors__/TutorialTest/D/1B/ENPZM8MJNWBAL7UKOY89PZ.uasset" 4582
"/Game/__ExternalActors__/TutorialTest/D/27/IPK96HPBGF8OCGF5KD415B" 4583
"../../../../../../Users/cjoyn/OneDrive/Documents/Unreal Projects/CIS488UnrealProject/TheMarbelousAscent/Content/__ExternalActors__/TutorialTest/D/27/IPK96HPBGF8OCGF5KD415B.uasset" 4584
"/Game/__ExternalActors__/TutorialTest/D/57/JW0ZV3N37FPRLTVKE3LSAC" 4585
"../../../../../../Users/cjoyn/OneDrive/Documents/Unreal Projects/CIS488UnrealProject/TheMarbelousAscent/Content/__ExternalActors__/TutorialTest/D/57/JW0ZV3N37FPRLTVKE3LSAC.uasset" 4586
"/Game/__ExternalActors__/TutorialTest/D/BI/WN11T28CIXB6UEF2BZJYSB" 4587
"../../../../../../Users/cjoyn/OneDrive/Documents/Unreal Projects/CIS488UnrealProject/TheMarbelousAscent/Content/__ExternalActors__/TutorialTest/D/BI/WN11T28CIXB6UEF2BZJYSB.uasset" 4588
"/Game/__ExternalActors__/TutorialTest/D/BO/J5AW7UFJK9VQQJ7S4T7K40" 4589
"../../../../../../Users/cjoyn/OneDrive/Documents/Unreal Projects/CIS488UnrealProject/TheMarbelousAscent/Content/__ExternalActors__/TutorialTest/D/BO/J5AW7UFJK9VQQJ7S4T7K40.uasset" 4590
"/Game/__ExternalActors__/TutorialTest/D/D5/IK78EJPY0FVS911570PQQY" 4591
"../../../../../../Users/cjoyn/OneDrive/Documents/Unreal Projects/CIS488UnrealProject/TheMarbelousAscent/Content/__ExternalActors__/TutorialTest/D/D5/IK78EJPY0FVS911570PQQY.uasset" 4592
"/Game/__ExternalActors__/TutorialTest/D/DQ/4I1WKXN6LWRBLQO5H9A258" 4593
"../../../../../../Users/cjoyn/OneDrive/Documents/Unreal Projects/CIS488UnrealProject/TheMarbelousAscent/Content/__ExternalActors__/TutorialTest/D/DQ/4I1WKXN6LWRBLQO5H9A258.uasset" 4594
"/Game/__ExternalActors__/TutorialTest/D/EB/IZC1KFE5ZP2FP5KCWSQTMA" 4595
"../../../../../../Users/cjoyn/OneDrive/Documents/Unreal Projects/CIS488UnrealProject/TheMarbelousAscent/Content/__ExternalActors__/TutorialTest/D/EB/IZC1KFE5ZP2FP5KCWSQTMA.uasset" 4596
"/Game/__ExternalActors__/TutorialTest/D/FH/8PRWGT0DDGVW6XTTA2A19J" 4597
"../../../../../../Users/cjoyn/OneDrive/Documents/Unreal Projects/CIS488UnrealProject/TheMarbelousAscent/Content/__ExternalActors__/TutorialTest/D/FH/8PRWGT0DDGVW6XTTA2A19J.uasset" 4598
"/Game/__ExternalActors__/TutorialTest/D/GW/UR34EQETAFRGH82DLLS45Z" 4599
"../../../../../../Users/cjoyn/OneDrive/Documents/Unreal Projects/CIS488UnrealProject/TheMarbelousAscent/Content/__ExternalActors__/TutorialTest/D/GW/UR34EQETAFRGH82DLLS45Z.uasset" 4600
"/Game/__ExternalActors__/TutorialTest/D/MR/1WNIQA7WE26LCMO5DJORU1" 4601
"../../../../../../Users/cjoyn/OneDrive/Documents/Unreal Projects/CIS488UnrealProject/TheMarbelousAscent/Content/__ExternalActors__/TutorialTest/D/MR/1WNIQA7WE26LCMO5DJORU1.uasset" 4602
"/Game/__ExternalActors__/TutorialTest/D/PR/2B1SKKFUVQ4AJ7OLF687RJ" 4603
"../../../../../../Users/cjoyn/OneDrive/Documents/Unreal Projects/CIS488UnrealProject/TheMarbelousAscent/Content/__ExternalActors__/TutorialTest/D/PR/2B1SKKFUVQ4AJ7OLF687RJ.uasset" 4604
"/Game/__ExternalActors__/TutorialTest/D/RA/8WCPH5UE8OUARUYS91SPNA" 4605
"../../../../../../Users/cjoyn/OneDrive/Documents/Unreal Projects/CIS488UnrealProject/TheMarbelousAscent/Content/__ExternalActors__/TutorialTest/D/RA/8WCPH5UE8OUARUYS91SPNA.uasset" 4606
"/Game/__ExternalActors__/TutorialTest/D/RX/TVKROJ0OT4L3GINWKNB905" 4607
"../../../../../../Users/cjoyn/OneDrive/Documents/Unreal Projects/CIS488UnrealProject/TheMarbelousAscent/Content/__ExternalActors__/TutorialTest/D/RX/TVKROJ0OT4L3GINWKNB905.uasset" 4608
"/Game/__ExternalActors__/TutorialTest/D/S0/LIYB2B3YMULF5QD7ONQ9GD" 4609
"../../../../../../Users/cjoyn/OneDrive/Documents/Unreal Projects/CIS488UnrealProject/TheMarbelousAscent/Content/__ExternalActors__/TutorialTest/D/S0/LIYB2B3YMULF5QD7ONQ9GD.uasset" 4610
"/Game/__ExternalActors__/TutorialTest/D/SK/QCYEDA6Q2VHOE1BIFDM7HY" 4611
"../../../../../../Users/cjoyn/OneDrive/Documents/Unreal Projects/CIS488UnrealProject/TheMarbelousAscent/Content/__ExternalActors__/TutorialTest/D/SK/QCYEDA6Q2VHOE1BIFDM7HY.uasset" 4612
"/Game/__ExternalActors__/TutorialTest/D/VD/CNYW16WQWTS04FGJ2QCRJP" 4613
"../../../../../../Users/cjoyn/OneDrive/Documents/Unreal Projects/CIS488UnrealProject/TheMarbelousAscent/Content/__ExternalActors__/TutorialTest/D/VD/CNYW16WQWTS04FGJ2QCRJP.uasset" 4614
"/Game/__ExternalActors__/TutorialTest/D/VY/ON5VKUJA2VOACA9MA5G4XH" 4615
"../../../../../../Users/cjoyn/OneDrive/Documents/Unreal Projects/CIS488UnrealProject/TheMarbelousAscent/Content/__ExternalActors__/TutorialTest/D/VY/ON5VKUJA2VOACA9MA5G4XH.uasset" 4616
"/Game/__ExternalActors__/TutorialTest/D/XE/LOM1OH71FJF79US9VCODYQ" 4617
"../../../../../../Users/cjoyn/OneDrive/Documents/Unreal Projects/CIS488UnrealProject/TheMarbelousAscent/Content/__ExternalActors__/TutorialTest/D/XE/LOM1OH71FJF79US9VCODYQ.uasset" 4618
"/Game/__ExternalActors__/TutorialTest/D/YV/CQ5QR0ZQSRVBLVLVQIA7H7" 4619
"../../../../../../Users/cjoyn/OneDrive/Documents/Unreal Projects/CIS488UnrealProject/TheMarbelousAscent/Content/__ExternalActors__/TutorialTest/D/YV/CQ5QR0ZQSRVBLVLVQIA7H7.uasset" 4620
"/Game/__ExternalActors__/TutorialTest/D/Z4/UTI9LFUN7EQY9TBNWDB9QU" 4621
"../../../../../../Users/cjoyn/OneDrive/Documents/Unreal Projects/CIS488UnrealProject/TheMarbelousAscent/Content/__ExternalActors__/TutorialTest/D/Z4/UTI9LFUN7EQY9TBNWDB9QU.uasset" 4622
"/Game/__ExternalActors__/TutorialTest/E/17/L5JS6VBM0982YGD4DOJMKZ" 4623
"../../../../../../Users/cjoyn/OneDrive/Documents/Unreal Projects/CIS488UnrealProject/TheMarbelousAscent/Content/__ExternalActors__/TutorialTest/E/17/L5JS6VBM0982YGD4DOJMKZ.uasset" 4624
"/Game/__ExternalActors__/TutorialTest/E/DP/R4B5U1DJSL4FOVKBVNWMSG" 4625
"../../../../../../Users/cjoyn/OneDrive/Documents/Unreal Projects/CIS488UnrealProject/TheMarbelousAscent/Content/__ExternalActors__/TutorialTest/E/DP/R4B5U1DJSL4FOVKBVNWMSG.uasset" 4626
"/Game/__ExternalActors__/TutorialTest/E/ER/YFLD6L79J19TXKD7TMRRLW" 4627
"../../../../../../Users/cjoyn/OneDrive/Documents/Unreal Projects/CIS488UnrealProject/TheMarbelousAscent/Content/__ExternalActors__/TutorialTest/E/ER/YFLD6L79J19TXKD7TMRRLW.uasset" 4628
"/Game/__ExternalActors__/TutorialTest/E/KT/8MNKKTWRA4KTWCJQQH29ZM" 4629
"../../../../../../Users/cjoyn/OneDrive/Documents/Unreal Projects/CIS488UnrealProject/TheMarbelousAscent/Content/__ExternalActors__/TutorialTest/E/KT/8MNKKTWRA4KTWCJQQH29ZM.uasset" 4630
"/Game/__ExternalActors__/TutorialTest/E/N2/WL327VVUUR5OBS12KFYX3F" 4631
"../../../../../../Users/cjoyn/OneDrive/Documents/Unreal Projects/CIS488UnrealProject/TheMarbelousAscent/Content/__ExternalActors__/TutorialTest/E/N2/WL327VVUUR5OBS12KFYX3F.uasset" 4632
"/Game/__ExternalActors__/TutorialTest/E/O2/AVAIH6HVRPQQEV9ZRFPZID" 4633
"../../../../../../Users/cjoyn/OneDrive/Documents/Unreal Projects/CIS488UnrealProject/TheMarbelousAscent/Content/__ExternalActors__/TutorialTest/E/O2/AVAIH6HVRPQQEV9ZRFPZID.uasset" 4634
"/Game/__ExternalActors__/TutorialTest/E/O7/C36PBO47B1GH906TA437NQ" 4635
"../../../../../../Users/cjoyn/OneDrive/Documents/Unreal Projects/CIS488UnrealProject/TheMarbelousAscent/Content/__ExternalActors__/TutorialTest/E/O7/C36PBO47B1GH906TA437NQ.uasset" 4636
"/Game/__ExternalActors__/TutorialTest/E/PI/C2CBU1TQH5J0RC96RM5IIU" 4637
"../../../../../../Users/cjoyn/OneDrive/Documents/Unreal Projects/CIS488UnrealProject/TheMarbelousAscent/Content/__ExternalActors__/TutorialTest/E/PI/C2CBU1TQH5J0RC96RM5IIU.uasset" 4638
"/Game/__ExternalActors__/TutorialTest/E/RU/Z8MAX0I2E3SKQSMDUX5O39" 4639
"../../../../../../Users/cjoyn/OneDrive/Documents/Unreal Projects/CIS488UnrealProject/TheMarbelousAscent/Content/__ExternalActors__/TutorialTest/E/RU/Z8MAX0I2E3SKQSMDUX5O39.uasset" 4640
"/Game/__ExternalActors__/TutorialTest/0/9Z/MTZRJ4J04KXYZ84887EHD1" 4641
"../../../../../../Users/cjoyn/OneDrive/Documents/Unreal Projects/CIS488UnrealProject/TheMarbelousAscent/Content/__ExternalActors__/TutorialTest/0/9Z/MTZRJ4J04KXYZ84887EHD1.uasset" 4642
"/Game/__ExternalActors__/TutorialTest/A/32/YAP7Z2JNF2EWNZSMD84YBF" 4643
"../../../../../../Users/cjoyn/OneDrive/Documents/Unreal Projects/CIS488UnrealProject/TheMarbelousAscent/Content/__ExternalActors__/TutorialTest/A/32/YAP7Z2JNF2EWNZSMD84YBF.uasset" 4644
"/Game/__ExternalActors__/TutorialTest/B/W4/XM0EKR3J59TJ8IJZM4F73Q" 4645
"../../../../../../Users/cjoyn/OneDrive/Documents/Unreal Projects/CIS488UnrealProject/TheMarbelousAscent/Content/__ExternalActors__/TutorialTest/B/W4/XM0EKR3J59TJ8IJZM4F73Q.uasset" 4646
"/Game/__ExternalActors__/TutorialTest/C/ZV/PP2KVCZYJH13JPSWMFRV2G" 4647
"../../../../../../Users/cjoyn/OneDrive/Documents/Unreal Projects/CIS488UnrealProject/TheMarbelousAscent/Content/__ExternalActors__/TutorialTest/C/ZV/PP2KVCZYJH13JPSWMFRV2G.uasset" 4648
"/InterchangeAssets/gltf/Textures/T_Anisotropy_Direction_Linear" 4649
"/InterchangeAssets/gltf/Textures/T_Generic_N" 4650
"/InterchangeAssets/Utilities/New_LUT" 4651
"/InterchangeAssets/gltf/Textures/T_White_srgb" 4652
"/InterchangeAssets/gltf/Textures/T_White_Linear" 4653
"/ControlRig/Controls/ControlRig_Triangle_3mm" 4654
"/ControlRig/Controls/ControlRig_Triangle_1mm" 4655
"/ControlRig/Controls/ControlRig_Star4_solid" 4656
"/ControlRig/Controls/ControlRig_Star4_3mm" 4657
"/ControlRig/Controls/ControlRig_Star4_1mm" 4658
"/ControlRig/Controls/ControlRig_Square_solid" 4659
"/ControlRig/Controls/ControlRig_Square_3mm" 4660
"/ControlRig/Controls/ControlRig_Square_1mm" 4661
"/ControlRig/Controls/ControlRig_Sphere_3mm" 4662
"/ControlRig/Controls/ControlRig_Sphere_1mm" 4663
"/ControlRig/Controls/ControlRig_RoundedTriangle_solid" 4664
"/ControlRig/Controls/ControlRig_RoundedTriangle_3mm" 4665
"/ControlRig/Controls/ControlRig_RoundedTriangle_1mm" 4666
"/ControlRig/Controls/ControlRig_RoundedSquare_solid" 4667
"/ControlRig/Controls/ControlRig_RoundedSquare_3mm" 4668
"/ControlRig/Controls/ControlRig_RoundedSquare_1mm" 4669
"/ControlRig/Controls/ControlRig_QuarterCircle_solid" 4670
"/ControlRig/Controls/ControlRig_QuarterCircle_3mm" 4671
"/ControlRig/Controls/ControlRig_QuarterCircle_1mm" 4672
"/ControlRig/Controls/ControlRig_Pyramid_solid" 4673
"/ControlRig/Controls/ControlRig_Pyramid_3mm" 4674
"/ControlRig/Controls/ControlRig_Pyramid_1mm" 4675
"/ControlRig/Controls/ControlRig_Octagon_solid" 4676
"/ControlRig/Controls/ControlRig_Octagon_3mm" 4677
"/ControlRig/Controls/ControlRig_Octagon_1mm" 4678
"/ControlRig/Controls/ControlRig_Hexagon_solid" 4679
"/ControlRig/Controls/ControlRig_Hexagon_3mm" 4680
"/ControlRig/Controls/ControlRig_Hexagon_1mm" 4681
"/ControlRig/Controls/ControlRig_HalfCircle_solid" 4682
"/ControlRig/Controls/ControlRig_HalfCircle_3mm" 4683
"/ControlRig/Controls/ControlRig_HalfCircle_1mm" 4684
"/ControlRig/Controls/ControlRig_Diamond_solid" 4685
"/Game/__ExternalActors__/TutorialTest/1/9E/NMVYTR50MKUD2960WO349Q" 4686
"../../../../../../Users/cjoyn/OneDrive/Documents/Unreal Projects/CIS488UnrealProject/TheMarbelousAscent/Content/__ExternalActors__/TutorialTest/1/9E/NMVYTR50MKUD2960WO349Q.uasset" 4687
"/Game/__ExternalActors__/TutorialTest/1/0P/4PUOU1FQBLRYIR0DMJCEAL" 4688
"../../../../../../Users/cjoyn/OneDrive/Documents/Unreal Projects/CIS488UnrealProject/TheMarbelousAscent/Content/__ExternalActors__/TutorialTest/1/0P/4PUOU1FQBLRYIR0DMJCEAL.uasset" 4689
"/Game/__ExternalActors__/TutorialTest/1/2R/HV270YRQQGLDJUKRT01EMB" 4690
"../../../../../../Users/cjoyn/OneDrive/Documents/Unreal Projects/CIS488UnrealProject/TheMarbelousAscent/Content/__ExternalActors__/TutorialTest/1/2R/HV270YRQQGLDJUKRT01EMB.uasset" 4691
"/Game/__ExternalActors__/TutorialTest/1/JX/YCWCTI66USYYE13OW00H7T" 4692
"../../../../../../Users/cjoyn/OneDrive/Documents/Unreal Projects/CIS488UnrealProject/TheMarbelousAscent/Content/__ExternalActors__/TutorialTest/1/JX/YCWCTI66USYYE13OW00H7T.uasset" 4693
"/Game/__ExternalActors__/TutorialTest/1/XE/VC4AS9GN8GHPMDXI15H49I" 4694
"../../../../../../Users/cjoyn/OneDrive/Documents/Unreal Projects/CIS488UnrealProject/TheMarbelousAscent/Content/__ExternalActors__/TutorialTest/1/XE/VC4AS9GN8GHPMDXI15H49I.uasset" 4695
"/Game/__ExternalActors__/TutorialTest/2/7C/BHATJSFLAYXWSYNHELAITB" 4696
"../../../../../../Users/cjoyn/OneDrive/Documents/Unreal Projects/CIS488UnrealProject/TheMarbelousAscent/Content/__ExternalActors__/TutorialTest/2/7C/BHATJSFLAYXWSYNHELAITB.uasset" 4697
"/Game/__ExternalActors__/TutorialTest/2/JN/8E8BJXDMH5XFUJBZZCQARP" 4698
"../../../../../../Users/cjoyn/OneDrive/Documents/Unreal Projects/CIS488UnrealProject/TheMarbelousAscent/Content/__ExternalActors__/TutorialTest/2/JN/8E8BJXDMH5XFUJBZZCQARP.uasset" 4699
"/Game/__ExternalActors__/TutorialTest/3/E2/7Q3JFT71149OFGNH2QJ3L4" 4700
"../../../../../../Users/cjoyn/OneDrive/Documents/Unreal Projects/CIS488UnrealProject/TheMarbelousAscent/Content/__ExternalActors__/TutorialTest/3/E2/7Q3JFT71149OFGNH2QJ3L4.uasset" 4701
"/Game/__ExternalActors__/TutorialTest/4/YB/PSK9CJZNNJTE8RN9VP7815" 4702
"../../../../../../Users/cjoyn/OneDrive/Documents/Unreal Projects/CIS488UnrealProject/TheMarbelousAscent/Content/__ExternalActors__/TutorialTest/4/YB/PSK9CJZNNJTE8RN9VP7815.uasset" 4703
"/Game/__ExternalActors__/TutorialTest/5/8N/3P5ONRSEFBWHT2TEQ4RNYC" 4704
"../../../../../../Users/cjoyn/OneDrive/Documents/Unreal Projects/CIS488UnrealProject/TheMarbelousAscent/Content/__ExternalActors__/TutorialTest/5/8N/3P5ONRSEFBWHT2TEQ4RNYC.uasset" 4705
"/Game/__ExternalActors__/TutorialTest/5/O6/OFNWVZHVRISRAUD3Z6TGSY" 4706
"../../../../../../Users/cjoyn/OneDrive/Documents/Unreal Projects/CIS488UnrealProject/TheMarbelousAscent/Content/__ExternalActors__/TutorialTest/5/O6/OFNWVZHVRISRAUD3Z6TGSY.uasset" 4707
"/Game/__ExternalActors__/TutorialTest/5/U3/XVADWOQ8V8LY2T64L513K7" 4708
"../../../../../../Users/cjoyn/OneDrive/Documents/Unreal Projects/CIS488UnrealProject/TheMarbelousAscent/Content/__ExternalActors__/TutorialTest/5/U3/XVADWOQ8V8LY2T64L513K7.uasset" 4709
"/Game/__ExternalActors__/TutorialTest/5/XP/R032PSQLDUP1UBGF7FZOR4" 4710
"../../../../../../Users/cjoyn/OneDrive/Documents/Unreal Projects/CIS488UnrealProject/TheMarbelousAscent/Content/__ExternalActors__/TutorialTest/5/XP/R032PSQLDUP1UBGF7FZOR4.uasset" 4711
"/Game/__ExternalActors__/TutorialTest/6/5R/FN1J9LPHLWCSPYT4LIHMBM" 4712
"../../../../../../Users/cjoyn/OneDrive/Documents/Unreal Projects/CIS488UnrealProject/TheMarbelousAscent/Content/__ExternalActors__/TutorialTest/6/5R/FN1J9LPHLWCSPYT4LIHMBM.uasset" 4713
"/Game/__ExternalActors__/TutorialTest/6/GK/NN8RJ9H0LXI1LV5CZRKAEM" 4714
"../../../../../../Users/cjoyn/OneDrive/Documents/Unreal Projects/CIS488UnrealProject/TheMarbelousAscent/Content/__ExternalActors__/TutorialTest/6/GK/NN8RJ9H0LXI1LV5CZRKAEM.uasset" 4715
"/Game/__ExternalActors__/TutorialTest/A/5X/QK38WYDZ2BVPPOVEB9NTK5" 4716
"../../../../../../Users/cjoyn/OneDrive/Documents/Unreal Projects/CIS488UnrealProject/TheMarbelousAscent/Content/__ExternalActors__/TutorialTest/A/5X/QK38WYDZ2BVPPOVEB9NTK5.uasset" 4717
"/Game/__ExternalActors__/TutorialTest/A/SR/2ADQX6L9QYPRF8R7SUROU4" 4718
"../../../../../../Users/cjoyn/OneDrive/Documents/Unreal Projects/CIS488UnrealProject/TheMarbelousAscent/Content/__ExternalActors__/TutorialTest/A/SR/2ADQX6L9QYPRF8R7SUROU4.uasset" 4719
"/Game/__ExternalActors__/TutorialTest/B/N0/ORJSVUG55LHV0LZXXLP3F7" 4720
"../../../../../../Users/cjoyn/OneDrive/Documents/Unreal Projects/CIS488UnrealProject/TheMarbelousAscent/Content/__ExternalActors__/TutorialTest/B/N0/ORJSVUG55LHV0LZXXLP3F7.uasset" 4721
"/Game/__ExternalActors__/TutorialTest/C/YU/WZTYR4YCJVH9RO3A8EFB6C" 4722
"../../../../../../Users/cjoyn/OneDrive/Documents/Unreal Projects/CIS488UnrealProject/TheMarbelousAscent/Content/__ExternalActors__/TutorialTest/C/YU/WZTYR4YCJVH9RO3A8EFB6C.uasset" 4723
"/Game/__ExternalActors__/TutorialTest/C/1O/GMMAPN4AHPHZT64NB8JMQK" 4724
"../../../../../../Users/cjoyn/OneDrive/Documents/Unreal Projects/CIS488UnrealProject/TheMarbelousAscent/Content/__ExternalActors__/TutorialTest/C/1O/GMMAPN4AHPHZT64NB8JMQK.uasset" 4725
"/Game/__ExternalActors__/TutorialTest/C/61/3QS7WXOU4IRR9VCN9FQ508" 4726
"../../../../../../Users/cjoyn/OneDrive/Documents/Unreal Projects/CIS488UnrealProject/TheMarbelousAscent/Content/__ExternalActors__/TutorialTest/C/61/3QS7WXOU4IRR9VCN9FQ508.uasset" 4727
"/Game/__ExternalActors__/TutorialTest/C/OD/OX06I2BYXEPD1S65V8KHDJ" 4728
"../../../../../../Users/cjoyn/OneDrive/Documents/Unreal Projects/CIS488UnrealProject/TheMarbelousAscent/Content/__ExternalActors__/TutorialTest/C/OD/OX06I2BYXEPD1S65V8KHDJ.uasset" 4729
"/Game/__ExternalActors__/TutorialTest/C/XP/2OBAO3ZEMDVUF3RWO3URD1" 4730
"../../../../../../Users/cjoyn/OneDrive/Documents/Unreal Projects/CIS488UnrealProject/TheMarbelousAscent/Content/__ExternalActors__/TutorialTest/C/XP/2OBAO3ZEMDVUF3RWO3URD1.uasset" 4731
"/Game/__ExternalActors__/TutorialTest/E/BB/Q37LLTH7D80K5QCXZRHORV" 4732
"../../../../../../Users/cjoyn/OneDrive/Documents/Unreal Projects/CIS488UnrealProject/TheMarbelousAscent/Content/__ExternalActors__/TutorialTest/E/BB/Q37LLTH7D80K5QCXZRHORV.uasset" 4733
"/Game/__ExternalActors__/TutorialTest/E/II/THVDDGN2M5WQVZS5QXQ5L4" 4734
"../../../../../../Users/cjoyn/OneDrive/Documents/Unreal Projects/CIS488UnrealProject/TheMarbelousAscent/Content/__ExternalActors__/TutorialTest/E/II/THVDDGN2M5WQVZS5QXQ5L4.uasset" 4735
"/Game/__ExternalActors__/TutorialTest/E/PZ/FY7S4FAIL8DX58VOEM6D7D" 4736
"../../../../../../Users/cjoyn/OneDrive/Documents/Unreal Projects/CIS488UnrealProject/TheMarbelousAscent/Content/__ExternalActors__/TutorialTest/E/PZ/FY7S4FAIL8DX58VOEM6D7D.uasset" 4737
"/Game/__ExternalActors__/TutorialTest/1/05/7TIJY528KBR2V726F9N8XG" 4738
"../../../../../../Users/cjoyn/OneDrive/Documents/Unreal Projects/CIS488UnrealProject/TheMarbelousAscent/Content/__ExternalActors__/TutorialTest/1/05/7TIJY528KBR2V726F9N8XG.uasset" 4739
"/Game/Input/Actions/PlayerActions/Up_Down_Action" 4740
"/Game/Input/Actions/PlayerActions/PlaceCheckpoint_Action" 4741
"/Game/Input/Actions/PlayerActions/Pause" 4742
"/Game/Input/Actions/PlayerActions/LoadCheckpoint_Action" 4743
"/Game/Input/Actions/PlayerActions/Left-Right_Action" 4744
"/Game/Input/Actions/PlayerActions/IA_Look" 4745
"/Game/Input/Actions/PlayerActions/IA_Jump" 4746
"/Game/Input/Actions/PlayerActions/Brake_Action" 4747
"/Game/UI/Widgets/WBP_Stopwatch" 4748
"/Engine/Functions/Engine_MaterialFunctions01/Texturing/FlattenNormal" 4749
"/Game/UI/Widgets/WBP_CheckpointNum" 4750
"/InterchangeAssets/Functions/MF_IridescenceNoLUT" 4751
"/Game/__ExternalActors__/TutorialTest/5/II/Y518FYT3TTDAUOA86L4UKW" 4752
"../../../../../../Users/cjoyn/OneDrive/Documents/Unreal Projects/CIS488UnrealProject/TheMarbelousAscent/Content/__ExternalActors__/TutorialTest/5/II/Y518FYT3TTDAUOA86L4UKW.uasset" 4753
"/Game/__ExternalActors__/TutorialTest/5/F2/IC4W9931ODKZ8FFMP1TTOE" 4754
"../../../../../../Users/cjoyn/OneDrive/Documents/Unreal Projects/CIS488UnrealProject/TheMarbelousAscent/Content/__ExternalActors__/TutorialTest/5/F2/IC4W9931ODKZ8FFMP1TTOE.uasset" 4755
"../../../../../../Users/cjoyn/OneDrive/Documents/Unreal Projects/CIS488UnrealProject/TheMarbelousAscent/Content/__ExternalActors__/TutorialTest/E/UM/KKIY5R1M6PL257B89RZHH9.uasset" 4756
"../../../../../../Users/cjoyn/OneDrive/Documents/Unreal Projects/CIS488UnrealProject/TheMarbelousAscent/Content/Marble/Marbles/Models/FBX/Cateye/Color3.uasset" 4757
"../../../../../../Users/cjoyn/OneDrive/Documents/Unreal Projects/CIS488UnrealProject/TheMarbelousAscent/Content/Marble/Marbles/Models/FBX/Cateye/Cateye3.uasset" 4758
"/Game/__ExternalActors__/TutorialTest/9/75/A9VA69W57YRIQO2WWZFEVD" 4759
"../../../../../../Users/cjoyn/OneDrive/Documents/Unreal Projects/CIS488UnrealProject/TheMarbelousAscent/Content/__ExternalActors__/TutorialTest/9/75/A9VA69W57YRIQO2WWZFEVD.uasset" 4760
"/Game/__ExternalActors__/TutorialTest/C/Y0/ADX06R9DTTP3YTMPE01CQ4" 4761
"../../../../../../Users/cjoyn/OneDrive/Documents/Unreal Projects/CIS488UnrealProject/TheMarbelousAscent/Content/__ExternalActors__/TutorialTest/C/Y0/ADX06R9DTTP3YTMPE01CQ4.uasset" 4762
"../../../../../../Users/cjoyn/OneDrive/Documents/Unreal Projects/CIS488UnrealProject/TheMarbelousAscent/Content/Marble/Marbles/Models/FBX/Cateye/Color2.uasset" 4763
"../../../../../../Users/cjoyn/OneDrive/Documents/Unreal Projects/CIS488UnrealProject/TheMarbelousAscent/Content/Marble/Marbles/Models/FBX/Cateye/Cateye2.uasset" 4764
"/Game/__ExternalActors__/TutorialTest/5/DD/L8Y8ZKKPUQMJT2YKQY8PPA" 4765
"../../../../../../Users/cjoyn/OneDrive/Documents/Unreal Projects/CIS488UnrealProject/TheMarbelousAscent/Content/__ExternalActors__/TutorialTest/5/DD/L8Y8ZKKPUQMJT2YKQY8PPA.uasset" 4766
"/Game/__ExternalActors__/TutorialTest/5/CD/GUX71Y5WZBXD3YK8ECA85E" 4767
"../../../../../../Users/cjoyn/OneDrive/Documents/Unreal Projects/CIS488UnrealProject/TheMarbelousAscent/Content/__ExternalActors__/TutorialTest/5/CD/GUX71Y5WZBXD3YK8ECA85E.uasset" 4768
"/Game/__ExternalActors__/TutorialTest/5/AN/XBPPWQCPB7XUHPJWD4EBA2" 4769
"../../../../../../Users/cjoyn/OneDrive/Documents/Unreal Projects/CIS488UnrealProject/TheMarbelousAscent/Content/__ExternalActors__/TutorialTest/5/AN/XBPPWQCPB7XUHPJWD4EBA2.uasset" 4770
"/Game/__ExternalActors__/TutorialTest/5/4B/8U0B3M6I74NG66GFK4YIQY" 4771
"../../../../../../Users/cjoyn/OneDrive/Documents/Unreal Projects/CIS488UnrealProject/TheMarbelousAscent/Content/__ExternalActors__/TutorialTest/5/4B/8U0B3M6I74NG66GFK4YIQY.uasset" 4772
"/Game/__ExternalActors__/TutorialTest/5/15/R987LAN477AW5CJJD76F5N" 4773
"../../../../../../Users/cjoyn/OneDrive/Documents/Unreal Projects/CIS488UnrealProject/TheMarbelousAscent/Content/__ExternalActors__/TutorialTest/5/15/R987LAN477AW5CJJD76F5N.uasset" 4774
"/Game/__ExternalActors__/TutorialTest/5/0H/KH6YWXVQA8GXCD1LKCLKYF" 4775
"../../../../../../Users/cjoyn/OneDrive/Documents/Unreal Projects/CIS488UnrealProject/TheMarbelousAscent/Content/__ExternalActors__/TutorialTest/5/0H/KH6YWXVQA8GXCD1LKCLKYF.uasset" 4776
"/Game/__ExternalActors__/TutorialTest/4/XE/KRNV24RLA2FO7T030G0EBR" 4777
"../../../../../../Users/cjoyn/OneDrive/Documents/Unreal Projects/CIS488UnrealProject/TheMarbelousAscent/Content/__ExternalActors__/TutorialTest/4/XE/KRNV24RLA2FO7T030G0EBR.uasset" 4778
"/Game/__ExternalActors__/TutorialTest/3/KJ/HR6959X4OXL1SJ7SEGK8PV" 4779
"../../../../../../Users/cjoyn/OneDrive/Documents/Unreal Projects/CIS488UnrealProject/TheMarbelousAscent/Content/__ExternalActors__/TutorialTest/3/KJ/HR6959X4OXL1SJ7SEGK8PV.uasset" 4780
"/Game/__ExternalActors__/TutorialTest/3/KB/W1CNGX714ARUKFQS19B409" 4781
"../../../../../../Users/cjoyn/OneDrive/Documents/Unreal Projects/CIS488UnrealProject/TheMarbelousAscent/Content/__ExternalActors__/TutorialTest/3/KB/W1CNGX714ARUKFQS19B409.uasset" 4782
"/Game/__ExternalActors__/TutorialTest/3/I5/OGD2IAH08VAFOKV8O1EC5T" 4783
"../../../../../../Users/cjoyn/OneDrive/Documents/Unreal Projects/CIS488UnrealProject/TheMarbelousAscent/Content/__ExternalActors__/TutorialTest/3/I5/OGD2IAH08VAFOKV8O1EC5T.uasset" 4784
"/Game/__ExternalActors__/TutorialTest/3/31/OWAAVW240Q4KEDODBGWDPE" 4785
"../../../../../../Users/cjoyn/OneDrive/Documents/Unreal Projects/CIS488UnrealProject/TheMarbelousAscent/Content/__ExternalActors__/TutorialTest/3/31/OWAAVW240Q4KEDODBGWDPE.uasset" 4786
"/Game/__ExternalActors__/TutorialTest/2/UV/J7T3LDTL755L2CE7MSLLDK" 4787
"../../../../../../Users/cjoyn/OneDrive/Documents/Unreal Projects/CIS488UnrealProject/TheMarbelousAscent/Content/__ExternalActors__/TutorialTest/2/UV/J7T3LDTL755L2CE7MSLLDK.uasset" 4788
"/Game/__ExternalActors__/TutorialTest/2/E5/P8JFZ0FK3V1AVZ7OL2IBVZ" 4789
"../../../../../../Users/cjoyn/OneDrive/Documents/Unreal Projects/CIS488UnrealProject/TheMarbelousAscent/Content/__ExternalActors__/TutorialTest/2/E5/P8JFZ0FK3V1AVZ7OL2IBVZ.uasset" 4790
"/Game/__ExternalActors__/TutorialTest/1/N6/X9ZTCUM1976YOXXVEQFQFA" 4791
"../../../../../../Users/cjoyn/OneDrive/Documents/Unreal Projects/CIS488UnrealProject/TheMarbelousAscent/Content/__ExternalActors__/TutorialTest/1/N6/X9ZTCUM1976YOXXVEQFQFA.uasset" 4792
"/Game/__ExternalActors__/TutorialTest/7/H7/T0P0VW6G4GBXS7BAIXBY0B" 4793
"../../../../../../Users/cjoyn/OneDrive/Documents/Unreal Projects/CIS488UnrealProject/TheMarbelousAscent/Content/__ExternalActors__/TutorialTest/7/H7/T0P0VW6G4GBXS7BAIXBY0B.uasset" 4794
"/Game/__ExternalActors__/TutorialTest/7/97/9MPH8Z0QDZIMIB8H6OM6O4" 4795
"../../../../../../Users/cjoyn/OneDrive/Documents/Unreal Projects/CIS488UnrealProject/TheMarbelousAscent/Content/__ExternalActors__/TutorialTest/7/97/9MPH8Z0QDZIMIB8H6OM6O4.uasset" 4796
"../../../../../../Users/cjoyn/OneDrive/Documents/Unreal Projects/CIS488UnrealProject/TheMarbelousAscent/Content/__ExternalActors__/TutorialTest/D/M5/8SQQ0OAS2SCBYPZ98DKMOM.uasset" 4797
"../../../../../../Users/cjoyn/OneDrive/Documents/Unreal Projects/CIS488UnrealProject/TheMarbelousAscent/Content/Marble/Marbles/Models/FBX/Cateye/Color1.uasset" 4798
"../../../../../../Users/cjoyn/OneDrive/Documents/Unreal Projects/CIS488UnrealProject/TheMarbelousAscent/Content/Marble/Marbles/Models/FBX/Cateye/Cateye1.uasset" 4799
"/Game/__ExternalActors__/TutorialTest/6/DA/18FN9V450SP7BRQTNHICXQ" 4800
"../../../../../../Users/cjoyn/OneDrive/Documents/Unreal Projects/CIS488UnrealProject/TheMarbelousAscent/Content/__ExternalActors__/TutorialTest/6/DA/18FN9V450SP7BRQTNHICXQ.uasset" 4801
"/Game/__ExternalActors__/TutorialTest/6/A5/15FT3KCTYMFOUZWKEPBAFA" 4802
"../../../../../../Users/cjoyn/OneDrive/Documents/Unreal Projects/CIS488UnrealProject/TheMarbelousAscent/Content/__ExternalActors__/TutorialTest/6/A5/15FT3KCTYMFOUZWKEPBAFA.uasset" 4803
"/Game/__ExternalActors__/TutorialTest/6/9L/2S33MIE2M28RJG4DBQWUMK" 4804
"../../../../../../Users/cjoyn/OneDrive/Documents/Unreal Projects/CIS488UnrealProject/TheMarbelousAscent/Content/__ExternalActors__/TutorialTest/6/9L/2S33MIE2M28RJG4DBQWUMK.uasset" 4805
"/Game/__ExternalActors__/TutorialTest/6/4J/1LDCAXVERUGNOGUEVOKOAV" 4806
"../../../../../../Users/cjoyn/OneDrive/Documents/Unreal Projects/CIS488UnrealProject/TheMarbelousAscent/Content/__ExternalActors__/TutorialTest/6/4J/1LDCAXVERUGNOGUEVOKOAV.uasset" 4807
"/Game/__ExternalActors__/TutorialTest/5/Y8/M8JBLSWPC9QYNMQ4ENP0TI" 4808
"../../../../../../Users/cjoyn/OneDrive/Documents/Unreal Projects/CIS488UnrealProject/TheMarbelousAscent/Content/__ExternalActors__/TutorialTest/5/Y8/M8JBLSWPC9QYNMQ4ENP0TI.uasset" 4809
"/Game/__ExternalActors__/TutorialTest/5/MF/4IVQV903KS4O9Z6MZ00W5T" 4810
"../../../../../../Users/cjoyn/OneDrive/Documents/Unreal Projects/CIS488UnrealProject/TheMarbelousAscent/Content/__ExternalActors__/TutorialTest/5/MF/4IVQV903KS4O9Z6MZ00W5T.uasset" 4811
"/Engine/Functions/Engine_MaterialFunctions01/Gradient/LinearGradient" 4812
"/Engine/Functions/Engine_MaterialFunctions01/ImageAdjustment/CheapContrast" 4813
"/Engine/Functions/Engine_MaterialFunctions03/Blends/Blend_Overlay" 4814
"/Engine/OpenWorldTemplate/LandscapeMaterial/MF_ProcGrid" 4815
"../../../Engine/Plugins/Animation/ControlRig/Content/Controls/ControlRig_Wedge_3mm.uasset" 4816
"../../../Engine/Plugins/Animation/ControlRig/Content/Controls/ControlRig_Triangle_solid.uasset" 4817
"../../../Engine/Content/EditorMaterials/PreviewShadowIndicator.uasset" 4818
"../../../Engine/Content/EditorMaterials/PreviewShadowIndicatorMaterial.uasset" 4819
"../../../Engine/Plugins/Animation/ControlRig/Content/Controls/ControlRig_Wedge_1mm.uasset" 4820
"../../../Engine/Plugins/Animation/ControlRig/Content/Controls/ControlRig_Wedge_solid.uasset" 4821
"../../../Engine/Content/Maps/Entry_BuiltData.uasset" 4822
"../../../Engine/Content/EngineMaterials/Substrate/GLints/dict_16_192_64_0p5_0p02_0063_0014.uasset" 4823
"../../../Engine/Content/EngineMaterials/Substrate/GLints/dict_16_192_64_0p5_0p02_0063_0015.uasset" 4824
"../../../Engine/Content/Maps/Entry.umap" 4825
"../../../Engine/Content/EngineMaterials/Substrate/GLints/dict_16_192_64_0p5_0p02_0063_0013.uasset" 4826
"../../../Engine/Content/EngineMaterials/Substrate/GLints/dict_16_192_64_0p5_0p02_0063_0010.uasset" 4827
"../../../Engine/Content/EngineMaterials/Substrate/GLints/dict_16_192_64_0p5_0p02_0063_0009.uasset" 4828
"../../../Engine/Content/EngineMaterials/Substrate/GLints/dict_16_192_64_0p5_0p02_0063_0008.uasset" 4829
"../../../Engine/Content/EngineMaterials/Substrate/GLints/dict_16_192_64_0p5_0p02_0063_0007.uasset" 4830
"../../../Engine/Content/EngineMaterials/Substrate/GLints/dict_16_192_64_0p5_0p02_0063_0006.uasset" 4831
"../../../Engine/Content/EngineMaterials/Substrate/GLints/dict_16_192_64_0p5_0p02_0063_0012.uasset" 4832
"../../../Engine/Content/EngineMaterials/Substrate/GLints/dict_16_192_64_0p5_0p02_0063_0004.uasset" 4833
"../../../Engine/Content/EngineMaterials/Substrate/GLints/dict_16_192_64_0p5_0p02_0063_0003.uasset" 4834
"../../../Engine/Content/EngineMaterials/Substrate/GLints/dict_16_192_64_0p5_0p02_0063_0005.uasset" 4835
"../../../Engine/Content/EngineMaterials/Substrate/GLints/dict_16_192_64_0p5_0p02_0062_0015.uasset" 4836
"../../../Engine/Content/EngineMaterials/Substrate/GLints/dict_16_192_64_0p5_0p02_0062_0014.uasset" 4837
"../../../Engine/Content/EngineMaterials/Substrate/GLints/dict_16_192_64_0p5_0p02_0063_0000.uasset" 4838
"../../../Engine/Content/EngineMaterials/Substrate/GLints/dict_16_192_64_0p5_0p02_0062_0010.uasset" 4839
"../../../Engine/Content/EngineMaterials/Substrate/GLints/dict_16_192_64_0p5_0p02_0062_0008.uasset" 4840
"../../../Engine/Content/EngineMaterials/Substrate/GLints/dict_16_192_64_0p5_0p02_0062_0009.uasset" 4841
"../../../Engine/Content/EngineMaterials/Substrate/GLints/dict_16_192_64_0p5_0p02_0062_0013.uasset" 4842
"../../../Engine/Content/EngineMaterials/Substrate/GLints/dict_16_192_64_0p5_0p02_0063_0011.uasset" 4843
"../../../Engine/Content/EngineMaterials/Substrate/GLints/dict_16_192_64_0p5_0p02_0063_0001.uasset" 4844
"../../../Engine/Content/EngineMaterials/Substrate/GLints/dict_16_192_64_0p5_0p02_0063_0002.uasset" 4845
"../../../Engine/Content/EngineMaterials/Substrate/GLints/dict_16_192_64_0p5_0p02_0062_0011.uasset" 4846
"/Engine/EngineMaterials/Substrate/GLints/dict_16_192_64_0p5_0p02_0062_0008" 4847
"/Engine/EngineMaterials/Substrate/GLints/dict_16_192_64_0p5_0p02_0062_0009" 4848
"/Engine/EngineMaterials/Substrate/GLints/dict_16_192_64_0p5_0p02_0062_0010" 4849
"/Engine/EngineMaterials/Substrate/GLints/dict_16_192_64_0p5_0p02_0062_0011" 4850
"/Engine/EngineMaterials/Substrate/GLints/dict_16_192_64_0p5_0p02_0062_0013" 4851
"/Engine/EngineMaterials/Substrate/GLints/dict_16_192_64_0p5_0p02_0062_0014" 4852
"/Engine/EngineMaterials/Substrate/GLints/dict_16_192_64_0p5_0p02_0062_0015" 4853
"/Engine/EngineMaterials/Substrate/GLints/dict_16_192_64_0p5_0p02_0063_0000" 4854
"/Engine/EngineMaterials/Substrate/GLints/dict_16_192_64_0p5_0p02_0063_0001" 4855
"/Engine/EngineMaterials/Substrate/GLints/dict_16_192_64_0p5_0p02_0063_0002" 4856
"/Engine/EngineMaterials/Substrate/GLints/dict_16_192_64_0p5_0p02_0063_0003" 4857
"/Engine/EngineMaterials/Substrate/GLints/dict_16_192_64_0p5_0p02_0063_0004" 4858
"/Engine/EngineMaterials/Substrate/GLints/dict_16_192_64_0p5_0p02_0063_0005" 4859
"/Engine/EngineMaterials/Substrate/GLints/dict_16_192_64_0p5_0p02_0063_0006" 4860
"/Engine/EngineMaterials/Substrate/GLints/dict_16_192_64_0p5_0p02_0063_0007" 4861
"/Engine/EngineMaterials/Substrate/GLints/dict_16_192_64_0p5_0p02_0063_0008" 4862
"/Engine/EngineMaterials/Substrate/GLints/dict_16_192_64_0p5_0p02_0063_0009" 4863
"/Engine/EngineMaterials/Substrate/GLints/dict_16_192_64_0p5_0p02_0063_0010" 4864
"/Engine/EngineMaterials/Substrate/GLints/dict_16_192_64_0p5_0p02_0063_0011" 4865
"/Engine/EngineMaterials/Substrate/GLints/dict_16_192_64_0p5_0p02_0063_0012" 4866
"/Engine/EngineMaterials/Substrate/GLints/dict_16_192_64_0p5_0p02_0063_0013" 4867
"/Engine/EngineMaterials/Substrate/GLints/dict_16_192_64_0p5_0p02_0063_0014" 4868
"/Engine/EngineMaterials/Substrate/GLints/dict_16_192_64_0p5_0p02_0063_0015" 4869
"/Engine/EditorMaterials/PreviewShadowIndicatorMaterial" 4870
"/Engine/Maps/Entry" 4871
"/ControlRig/Controls/ControlRig_Wedge_solid" 4872
"/ControlRig/Controls/ControlRig_Wedge_3mm" 4873
"/ControlRig/Controls/ControlRig_Wedge_1mm" 4874
"/ControlRig/Controls/ControlRig_Triangle_solid" 4875
"../../../Engine/Content/EngineMaterials/Substrate/GLints/dict_16_192_64_0p5_0p02_0062_0006.uasset" 4876
"../../../Engine/Content/EngineMaterials/Substrate/GLints/dict_16_192_64_0p5_0p02_0062_0007.uasset" 4877
"../../../Engine/Content/EngineMaterials/Substrate/GLints/dict_16_192_64_0p5_0p02_0062_0005.uasset" 4878
"../../../Engine/Content/EngineMaterials/Substrate/GLints/dict_16_192_64_0p5_0p02_0062_0012.uasset" 4879
"../../../Engine/Content/EngineMaterials/Substrate/GLints/dict_16_192_64_0p5_0p02_0062_0004.uasset" 4880
"../../../Engine/Content/EngineMaterials/Substrate/GLints/dict_16_192_64_0p5_0p02_0062_0003.uasset" 4881
"../../../Engine/Content/EngineMaterials/Substrate/GLints/dict_16_192_64_0p5_0p02_0062_0001.uasset" 4882
"../../../Engine/Content/EngineMaterials/Substrate/GLints/dict_16_192_64_0p5_0p02_0062_0000.uasset" 4883
"../../../Engine/Content/EngineMaterials/Substrate/GLints/dict_16_192_64_0p5_0p02_0061_0015.uasset" 4884
"../../../Engine/Content/EngineMaterials/Substrate/GLints/dict_16_192_64_0p5_0p02_0061_0013.uasset" 4885
"../../../Engine/Content/EngineMaterials/Substrate/GLints/dict_16_192_64_0p5_0p02_0061_0014.uasset" 4886
"../../../Engine/Content/EngineMaterials/Substrate/GLints/dict_16_192_64_0p5_0p02_0061_0011.uasset" 4887
"../../../Engine/Content/EngineMaterials/Substrate/GLints/dict_16_192_64_0p5_0p02_0061_0012.uasset" 4888
"../../../Engine/Content/EngineMaterials/Substrate/GLints/dict_16_192_64_0p5_0p02_0061_0010.uasset" 4889
"../../../Engine/Content/EngineMaterials/Substrate/GLints/dict_16_192_64_0p5_0p02_0062_0002.uasset" 4890
"../../../Engine/Content/EngineMaterials/Substrate/GLints/dict_16_192_64_0p5_0p02_0061_0009.uasset" 4891
"../../../Engine/Content/EngineMaterials/Substrate/GLints/dict_16_192_64_0p5_0p02_0061_0008.uasset" 4892
"../../../Engine/Content/EngineMaterials/Substrate/GLints/dict_16_192_64_0p5_0p02_0061_0007.uasset" 4893
"../../../Engine/Content/EngineMaterials/Substrate/GLints/dict_16_192_64_0p5_0p02_0061_0006.uasset" 4894
"../../../Engine/Content/EngineMaterials/Substrate/GLints/dict_16_192_64_0p5_0p02_0061_0004.uasset" 4895
"../../../Engine/Content/EngineMaterials/Substrate/GLints/dict_16_192_64_0p5_0p02_0061_0003.uasset" 4896
"../../../Engine/Content/EngineMaterials/Substrate/GLints/dict_16_192_64_0p5_0p02_0061_0005.uasset" 4897
"../../../Engine/Content/EngineMaterials/Substrate/GLints/dict_16_192_64_0p5_0p02_0061_0002.uasset" 4898
"../../../Engine/Content/EngineMaterials/Substrate/GLints/dict_16_192_64_0p5_0p02_0060_0015.uasset" 4899
"../../../Engine/Content/EngineMaterials/Substrate/GLints/dict_16_192_64_0p5_0p02_0061_0000.uasset" 4900
"../../../Engine/Content/EngineMaterials/Substrate/GLints/dict_16_192_64_0p5_0p02_0061_0001.uasset" 4901
"../../../Engine/Content/EngineMaterials/Substrate/GLints/dict_16_192_64_0p5_0p02_0060_0011.uasset" 4902
"../../../Engine/Content/EngineMaterials/Substrate/GLints/dict_16_192_64_0p5_0p02_0060_0012.uasset" 4903
"../../../Engine/Content/EngineMaterials/Substrate/GLints/dict_16_192_64_0p5_0p02_0060_0013.uasset" 4904
"../../../Engine/Content/EngineMaterials/Substrate/GLints/dict_16_192_64_0p5_0p02_0060_0014.uasset" 4905
"../../../Engine/Content/EngineMaterials/Substrate/GLints/dict_16_192_64_0p5_0p02_0060_0010.uasset" 4906
"../../../Engine/Content/EngineMaterials/Substrate/GLints/dict_16_192_64_0p5_0p02_0060_0009.uasset" 4907
"/Engine/EngineMaterials/Substrate/GLints/dict_16_192_64_0p5_0p02_0060_0009" 4908
"/Engine/EngineMaterials/Substrate/GLints/dict_16_192_64_0p5_0p02_0060_0010" 4909
"/Engine/EngineMaterials/Substrate/GLints/dict_16_192_64_0p5_0p02_0060_0011" 4910
"/Engine/EngineMaterials/Substrate/GLints/dict_16_192_64_0p5_0p02_0060_0012" 4911
"/Engine/EngineMaterials/Substrate/GLints/dict_16_192_64_0p5_0p02_0062_0012" 4912
"/Engine/EngineMaterials/Substrate/GLints/dict_16_192_64_0p5_0p02_0060_0013" 4913
"/Engine/EngineMaterials/Substrate/GLints/dict_16_192_64_0p5_0p02_0060_0014" 4914
"/Engine/EngineMaterials/Substrate/GLints/dict_16_192_64_0p5_0p02_0060_0015" 4915
"/Engine/EngineMaterials/Substrate/GLints/dict_16_192_64_0p5_0p02_0061_0000" 4916
"/Engine/EngineMaterials/Substrate/GLints/dict_16_192_64_0p5_0p02_0061_0001" 4917
"/Engine/EngineMaterials/Substrate/GLints/dict_16_192_64_0p5_0p02_0061_0002" 4918
"/Engine/EngineMaterials/Substrate/GLints/dict_16_192_64_0p5_0p02_0061_0003" 4919
"/Engine/EngineMaterials/Substrate/GLints/dict_16_192_64_0p5_0p02_0061_0004" 4920
"/Engine/EngineMaterials/Substrate/GLints/dict_16_192_64_0p5_0p02_0061_0005" 4921
"/Engine/EngineMaterials/Substrate/GLints/dict_16_192_64_0p5_0p02_0061_0006" 4922
"/Engine/EngineMaterials/Substrate/GLints/dict_16_192_64_0p5_0p02_0061_0007" 4923
"/Engine/EngineMaterials/Substrate/GLints/dict_16_192_64_0p5_0p02_0061_0008" 4924
"/Engine/EngineMaterials/Substrate/GLints/dict_16_192_64_0p5_0p02_0061_0009" 4925
"/Engine/EngineMaterials/Substrate/GLints/dict_16_192_64_0p5_0p02_0061_0010" 4926
"/Engine/EngineMaterials/Substrate/GLints/dict_16_192_64_0p5_0p02_0061_0011" 4927
"/Engine/EngineMaterials/Substrate/GLints/dict_16_192_64_0p5_0p02_0061_0012" 4928
"/Engine/EngineMaterials/Substrate/GLints/dict_16_192_64_0p5_0p02_0061_0013" 4929
"/Engine/EngineMaterials/Substrate/GLints/dict_16_192_64_0p5_0p02_0061_0014" 4930
"/Engine/EngineMaterials/Substrate/GLints/dict_16_192_64_0p5_0p02_0061_0015" 4931
"/Engine/EngineMaterials/Substrate/GLints/dict_16_192_64_0p5_0p02_0062_0000" 4932
"/Engine/EngineMaterials/Substrate/GLints/dict_16_192_64_0p5_0p02_0062_0001" 4933
"/Engine/EngineMaterials/Substrate/GLints/dict_16_192_64_0p5_0p02_0062_0002" 4934
"/Engine/EngineMaterials/Substrate/GLints/dict_16_192_64_0p5_0p02_0062_0003" 4935
"/Engine/EngineMaterials/Substrate/GLints/dict_16_192_64_0p5_0p02_0062_0004" 4936
"/Engine/EngineMaterials/Substrate/GLints/dict_16_192_64_0p5_0p02_0062_0005" 4937
"/Engine/EngineMaterials/Substrate/GLints/dict_16_192_64_0p5_0p02_0062_0006" 4938
"/Engine/EngineMaterials/Substrate/GLints/dict_16_192_64_0p5_0p02_0062_0007" 4939
"../../../Engine/Content/EngineMaterials/Substrate/GLints/dict_16_192_64_0p5_0p02_0060_0008.uasset" 4940
"../../../Engine/Content/EngineMaterials/Substrate/GLints/dict_16_192_64_0p5_0p02_0060_0007.uasset" 4941
"../../../Engine/Content/EngineMaterials/Substrate/GLints/dict_16_192_64_0p5_0p02_0060_0005.uasset" 4942
"../../../Engine/Content/EngineMaterials/Substrate/GLints/dict_16_192_64_0p5_0p02_0060_0006.uasset" 4943
"../../../Engine/Content/EngineMaterials/Substrate/GLints/dict_16_192_64_0p5_0p02_0060_0004.uasset" 4944
"../../../Engine/Content/EngineMaterials/Substrate/GLints/dict_16_192_64_0p5_0p02_0060_0003.uasset" 4945
"../../../Engine/Content/EngineMaterials/Substrate/GLints/dict_16_192_64_0p5_0p02_0060_0002.uasset" 4946
"../../../Engine/Content/EngineMaterials/Substrate/GLints/dict_16_192_64_0p5_0p02_0060_0001.uasset" 4947
"../../../Engine/Content/EngineMaterials/Substrate/GLints/dict_16_192_64_0p5_0p02_0060_0000.uasset" 4948
"/Engine/EngineMaterials/Substrate/GLints/dict_16_192_64_0p5_0p02_0060_0000" 4949
"/Engine/EngineMaterials/Substrate/GLints/dict_16_192_64_0p5_0p02_0060_0001" 4950
"/Engine/EngineMaterials/Substrate/GLints/dict_16_192_64_0p5_0p02_0060_0002" 4951
"/Engine/EngineMaterials/Substrate/GLints/dict_16_192_64_0p5_0p02_0060_0003" 4952
"/Engine/EngineMaterials/Substrate/GLints/dict_16_192_64_0p5_0p02_0060_0004" 4953
"/Engine/EngineMaterials/Substrate/GLints/dict_16_192_64_0p5_0p02_0060_0005" 4954
"/Engine/EngineMaterials/Substrate/GLints/dict_16_192_64_0p5_0p02_0060_0006" 4955
"/Engine/EngineMaterials/Substrate/GLints/dict_16_192_64_0p5_0p02_0060_0007" 4956
"/Engine/EngineMaterials/Substrate/GLints/dict_16_192_64_0p5_0p02_0060_0008" 4957
"../../../Engine/Content/EngineMaterials/Substrate/GLints/dict_16_192_64_0p5_0p02_0059_0015.uasset" 4958
"/Engine/EngineMaterials/Substrate/GLints/dict_16_192_64_0p5_0p02_0059_0015" 4959
"../../../Engine/Content/EngineMaterials/Substrate/GLints/dict_16_192_64_0p5_0p02_0059_0014.uasset" 4960
"/Engine/EngineMaterials/Substrate/GLints/dict_16_192_64_0p5_0p02_0059_0014" 4961
"../../../Engine/Content/EngineMaterials/Substrate/GLints/dict_16_192_64_0p5_0p02_0059_0012.uasset" 4962
"../../../Engine/Content/EngineMaterials/Substrate/GLints/dict_16_192_64_0p5_0p02_0059_0013.uasset" 4963
"/Engine/EngineMaterials/Substrate/GLints/dict_16_192_64_0p5_0p02_0059_0012" 4964
"/Engine/EngineMaterials/Substrate/GLints/dict_16_192_64_0p5_0p02_0059_0013" 4965
"../../../Engine/Content/EngineMaterials/Substrate/GLints/dict_16_192_64_0p5_0p02_0059_0010.uasset" 4966
"/Engine/EngineMaterials/Substrate/GLints/dict_16_192_64_0p5_0p02_0059_0010" 4967
"../../../Engine/Content/EngineMaterials/Substrate/GLints/dict_16_192_64_0p5_0p02_0059_0011.uasset" 4968
"/Engine/EngineMaterials/Substrate/GLints/dict_16_192_64_0p5_0p02_0059_0011" 4969
"../../../Engine/Content/EngineMaterials/Substrate/GLints/dict_16_192_64_0p5_0p02_0059_0008.uasset" 4970
"../../../Engine/Content/EngineMaterials/Substrate/GLints/dict_16_192_64_0p5_0p02_0059_0009.uasset" 4971
"/Engine/EngineMaterials/Substrate/GLints/dict_16_192_64_0p5_0p02_0059_0008" 4972
"/Engine/EngineMaterials/Substrate/GLints/dict_16_192_64_0p5_0p02_0059_0009" 4973
"../../../Engine/Content/EngineMaterials/Substrate/GLints/dict_16_192_64_0p5_0p02_0059_0007.uasset" 4974
"../../../Engine/Content/EngineMaterials/Substrate/GLints/dict_16_192_64_0p5_0p02_0059_0006.uasset" 4975
"/Engine/EngineMaterials/Substrate/GLints/dict_16_192_64_0p5_0p02_0059_0006" 4976
"/Engine/EngineMaterials/Substrate/GLints/dict_16_192_64_0p5_0p02_0059_0007" 4977
"../../../Engine/Content/EngineMaterials/Substrate/GLints/dict_16_192_64_0p5_0p02_0059_0005.uasset" 4978
"../../../Engine/Content/EngineMaterials/Substrate/GLints/dict_16_192_64_0p5_0p02_0059_0004.uasset" 4979
"/Engine/EngineMaterials/Substrate/GLints/dict_16_192_64_0p5_0p02_0059_0004" 4980
"/Engine/EngineMaterials/Substrate/GLints/dict_16_192_64_0p5_0p02_0059_0005" 4981
"../../../Engine/Content/EngineMaterials/Substrate/GLints/dict_16_192_64_0p5_0p02_0059_0002.uasset" 4982
"../../../Engine/Content/EngineMaterials/Substrate/GLints/dict_16_192_64_0p5_0p02_0059_0003.uasset" 4983
"/Engine/EngineMaterials/Substrate/GLints/dict_16_192_64_0p5_0p02_0059_0002" 4984
"/Engine/EngineMaterials/Substrate/GLints/dict_16_192_64_0p5_0p02_0059_0003" 4985
"../../../Engine/Content/EngineMaterials/Substrate/GLints/dict_16_192_64_0p5_0p02_0059_0001.uasset" 4986
"../../../Engine/Content/EngineMaterials/Substrate/GLints/dict_16_192_64_0p5_0p02_0059_0000.uasset" 4987
"/Engine/EngineMaterials/Substrate/GLints/dict_16_192_64_0p5_0p02_0059_0000" 4988
"/Engine/EngineMaterials/Substrate/GLints/dict_16_192_64_0p5_0p02_0059_0001" 4989
"../../../Engine/Content/EngineMaterials/Substrate/GLints/dict_16_192_64_0p5_0p02_0058_0015.uasset" 4990
"/Engine/EngineMaterials/Substrate/GLints/dict_16_192_64_0p5_0p02_0058_0015" 4991
"../../../Engine/Content/EngineMaterials/Substrate/GLints/dict_16_192_64_0p5_0p02_0058_0014.uasset" 4992
"../../../Engine/Content/EngineMaterials/Substrate/GLints/dict_16_192_64_0p5_0p02_0058_0013.uasset" 4993
"/Engine/EngineMaterials/Substrate/GLints/dict_16_192_64_0p5_0p02_0058_0013" 4994
"/Engine/EngineMaterials/Substrate/GLints/dict_16_192_64_0p5_0p02_0058_0014" 4995
"../../../Engine/Content/EngineMaterials/Substrate/GLints/dict_16_192_64_0p5_0p02_0058_0012.uasset" 4996
"/Engine/EngineMaterials/Substrate/GLints/dict_16_192_64_0p5_0p02_0058_0012" 4997
"../../../Engine/Content/EngineMaterials/Substrate/GLints/dict_16_192_64_0p5_0p02_0058_0011.uasset" 4998
"/Engine/EngineMaterials/Substrate/GLints/dict_16_192_64_0p5_0p02_0058_0011" 4999
"../../../Engine/Content/EngineMaterials/Substrate/GLints/dict_16_192_64_0p5_0p02_0058_0009.uasset" 5000
"../../../Engine/Content/EngineMaterials/Substrate/GLints/dict_16_192_64_0p5_0p02_0058_0010.uasset" 5001
"/Engine/EngineMaterials/Substrate/GLints/dict_16_192_64_0p5_0p02_0058_0009" 5002
"/Engine/EngineMaterials/Substrate/GLints/dict_16_192_64_0p5_0p02_0058_0010" 5003
"../../../Engine/Content/EngineMaterials/Substrate/GLints/dict_16_192_64_0p5_0p02_0058_0008.uasset" 5004
"../../../Engine/Content/EngineMaterials/Substrate/GLints/dict_16_192_64_0p5_0p02_0058_0007.uasset" 5005
"/Engine/EngineMaterials/Substrate/GLints/dict_16_192_64_0p5_0p02_0058_0007" 5006
"/Engine/EngineMaterials/Substrate/GLints/dict_16_192_64_0p5_0p02_0058_0008" 5007
"../../../Engine/Content/EngineMaterials/Substrate/GLints/dict_16_192_64_0p5_0p02_0058_0006.uasset" 5008
"../../../Engine/Content/EngineMaterials/Substrate/GLints/dict_16_192_64_0p5_0p02_0058_0005.uasset" 5009
"/Engine/EngineMaterials/Substrate/GLints/dict_16_192_64_0p5_0p02_0058_0005" 5010
"/Engine/EngineMaterials/Substrate/GLints/dict_16_192_64_0p5_0p02_0058_0006" 5011
"../../../Engine/Content/EngineMaterials/Substrate/GLints/dict_16_192_64_0p5_0p02_0058_0003.uasset" 5012
"../../../Engine/Content/EngineMaterials/Substrate/GLints/dict_16_192_64_0p5_0p02_0058_0004.uasset" 5013
"/Engine/EngineMaterials/Substrate/GLints/dict_16_192_64_0p5_0p02_0058_0003" 5014
"/Engine/EngineMaterials/Substrate/GLints/dict_16_192_64_0p5_0p02_0058_0004" 5015
"../../../Engine/Content/EngineMaterials/Substrate/GLints/dict_16_192_64_0p5_0p02_0058_0002.uasset" 5016
"../../../Engine/Content/EngineMaterials/Substrate/GLints/dict_16_192_64_0p5_0p02_0058_0001.uasset" 5017
"/Engine/EngineMaterials/Substrate/GLints/dict_16_192_64_0p5_0p02_0058_0001" 5018
"/Engine/EngineMaterials/Substrate/GLints/dict_16_192_64_0p5_0p02_0058_0002" 5019
"../../../Engine/Content/EngineMaterials/Substrate/GLints/dict_16_192_64_0p5_0p02_0057_0015.uasset" 5020
"../../../Engine/Content/EngineMaterials/Substrate/GLints/dict_16_192_64_0p5_0p02_0058_0000.uasset" 5021
"/Engine/EngineMaterials/Substrate/GLints/dict_16_192_64_0p5_0p02_0057_0015" 5022
"/Engine/EngineMaterials/Substrate/GLints/dict_16_192_64_0p5_0p02_0058_0000" 5023
"../../../Engine/Content/EngineMaterials/Substrate/GLints/dict_16_192_64_0p5_0p02_0057_0013.uasset" 5024
"../../../Engine/Content/EngineMaterials/Substrate/GLints/dict_16_192_64_0p5_0p02_0057_0014.uasset" 5025
"/Engine/EngineMaterials/Substrate/GLints/dict_16_192_64_0p5_0p02_0057_0013" 5026
"/Engine/EngineMaterials/Substrate/GLints/dict_16_192_64_0p5_0p02_0057_0014" 5027
"../../../Engine/Content/EngineMaterials/Substrate/GLints/dict_16_192_64_0p5_0p02_0057_0011.uasset" 5028
"../../../Engine/Content/EngineMaterials/Substrate/GLints/dict_16_192_64_0p5_0p02_0057_0012.uasset" 5029
"/Engine/EngineMaterials/Substrate/GLints/dict_16_192_64_0p5_0p02_0057_0011" 5030
"/Engine/EngineMaterials/Substrate/GLints/dict_16_192_64_0p5_0p02_0057_0012" 5031
"../../../Engine/Content/EngineMaterials/Substrate/GLints/dict_16_192_64_0p5_0p02_0057_0009.uasset" 5032
"../../../Engine/Content/EngineMaterials/Substrate/GLints/dict_16_192_64_0p5_0p02_0057_0010.uasset" 5033
"/Engine/EngineMaterials/Substrate/GLints/dict_16_192_64_0p5_0p02_0057_0009" 5034
"/Engine/EngineMaterials/Substrate/GLints/dict_16_192_64_0p5_0p02_0057_0010" 5035
"../../../Engine/Content/EngineMaterials/Substrate/GLints/dict_16_192_64_0p5_0p02_0057_0007.uasset" 5036
"../../../Engine/Content/EngineMaterials/Substrate/GLints/dict_16_192_64_0p5_0p02_0057_0008.uasset" 5037
"/Engine/EngineMaterials/Substrate/GLints/dict_16_192_64_0p5_0p02_0057_0007" 5038
"/Engine/EngineMaterials/Substrate/GLints/dict_16_192_64_0p5_0p02_0057_0008" 5039
"../../../Engine/Content/EngineMaterials/Substrate/GLints/dict_16_192_64_0p5_0p02_0057_0006.uasset" 5040
"../../../Engine/Content/EngineMaterials/Substrate/GLints/dict_16_192_64_0p5_0p02_0057_0005.uasset" 5041
"/Engine/EngineMaterials/Substrate/GLints/dict_16_192_64_0p5_0p02_0057_0005" 5042
"/Engine/EngineMaterials/Substrate/GLints/dict_16_192_64_0p5_0p02_0057_0006" 5043
"../../../Engine/Content/EngineMaterials/Substrate/GLints/dict_16_192_64_0p5_0p02_0057_0003.uasset" 5044
"../../../Engine/Content/EngineMaterials/Substrate/GLints/dict_16_192_64_0p5_0p02_0057_0004.uasset" 5045
"/Engine/EngineMaterials/Substrate/GLints/dict_16_192_64_0p5_0p02_0057_0003" 5046
"/Engine/EngineMaterials/Substrate/GLints/dict_16_192_64_0p5_0p02_0057_0004" 5047
"../../../Engine/Content/EngineMaterials/Substrate/GLints/dict_16_192_64_0p5_0p02_0057_0001.uasset" 5048
"../../../Engine/Content/EngineMaterials/Substrate/GLints/dict_16_192_64_0p5_0p02_0057_0002.uasset" 5049
"/Engine/EngineMaterials/Substrate/GLints/dict_16_192_64_0p5_0p02_0057_0001" 5050
"/Engine/EngineMaterials/Substrate/GLints/dict_16_192_64_0p5_0p02_0057_0002" 5051
"../../../Engine/Content/EngineMaterials/Substrate/GLints/dict_16_192_64_0p5_0p02_0056_0015.uasset" 5052
"../../../Engine/Content/EngineMaterials/Substrate/GLints/dict_16_192_64_0p5_0p02_0057_0000.uasset" 5053
"/Engine/EngineMaterials/Substrate/GLints/dict_16_192_64_0p5_0p02_0056_0015" 5054
"/Engine/EngineMaterials/Substrate/GLints/dict_16_192_64_0p5_0p02_0057_0000" 5055
"../../../Engine/Content/EngineMaterials/Substrate/GLints/dict_16_192_64_0p5_0p02_0056_0014.uasset" 5056
"../../../Engine/Content/EngineMaterials/Substrate/GLints/dict_16_192_64_0p5_0p02_0056_0013.uasset" 5057
"/Engine/EngineMaterials/Substrate/GLints/dict_16_192_64_0p5_0p02_0056_0013" 5058
"/Engine/EngineMaterials/Substrate/GLints/dict_16_192_64_0p5_0p02_0056_0014" 5059
"../../../Engine/Content/EngineMaterials/Substrate/GLints/dict_16_192_64_0p5_0p02_0056_0011.uasset" 5060
"../../../Engine/Content/EngineMaterials/Substrate/GLints/dict_16_192_64_0p5_0p02_0056_0012.uasset" 5061
"/Engine/EngineMaterials/Substrate/GLints/dict_16_192_64_0p5_0p02_0056_0011" 5062
"/Engine/EngineMaterials/Substrate/GLints/dict_16_192_64_0p5_0p02_0056_0012" 5063
"../../../Engine/Content/EngineMaterials/Substrate/GLints/dict_16_192_64_0p5_0p02_0056_0009.uasset" 5064
"../../../Engine/Content/EngineMaterials/Substrate/GLints/dict_16_192_64_0p5_0p02_0056_0010.uasset" 5065
"/Engine/EngineMaterials/Substrate/GLints/dict_16_192_64_0p5_0p02_0056_0009" 5066
"/Engine/EngineMaterials/Substrate/GLints/dict_16_192_64_0p5_0p02_0056_0010" 5067
"../../../Engine/Content/EngineMaterials/Substrate/GLints/dict_16_192_64_0p5_0p02_0056_0007.uasset" 5068
"../../../Engine/Content/EngineMaterials/Substrate/GLints/dict_16_192_64_0p5_0p02_0056_0008.uasset" 5069
"/Engine/EngineMaterials/Substrate/GLints/dict_16_192_64_0p5_0p02_0056_0007" 5070
"/Engine/EngineMaterials/Substrate/GLints/dict_16_192_64_0p5_0p02_0056_0008" 5071
"../../../Engine/Content/EngineMaterials/Substrate/GLints/dict_16_192_64_0p5_0p02_0056_0005.uasset" 5072
"/Engine/EngineMaterials/Substrate/GLints/dict_16_192_64_0p5_0p02_0056_0005" 5073
"../../../Engine/Content/EngineMaterials/Substrate/GLints/dict_16_192_64_0p5_0p02_0056_0004.uasset" 5074
"../../../Engine/Content/EngineMaterials/Substrate/GLints/dict_16_192_64_0p5_0p02_0056_0006.uasset" 5075
"/Engine/EngineMaterials/Substrate/GLints/dict_16_192_64_0p5_0p02_0056_0004" 5076
"/Engine/EngineMaterials/Substrate/GLints/dict_16_192_64_0p5_0p02_0056_0006" 5077
"../../../Engine/Content/EngineMaterials/Substrate/GLints/dict_16_192_64_0p5_0p02_0056_0002.uasset" 5078
"/Engine/EngineMaterials/Substrate/GLints/dict_16_192_64_0p5_0p02_0056_0002" 5079
"../../../Engine/Content/EngineMaterials/Substrate/GLints/dict_16_192_64_0p5_0p02_0056_0003.uasset" 5080
"/Engine/EngineMaterials/Substrate/GLints/dict_16_192_64_0p5_0p02_0056_0003" 5081
"../../../Engine/Content/EngineMaterials/Substrate/GLints/dict_16_192_64_0p5_0p02_0056_0001.uasset" 5082
"/Engine/EngineMaterials/Substrate/GLints/dict_16_192_64_0p5_0p02_0056_0001" 5083
"../../../Engine/Content/EngineMaterials/Substrate/GLints/dict_16_192_64_0p5_0p02_0055_0015.uasset" 5084
"../../../Engine/Content/EngineMaterials/Substrate/GLints/dict_16_192_64_0p5_0p02_0056_0000.uasset" 5085
"/Engine/EngineMaterials/Substrate/GLints/dict_16_192_64_0p5_0p02_0055_0015" 5086
"/Engine/EngineMaterials/Substrate/GLints/dict_16_192_64_0p5_0p02_0056_0000" 5087
"../../../Engine/Content/EngineMaterials/Substrate/GLints/dict_16_192_64_0p5_0p02_0055_0013.uasset" 5088
"../../../Engine/Content/EngineMaterials/Substrate/GLints/dict_16_192_64_0p5_0p02_0055_0014.uasset" 5089
"/Engine/EngineMaterials/Substrate/GLints/dict_16_192_64_0p5_0p02_0055_0013" 5090
"/Engine/EngineMaterials/Substrate/GLints/dict_16_192_64_0p5_0p02_0055_0014" 5091
"../../../Engine/Content/EngineMaterials/Substrate/GLints/dict_16_192_64_0p5_0p02_0055_0012.uasset" 5092
"/Engine/EngineMaterials/Substrate/GLints/dict_16_192_64_0p5_0p02_0055_0012" 5093
"../../../Engine/Content/EngineMaterials/Substrate/GLints/dict_16_192_64_0p5_0p02_0055_0011.uasset" 5094
"../../../Engine/Content/EngineMaterials/Substrate/GLints/dict_16_192_64_0p5_0p02_0055_0010.uasset" 5095
"/Engine/EngineMaterials/Substrate/GLints/dict_16_192_64_0p5_0p02_0055_0011" 5096
"/Engine/EngineMaterials/Substrate/GLints/dict_16_192_64_0p5_0p02_0055_0010" 5097
"../../../Engine/Content/EngineMaterials/Substrate/GLints/dict_16_192_64_0p5_0p02_0055_0008.uasset" 5098
"../../../Engine/Content/EngineMaterials/Substrate/GLints/dict_16_192_64_0p5_0p02_0055_0003.uasset" 5099
"../../../Engine/Content/EngineMaterials/Substrate/GLints/dict_16_192_64_0p5_0p02_0055_0007.uasset" 5100
"../../../Engine/Content/EngineMaterials/Substrate/GLints/dict_16_192_64_0p5_0p02_0055_0005.uasset" 5101
"../../../Engine/Content/EngineMaterials/Substrate/GLints/dict_16_192_64_0p5_0p02_0055_0002.uasset" 5102
"../../../Engine/Content/EngineMaterials/Substrate/GLints/dict_16_192_64_0p5_0p02_0055_0006.uasset" 5103
"/Engine/EngineMaterials/Substrate/GLints/dict_16_192_64_0p5_0p02_0055_0002" 5104
"/Engine/EngineMaterials/Substrate/GLints/dict_16_192_64_0p5_0p02_0055_0003" 5105
"/Engine/EngineMaterials/Substrate/GLints/dict_16_192_64_0p5_0p02_0055_0005" 5106
"../../../Engine/Content/EngineMaterials/Substrate/GLints/dict_16_192_64_0p5_0p02_0055_0004.uasset" 5107
"/Engine/EngineMaterials/Substrate/GLints/dict_16_192_64_0p5_0p02_0055_0006" 5108
"../../../Engine/Content/EngineMaterials/Substrate/GLints/dict_16_192_64_0p5_0p02_0055_0001.uasset" 5109
"/Engine/EngineMaterials/Substrate/GLints/dict_16_192_64_0p5_0p02_0055_0007" 5110
"../../../Engine/Content/EngineMaterials/Substrate/GLints/dict_16_192_64_0p5_0p02_0055_0009.uasset" 5111
"/Engine/EngineMaterials/Substrate/GLints/dict_16_192_64_0p5_0p02_0055_0008" 5112
"/Engine/EngineMaterials/Substrate/GLints/dict_16_192_64_0p5_0p02_0055_0001" 5113
"/Engine/EngineMaterials/Substrate/GLints/dict_16_192_64_0p5_0p02_0055_0004" 5114
"/Engine/EngineMaterials/Substrate/GLints/dict_16_192_64_0p5_0p02_0055_0009" 5115
"../../../Engine/Content/EngineMaterials/Substrate/GLints/dict_16_192_64_0p5_0p02_0054_0010.uasset" 5116
"../../../Engine/Content/EngineMaterials/Substrate/GLints/dict_16_192_64_0p5_0p02_0054_0012.uasset" 5117
"../../../Engine/Content/EngineMaterials/Substrate/GLints/dict_16_192_64_0p5_0p02_0054_0015.uasset" 5118
"../../../Engine/Content/EngineMaterials/Substrate/GLints/dict_16_192_64_0p5_0p02_0054_0014.uasset" 5119
"../../../Engine/Content/EngineMaterials/Substrate/GLints/dict_16_192_64_0p5_0p02_0054_0013.uasset" 5120
"../../../Engine/Content/EngineMaterials/Substrate/GLints/dict_16_192_64_0p5_0p02_0055_0000.uasset" 5121
"../../../Engine/Content/EngineMaterials/Substrate/GLints/dict_16_192_64_0p5_0p02_0054_0008.uasset" 5122
"../../../Engine/Content/EngineMaterials/Substrate/GLints/dict_16_192_64_0p5_0p02_0054_0009.uasset" 5123
"../../../Engine/Content/EngineMaterials/Substrate/GLints/dict_16_192_64_0p5_0p02_0054_0011.uasset" 5124
"/Engine/EngineMaterials/Substrate/GLints/dict_16_192_64_0p5_0p02_0054_0009" 5125
"../../../Engine/Content/EngineMaterials/Substrate/GLints/dict_16_192_64_0p5_0p02_0054_0007.uasset" 5126
"/Engine/EngineMaterials/Substrate/GLints/dict_16_192_64_0p5_0p02_0054_0010" 5127
"/Engine/EngineMaterials/Substrate/GLints/dict_16_192_64_0p5_0p02_0054_0011" 5128
"/Engine/EngineMaterials/Substrate/GLints/dict_16_192_64_0p5_0p02_0054_0012" 5129
"/Engine/EngineMaterials/Substrate/GLints/dict_16_192_64_0p5_0p02_0054_0013" 5130
"/Engine/EngineMaterials/Substrate/GLints/dict_16_192_64_0p5_0p02_0054_0014" 5131
"/Engine/EngineMaterials/Substrate/GLints/dict_16_192_64_0p5_0p02_0054_0015" 5132
"/Engine/EngineMaterials/Substrate/GLints/dict_16_192_64_0p5_0p02_0055_0000" 5133
"/Engine/EngineMaterials/Substrate/GLints/dict_16_192_64_0p5_0p02_0054_0008" 5134
"/Engine/EngineMaterials/Substrate/GLints/dict_16_192_64_0p5_0p02_0054_0007" 5135
"../../../Engine/Content/EngineMaterials/Substrate/GLints/dict_16_192_64_0p5_0p02_0054_0006.uasset" 5136
"../../../Engine/Content/EngineMaterials/Substrate/GLints/dict_16_192_64_0p5_0p02_0054_0002.uasset" 5137
"../../../Engine/Content/EngineMaterials/Substrate/GLints/dict_16_192_64_0p5_0p02_0054_0005.uasset" 5138
"../../../Engine/Content/EngineMaterials/Substrate/GLints/dict_16_192_64_0p5_0p02_0053_0014.uasset" 5139
"../../../Engine/Content/EngineMaterials/Substrate/GLints/dict_16_192_64_0p5_0p02_0053_0013.uasset" 5140
"../../../Engine/Content/EngineMaterials/Substrate/GLints/dict_16_192_64_0p5_0p02_0054_0001.uasset" 5141
"../../../Engine/Content/EngineMaterials/Substrate/GLints/dict_16_192_64_0p5_0p02_0054_0004.uasset" 5142
"../../../Engine/Content/EngineMaterials/Substrate/GLints/dict_16_192_64_0p5_0p02_0054_0003.uasset" 5143
"/Engine/EngineMaterials/Substrate/GLints/dict_16_192_64_0p5_0p02_0053_0013" 5144
"/Engine/EngineMaterials/Substrate/GLints/dict_16_192_64_0p5_0p02_0053_0014" 5145
"../../../Engine/Content/EngineMaterials/Substrate/GLints/dict_16_192_64_0p5_0p02_0053_0015.uasset" 5146
"/Engine/EngineMaterials/Substrate/GLints/dict_16_192_64_0p5_0p02_0054_0001" 5147
"/Engine/EngineMaterials/Substrate/GLints/dict_16_192_64_0p5_0p02_0054_0003" 5148
"/Engine/EngineMaterials/Substrate/GLints/dict_16_192_64_0p5_0p02_0054_0002" 5149
"/Engine/EngineMaterials/Substrate/GLints/dict_16_192_64_0p5_0p02_0054_0004" 5150
"/Engine/EngineMaterials/Substrate/GLints/dict_16_192_64_0p5_0p02_0054_0006" 5151
"/Engine/EngineMaterials/Substrate/GLints/dict_16_192_64_0p5_0p02_0054_0005" 5152
"/Engine/EngineMaterials/Substrate/GLints/dict_16_192_64_0p5_0p02_0053_0015" 5153
"../../../Engine/Content/EngineMaterials/Substrate/GLints/dict_16_192_64_0p5_0p02_0054_0000.uasset" 5154
"../../../Engine/Content/EngineMaterials/Substrate/GLints/dict_16_192_64_0p5_0p02_0053_0007.uasset" 5155
"../../../Engine/Content/EngineMaterials/Substrate/GLints/dict_16_192_64_0p5_0p02_0053_0011.uasset" 5156
"../../../Engine/Content/EngineMaterials/Substrate/GLints/dict_16_192_64_0p5_0p02_0053_0008.uasset" 5157
"../../../Engine/Content/EngineMaterials/Substrate/GLints/dict_16_192_64_0p5_0p02_0053_0012.uasset" 5158
"../../../Engine/Content/EngineMaterials/Substrate/GLints/dict_16_192_64_0p5_0p02_0053_0006.uasset" 5159
"../../../Engine/Content/EngineMaterials/Substrate/GLints/dict_16_192_64_0p5_0p02_0053_0009.uasset" 5160
"../../../Engine/Content/EngineMaterials/Substrate/GLints/dict_16_192_64_0p5_0p02_0053_0010.uasset" 5161
"/Engine/EngineMaterials/Substrate/GLints/dict_16_192_64_0p5_0p02_0053_0006" 5162
"/Engine/EngineMaterials/Substrate/GLints/dict_16_192_64_0p5_0p02_0053_0007" 5163
"/Engine/EngineMaterials/Substrate/GLints/dict_16_192_64_0p5_0p02_0053_0008" 5164
"/Engine/EngineMaterials/Substrate/GLints/dict_16_192_64_0p5_0p02_0053_0009" 5165
"/Engine/EngineMaterials/Substrate/GLints/dict_16_192_64_0p5_0p02_0053_0010" 5166
"/Engine/EngineMaterials/Substrate/GLints/dict_16_192_64_0p5_0p02_0053_0011" 5167
"/Engine/EngineMaterials/Substrate/GLints/dict_16_192_64_0p5_0p02_0053_0012" 5168
"/Engine/EngineMaterials/Substrate/GLints/dict_16_192_64_0p5_0p02_0054_0000" 5169
"../../../Engine/Content/EngineMaterials/Substrate/GLints/dict_16_192_64_0p5_0p02_0053_0004.uasset" 5170
"../../../Engine/Content/EngineMaterials/Substrate/GLints/dict_16_192_64_0p5_0p02_0052_0014.uasset" 5171
"../../../Engine/Content/EngineMaterials/Substrate/GLints/dict_16_192_64_0p5_0p02_0052_0013.uasset" 5172
"../../../Engine/Content/EngineMaterials/Substrate/GLints/dict_16_192_64_0p5_0p02_0053_0000.uasset" 5173
"../../../Engine/Content/EngineMaterials/Substrate/GLints/dict_16_192_64_0p5_0p02_0052_0012.uasset" 5174
"../../../Engine/Content/EngineMaterials/Substrate/GLints/dict_16_192_64_0p5_0p02_0052_0015.uasset" 5175
"../../../Engine/Content/EngineMaterials/Substrate/GLints/dict_16_192_64_0p5_0p02_0053_0003.uasset" 5176
"../../../Engine/Content/EngineMaterials/Substrate/GLints/dict_16_192_64_0p5_0p02_0053_0001.uasset" 5177
"/Engine/EngineMaterials/Substrate/GLints/dict_16_192_64_0p5_0p02_0052_0012" 5178
"/Engine/EngineMaterials/Substrate/GLints/dict_16_192_64_0p5_0p02_0052_0013" 5179
"/Engine/EngineMaterials/Substrate/GLints/dict_16_192_64_0p5_0p02_0052_0014" 5180
"/Engine/EngineMaterials/Substrate/GLints/dict_16_192_64_0p5_0p02_0052_0015" 5181
"/Engine/EngineMaterials/Substrate/GLints/dict_16_192_64_0p5_0p02_0053_0001" 5182
"/Engine/EngineMaterials/Substrate/GLints/dict_16_192_64_0p5_0p02_0053_0004" 5183
"/Engine/EngineMaterials/Substrate/GLints/dict_16_192_64_0p5_0p02_0053_0003" 5184
"/Engine/EngineMaterials/Substrate/GLints/dict_16_192_64_0p5_0p02_0053_0000" 5185
"../../../Engine/Content/EngineMaterials/Substrate/GLints/dict_16_192_64_0p5_0p02_0053_0002.uasset" 5186
"/Engine/EngineMaterials/Substrate/GLints/dict_16_192_64_0p5_0p02_0053_0002" 5187
"../../../Engine/Content/EngineMaterials/Substrate/GLints/dict_16_192_64_0p5_0p02_0052_0009.uasset" 5188
"../../../Engine/Content/EngineMaterials/Substrate/GLints/dict_16_192_64_0p5_0p02_0053_0005.uasset" 5189
"../../../Engine/Content/EngineMaterials/Substrate/GLints/dict_16_192_64_0p5_0p02_0052_0006.uasset" 5190
"../../../Engine/Content/EngineMaterials/Substrate/GLints/dict_16_192_64_0p5_0p02_0052_0011.uasset" 5191
"../../../Engine/Content/EngineMaterials/Substrate/GLints/dict_16_192_64_0p5_0p02_0052_0007.uasset" 5192
"../../../Engine/Content/EngineMaterials/Substrate/GLints/dict_16_192_64_0p5_0p02_0052_0005.uasset" 5193
"../../../Engine/Content/EngineMaterials/Substrate/GLints/dict_16_192_64_0p5_0p02_0052_0004.uasset" 5194
"../../../Engine/Content/EngineMaterials/Substrate/GLints/dict_16_192_64_0p5_0p02_0052_0008.uasset" 5195
"../../../Engine/Content/EngineMaterials/Substrate/GLints/dict_16_192_64_0p5_0p02_0052_0010.uasset" 5196
"/Engine/EngineMaterials/Substrate/GLints/dict_16_192_64_0p5_0p02_0052_0008" 5197
"/Engine/EngineMaterials/Substrate/GLints/dict_16_192_64_0p5_0p02_0052_0009" 5198
"/Engine/EngineMaterials/Substrate/GLints/dict_16_192_64_0p5_0p02_0052_0010" 5199
"/Engine/EngineMaterials/Substrate/GLints/dict_16_192_64_0p5_0p02_0052_0011" 5200
"/Engine/EngineMaterials/Substrate/GLints/dict_16_192_64_0p5_0p02_0053_0005" 5201
"/Engine/EngineMaterials/Substrate/GLints/dict_16_192_64_0p5_0p02_0052_0004" 5202
"/Engine/EngineMaterials/Substrate/GLints/dict_16_192_64_0p5_0p02_0052_0005" 5203
"/Engine/EngineMaterials/Substrate/GLints/dict_16_192_64_0p5_0p02_0052_0006" 5204
"/Engine/EngineMaterials/Substrate/GLints/dict_16_192_64_0p5_0p02_0052_0007" 5205
"../../../Engine/Content/EngineMaterials/Substrate/GLints/dict_16_192_64_0p5_0p02_0052_0002.uasset" 5206
"../../../Engine/Content/EngineMaterials/Substrate/GLints/dict_16_192_64_0p5_0p02_0051_0015.uasset" 5207
"../../../Engine/Content/EngineMaterials/Substrate/GLints/dict_16_192_64_0p5_0p02_0052_0000.uasset" 5208
"../../../Engine/Content/EngineMaterials/Substrate/GLints/dict_16_192_64_0p5_0p02_0052_0003.uasset" 5209
"../../../Engine/Content/EngineMaterials/Substrate/GLints/dict_16_192_64_0p5_0p02_0051_0011.uasset" 5210
"../../../Engine/Content/EngineMaterials/Substrate/GLints/dict_16_192_64_0p5_0p02_0051_0013.uasset" 5211
"../../../Engine/Content/EngineMaterials/Substrate/GLints/dict_16_192_64_0p5_0p02_0051_0010.uasset" 5212
"../../../Engine/Content/EngineMaterials/Substrate/GLints/dict_16_192_64_0p5_0p02_0051_0014.uasset" 5213
"../../../Engine/Content/EngineMaterials/Substrate/GLints/dict_16_192_64_0p5_0p02_0051_0012.uasset" 5214
"../../../Engine/Content/EngineMaterials/Substrate/GLints/dict_16_192_64_0p5_0p02_0052_0001.uasset" 5215
"/Engine/EngineMaterials/Substrate/GLints/dict_16_192_64_0p5_0p02_0051_0010" 5216
"/Engine/EngineMaterials/Substrate/GLints/dict_16_192_64_0p5_0p02_0051_0011" 5217
"/Engine/EngineMaterials/Substrate/GLints/dict_16_192_64_0p5_0p02_0051_0012" 5218
"/Engine/EngineMaterials/Substrate/GLints/dict_16_192_64_0p5_0p02_0051_0015" 5219
"/Engine/EngineMaterials/Substrate/GLints/dict_16_192_64_0p5_0p02_0052_0000" 5220
"/Engine/EngineMaterials/Substrate/GLints/dict_16_192_64_0p5_0p02_0051_0014" 5221
"/Engine/EngineMaterials/Substrate/GLints/dict_16_192_64_0p5_0p02_0051_0013" 5222
"/Engine/EngineMaterials/Substrate/GLints/dict_16_192_64_0p5_0p02_0052_0001" 5223
"/Engine/EngineMaterials/Substrate/GLints/dict_16_192_64_0p5_0p02_0052_0002" 5224
"/Engine/EngineMaterials/Substrate/GLints/dict_16_192_64_0p5_0p02_0052_0003" 5225
"../../../Engine/Content/EngineMaterials/Substrate/GLints/dict_16_192_64_0p5_0p02_0051_0009.uasset" 5226
"../../../Engine/Content/EngineMaterials/Substrate/GLints/dict_16_192_64_0p5_0p02_0051_0008.uasset" 5227
"../../../Engine/Content/EngineMaterials/Substrate/GLints/dict_16_192_64_0p5_0p02_0051_0003.uasset" 5228
"../../../Engine/Content/EngineMaterials/Substrate/GLints/dict_16_192_64_0p5_0p02_0051_0006.uasset" 5229
"../../../Engine/Content/EngineMaterials/Substrate/GLints/dict_16_192_64_0p5_0p02_0051_0007.uasset" 5230
"../../../Engine/Content/EngineMaterials/Substrate/GLints/dict_16_192_64_0p5_0p02_0051_0005.uasset" 5231
"../../../Engine/Content/EngineMaterials/Substrate/GLints/dict_16_192_64_0p5_0p02_0051_0002.uasset" 5232
"../../../Engine/Content/EngineMaterials/Substrate/GLints/dict_16_192_64_0p5_0p02_0051_0000.uasset" 5233
"../../../Engine/Content/EngineMaterials/Substrate/GLints/dict_16_192_64_0p5_0p02_0051_0001.uasset" 5234
"/Engine/EngineMaterials/Substrate/GLints/dict_16_192_64_0p5_0p02_0051_0000" 5235
"../../../Engine/Content/EngineMaterials/Substrate/GLints/dict_16_192_64_0p5_0p02_0051_0004.uasset" 5236
"/Engine/EngineMaterials/Substrate/GLints/dict_16_192_64_0p5_0p02_0051_0001" 5237
"/Engine/EngineMaterials/Substrate/GLints/dict_16_192_64_0p5_0p02_0051_0002" 5238
"/Engine/EngineMaterials/Substrate/GLints/dict_16_192_64_0p5_0p02_0051_0003" 5239
"/Engine/EngineMaterials/Substrate/GLints/dict_16_192_64_0p5_0p02_0051_0006" 5240
"/Engine/EngineMaterials/Substrate/GLints/dict_16_192_64_0p5_0p02_0051_0007" 5241
"/Engine/EngineMaterials/Substrate/GLints/dict_16_192_64_0p5_0p02_0051_0008" 5242
"/Engine/EngineMaterials/Substrate/GLints/dict_16_192_64_0p5_0p02_0051_0009" 5243
"/Engine/EngineMaterials/Substrate/GLints/dict_16_192_64_0p5_0p02_0051_0005" 5244
"/Engine/EngineMaterials/Substrate/GLints/dict_16_192_64_0p5_0p02_0051_0004" 5245
"../../../Engine/Content/EngineMaterials/Substrate/GLints/dict_16_192_64_0p5_0p02_0050_0010.uasset" 5246
"../../../Engine/Content/EngineMaterials/Substrate/GLints/dict_16_192_64_0p5_0p02_0050_0014.uasset" 5247
"../../../Engine/Content/EngineMaterials/Substrate/GLints/dict_16_192_64_0p5_0p02_0050_0007.uasset" 5248
"../../../Engine/Content/EngineMaterials/Substrate/GLints/dict_16_192_64_0p5_0p02_0050_0008.uasset" 5249
"../../../Engine/Content/EngineMaterials/Substrate/GLints/dict_16_192_64_0p5_0p02_0050_0013.uasset" 5250
"../../../Engine/Content/EngineMaterials/Substrate/GLints/dict_16_192_64_0p5_0p02_0050_0011.uasset" 5251
"../../../Engine/Content/EngineMaterials/Substrate/GLints/dict_16_192_64_0p5_0p02_0050_0012.uasset" 5252
"../../../Engine/Content/EngineMaterials/Substrate/GLints/dict_16_192_64_0p5_0p02_0050_0006.uasset" 5253
"../../../Engine/Content/EngineMaterials/Substrate/GLints/dict_16_192_64_0p5_0p02_0050_0009.uasset" 5254
"../../../Engine/Content/EngineMaterials/Substrate/GLints/dict_16_192_64_0p5_0p02_0050_0015.uasset" 5255
"/Engine/EngineMaterials/Substrate/GLints/dict_16_192_64_0p5_0p02_0050_0006" 5256
"/Engine/EngineMaterials/Substrate/GLints/dict_16_192_64_0p5_0p02_0050_0007" 5257
"/Engine/EngineMaterials/Substrate/GLints/dict_16_192_64_0p5_0p02_0050_0014" 5258
"/Engine/EngineMaterials/Substrate/GLints/dict_16_192_64_0p5_0p02_0050_0015" 5259
"/Engine/EngineMaterials/Substrate/GLints/dict_16_192_64_0p5_0p02_0050_0008" 5260
"/Engine/EngineMaterials/Substrate/GLints/dict_16_192_64_0p5_0p02_0050_0013" 5261
"/Engine/EngineMaterials/Substrate/GLints/dict_16_192_64_0p5_0p02_0050_0009" 5262
"/Engine/EngineMaterials/Substrate/GLints/dict_16_192_64_0p5_0p02_0050_0010" 5263
"/Engine/EngineMaterials/Substrate/GLints/dict_16_192_64_0p5_0p02_0050_0011" 5264
"/Engine/EngineMaterials/Substrate/GLints/dict_16_192_64_0p5_0p02_0050_0012" 5265
"../../../Engine/Content/EngineMaterials/Substrate/GLints/dict_16_192_64_0p5_0p02_0049_0015.uasset" 5266
"../../../Engine/Content/EngineMaterials/Substrate/GLints/dict_16_192_64_0p5_0p02_0049_0013.uasset" 5267
"../../../Engine/Content/EngineMaterials/Substrate/GLints/dict_16_192_64_0p5_0p02_0050_0005.uasset" 5268
"../../../Engine/Content/EngineMaterials/Substrate/GLints/dict_16_192_64_0p5_0p02_0050_0000.uasset" 5269
"../../../Engine/Content/EngineMaterials/Substrate/GLints/dict_16_192_64_0p5_0p02_0050_0001.uasset" 5270
"../../../Engine/Content/EngineMaterials/Substrate/GLints/dict_16_192_64_0p5_0p02_0050_0002.uasset" 5271
"../../../Engine/Content/EngineMaterials/Substrate/GLints/dict_16_192_64_0p5_0p02_0050_0004.uasset" 5272
"../../../Engine/Content/EngineMaterials/Substrate/GLints/dict_16_192_64_0p5_0p02_0049_0012.uasset" 5273
"../../../Engine/Content/EngineMaterials/Substrate/GLints/dict_16_192_64_0p5_0p02_0049_0014.uasset" 5274
"/Engine/EngineMaterials/Substrate/GLints/dict_16_192_64_0p5_0p02_0050_0004" 5275
"/Engine/EngineMaterials/Substrate/GLints/dict_16_192_64_0p5_0p02_0050_0005" 5276
"/Engine/EngineMaterials/Substrate/GLints/dict_16_192_64_0p5_0p02_0049_0012" 5277
"/Engine/EngineMaterials/Substrate/GLints/dict_16_192_64_0p5_0p02_0049_0013" 5278
"/Engine/EngineMaterials/Substrate/GLints/dict_16_192_64_0p5_0p02_0049_0014" 5279
"/Engine/EngineMaterials/Substrate/GLints/dict_16_192_64_0p5_0p02_0049_0015" 5280
"/Engine/EngineMaterials/Substrate/GLints/dict_16_192_64_0p5_0p02_0050_0000" 5281
"/Engine/EngineMaterials/Substrate/GLints/dict_16_192_64_0p5_0p02_0050_0001" 5282
"/Engine/EngineMaterials/Substrate/GLints/dict_16_192_64_0p5_0p02_0050_0002" 5283
"../../../Engine/Content/EngineMaterials/Substrate/GLints/dict_16_192_64_0p5_0p02_0050_0003.uasset" 5284
"../../../Engine/Content/EngineMaterials/Substrate/GLints/dict_16_192_64_0p5_0p02_0049_0005.uasset" 5285
"../../../Engine/Content/EngineMaterials/Substrate/GLints/dict_16_192_64_0p5_0p02_0049_0007.uasset" 5286
"../../../Engine/Content/EngineMaterials/Substrate/GLints/dict_16_192_64_0p5_0p02_0049_0004.uasset" 5287
"../../../Engine/Content/EngineMaterials/Substrate/GLints/dict_16_192_64_0p5_0p02_0049_0011.uasset" 5288
"/Engine/EngineMaterials/Substrate/GLints/dict_16_192_64_0p5_0p02_0049_0004" 5289
"../../../Engine/Content/EngineMaterials/Substrate/GLints/dict_16_192_64_0p5_0p02_0049_0008.uasset" 5290
"../../../Engine/Content/EngineMaterials/Substrate/GLints/dict_16_192_64_0p5_0p02_0049_0006.uasset" 5291
"/Engine/EngineMaterials/Substrate/GLints/dict_16_192_64_0p5_0p02_0049_0005" 5292
"/Engine/EngineMaterials/Substrate/GLints/dict_16_192_64_0p5_0p02_0049_0007" 5293
"/Engine/EngineMaterials/Substrate/GLints/dict_16_192_64_0p5_0p02_0049_0011" 5294
"/Engine/EngineMaterials/Substrate/GLints/dict_16_192_64_0p5_0p02_0050_0003" 5295
"/Engine/EngineMaterials/Substrate/GLints/dict_16_192_64_0p5_0p02_0049_0006" 5296
"../../../Engine/Content/EngineMaterials/Substrate/GLints/dict_16_192_64_0p5_0p02_0049_0003.uasset" 5297
"/Engine/EngineMaterials/Substrate/GLints/dict_16_192_64_0p5_0p02_0049_0008" 5298
"/Engine/EngineMaterials/Substrate/GLints/dict_16_192_64_0p5_0p02_0049_0003" 5299
"../../../Engine/Content/EngineMaterials/Substrate/GLints/dict_16_192_64_0p5_0p02_0049_0009.uasset" 5300
"/Engine/EngineMaterials/Substrate/GLints/dict_16_192_64_0p5_0p02_0049_0009" 5301
"../../../Engine/Content/EngineMaterials/Substrate/GLints/dict_16_192_64_0p5_0p02_0049_0010.uasset" 5302
"/Engine/EngineMaterials/Substrate/GLints/dict_16_192_64_0p5_0p02_0049_0010" 5303
"../../../Engine/Content/EngineMaterials/Substrate/GLints/dict_16_192_64_0p5_0p02_0049_0001.uasset" 5304
"/Engine/EngineMaterials/Substrate/GLints/dict_16_192_64_0p5_0p02_0049_0001" 5305
"../../../Engine/Content/EngineMaterials/Substrate/GLints/dict_16_192_64_0p5_0p02_0049_0000.uasset" 5306
"../../../Engine/Content/EngineMaterials/Substrate/GLints/dict_16_192_64_0p5_0p02_0048_0011.uasset" 5307
"../../../Engine/Content/EngineMaterials/Substrate/GLints/dict_16_192_64_0p5_0p02_0048_0015.uasset" 5308
"../../../Engine/Content/EngineMaterials/Substrate/GLints/dict_16_192_64_0p5_0p02_0048_0013.uasset" 5309
"../../../Engine/Content/EngineMaterials/Substrate/GLints/dict_16_192_64_0p5_0p02_0048_0010.uasset" 5310
"/Engine/EngineMaterials/Substrate/GLints/dict_16_192_64_0p5_0p02_0048_0010" 5311
"/Engine/EngineMaterials/Substrate/GLints/dict_16_192_64_0p5_0p02_0048_0011" 5312
"/Engine/EngineMaterials/Substrate/GLints/dict_16_192_64_0p5_0p02_0049_0000" 5313
"/Engine/EngineMaterials/Substrate/GLints/dict_16_192_64_0p5_0p02_0048_0013" 5314
"/Engine/EngineMaterials/Substrate/GLints/dict_16_192_64_0p5_0p02_0048_0015" 5315
"../../../Engine/Content/EngineMaterials/Substrate/GLints/dict_16_192_64_0p5_0p02_0048_0009.uasset" 5316
"../../../Engine/Content/EngineMaterials/Substrate/GLints/dict_16_192_64_0p5_0p02_0048_0014.uasset" 5317
"../../../Engine/Content/EngineMaterials/Substrate/GLints/dict_16_192_64_0p5_0p02_0049_0002.uasset" 5318
"../../../Engine/Content/EngineMaterials/Substrate/GLints/dict_16_192_64_0p5_0p02_0048_0005.uasset" 5319
"../../../Engine/Content/EngineMaterials/Substrate/GLints/dict_16_192_64_0p5_0p02_0048_0004.uasset" 5320
"../../../Engine/Content/EngineMaterials/Substrate/GLints/dict_16_192_64_0p5_0p02_0048_0003.uasset" 5321
"../../../Engine/Content/EngineMaterials/Substrate/GLints/dict_16_192_64_0p5_0p02_0048_0008.uasset" 5322
"../../../Engine/Content/EngineMaterials/Substrate/GLints/dict_16_192_64_0p5_0p02_0048_0006.uasset" 5323
"../../../Engine/Content/EngineMaterials/Substrate/GLints/dict_16_192_64_0p5_0p02_0048_0007.uasset" 5324
"/Engine/EngineMaterials/Substrate/GLints/dict_16_192_64_0p5_0p02_0048_0006" 5325
"/Engine/EngineMaterials/Substrate/GLints/dict_16_192_64_0p5_0p02_0048_0007" 5326
"/Engine/EngineMaterials/Substrate/GLints/dict_16_192_64_0p5_0p02_0048_0008" 5327
"/Engine/EngineMaterials/Substrate/GLints/dict_16_192_64_0p5_0p02_0048_0009" 5328
"/Engine/EngineMaterials/Substrate/GLints/dict_16_192_64_0p5_0p02_0049_0002" 5329
"/Engine/EngineMaterials/Substrate/GLints/dict_16_192_64_0p5_0p02_0048_0003" 5330
"/Engine/EngineMaterials/Substrate/GLints/dict_16_192_64_0p5_0p02_0048_0004" 5331
"/Engine/EngineMaterials/Substrate/GLints/dict_16_192_64_0p5_0p02_0048_0005" 5332
"/Engine/EngineMaterials/Substrate/GLints/dict_16_192_64_0p5_0p02_0048_0014" 5333
"../../../Engine/Content/EngineMaterials/Substrate/GLints/dict_16_192_64_0p5_0p02_0048_0001.uasset" 5334
"../../../Engine/Content/EngineMaterials/Substrate/GLints/dict_16_192_64_0p5_0p02_0047_0013.uasset" 5335
"../../../Engine/Content/EngineMaterials/Substrate/GLints/dict_16_192_64_0p5_0p02_0048_0002.uasset" 5336
"../../../Engine/Content/EngineMaterials/Substrate/GLints/dict_16_192_64_0p5_0p02_0048_0012.uasset" 5337
"../../../Engine/Content/EngineMaterials/Substrate/GLints/dict_16_192_64_0p5_0p02_0047_0010.uasset" 5338
"../../../Engine/Content/EngineMaterials/Substrate/GLints/dict_16_192_64_0p5_0p02_0047_0011.uasset" 5339
"../../../Engine/Content/EngineMaterials/Substrate/GLints/dict_16_192_64_0p5_0p02_0048_0000.uasset" 5340
"../../../Engine/Content/EngineMaterials/Substrate/GLints/dict_16_192_64_0p5_0p02_0047_0012.uasset" 5341
"../../../Engine/Content/EngineMaterials/Substrate/GLints/dict_16_192_64_0p5_0p02_0047_0015.uasset" 5342
"/Engine/EngineMaterials/Substrate/GLints/dict_16_192_64_0p5_0p02_0047_0013" 5343
"../../../Engine/Content/EngineMaterials/Substrate/GLints/dict_16_192_64_0p5_0p02_0047_0014.uasset" 5344
"/Engine/EngineMaterials/Substrate/GLints/dict_16_192_64_0p5_0p02_0047_0010" 5345
"/Engine/EngineMaterials/Substrate/GLints/dict_16_192_64_0p5_0p02_0047_0011" 5346
"/Engine/EngineMaterials/Substrate/GLints/dict_16_192_64_0p5_0p02_0048_0000" 5347
"/Engine/EngineMaterials/Substrate/GLints/dict_16_192_64_0p5_0p02_0048_0001" 5348
"/Engine/EngineMaterials/Substrate/GLints/dict_16_192_64_0p5_0p02_0048_0002" 5349
"/Engine/EngineMaterials/Substrate/GLints/dict_16_192_64_0p5_0p02_0047_0012" 5350
"/Engine/EngineMaterials/Substrate/GLints/dict_16_192_64_0p5_0p02_0048_0012" 5351
"/Engine/EngineMaterials/Substrate/GLints/dict_16_192_64_0p5_0p02_0047_0014" 5352
"/Engine/EngineMaterials/Substrate/GLints/dict_16_192_64_0p5_0p02_0047_0015" 5353
"../../../Engine/Content/EngineMaterials/Substrate/GLints/dict_16_192_64_0p5_0p02_0047_0005.uasset" 5354
"../../../Engine/Content/EngineMaterials/Substrate/GLints/dict_16_192_64_0p5_0p02_0047_0009.uasset" 5355
"../../../Engine/Content/EngineMaterials/Substrate/GLints/dict_16_192_64_0p5_0p02_0047_0007.uasset" 5356
"../../../Engine/Content/EngineMaterials/Substrate/GLints/dict_16_192_64_0p5_0p02_0047_0001.uasset" 5357
"../../../Engine/Content/EngineMaterials/Substrate/GLints/dict_16_192_64_0p5_0p02_0047_0002.uasset" 5358
"../../../Engine/Content/EngineMaterials/Substrate/GLints/dict_16_192_64_0p5_0p02_0047_0003.uasset" 5359
"../../../Engine/Content/EngineMaterials/Substrate/GLints/dict_16_192_64_0p5_0p02_0047_0006.uasset" 5360
"/Engine/EngineMaterials/Substrate/GLints/dict_16_192_64_0p5_0p02_0047_0002" 5361
"../../../Engine/Content/EngineMaterials/Substrate/GLints/dict_16_192_64_0p5_0p02_0047_0008.uasset" 5362
"../../../Engine/Content/EngineMaterials/Substrate/GLints/dict_16_192_64_0p5_0p02_0047_0004.uasset" 5363
"/Engine/EngineMaterials/Substrate/GLints/dict_16_192_64_0p5_0p02_0047_0005" 5364
"/Engine/EngineMaterials/Substrate/GLints/dict_16_192_64_0p5_0p02_0047_0009" 5365
"/Engine/EngineMaterials/Substrate/GLints/dict_16_192_64_0p5_0p02_0047_0006" 5366
"/Engine/EngineMaterials/Substrate/GLints/dict_16_192_64_0p5_0p02_0047_0007" 5367
"/Engine/EngineMaterials/Substrate/GLints/dict_16_192_64_0p5_0p02_0047_0003" 5368
"/Engine/EngineMaterials/Substrate/GLints/dict_16_192_64_0p5_0p02_0047_0001" 5369
"../../../Engine/Content/EngineMaterials/Substrate/GLints/dict_16_192_64_0p5_0p02_0047_0000.uasset" 5370
"/Engine/EngineMaterials/Substrate/GLints/dict_16_192_64_0p5_0p02_0047_0008" 5371
"/Engine/EngineMaterials/Substrate/GLints/dict_16_192_64_0p5_0p02_0047_0000" 5372
"/Engine/EngineMaterials/Substrate/GLints/dict_16_192_64_0p5_0p02_0047_0004" 5373
"../../../Engine/Content/EngineMaterials/Substrate/GLints/dict_16_192_64_0p5_0p02_0046_0013.uasset" 5374
"../../../Engine/Content/EngineMaterials/Substrate/GLints/dict_16_192_64_0p5_0p02_0046_0015.uasset" 5375
"../../../Engine/Content/EngineMaterials/Substrate/GLints/dict_16_192_64_0p5_0p02_0046_0010.uasset" 5376
"../../../Engine/Content/EngineMaterials/Substrate/GLints/dict_16_192_64_0p5_0p02_0046_0006.uasset" 5377
"../../../Engine/Content/EngineMaterials/Substrate/GLints/dict_16_192_64_0p5_0p02_0046_0008.uasset" 5378
"../../../Engine/Content/EngineMaterials/Substrate/GLints/dict_16_192_64_0p5_0p02_0046_0011.uasset" 5379
"../../../Engine/Content/EngineMaterials/Substrate/GLints/dict_16_192_64_0p5_0p02_0046_0012.uasset" 5380
"/Engine/EngineMaterials/Substrate/GLints/dict_16_192_64_0p5_0p02_0046_0006" 5381
"../../../Engine/Content/EngineMaterials/Substrate/GLints/dict_16_192_64_0p5_0p02_0046_0007.uasset" 5382
"/Engine/EngineMaterials/Substrate/GLints/dict_16_192_64_0p5_0p02_0046_0008" 5383
"/Engine/EngineMaterials/Substrate/GLints/dict_16_192_64_0p5_0p02_0046_0013" 5384
"/Engine/EngineMaterials/Substrate/GLints/dict_16_192_64_0p5_0p02_0046_0015" 5385
"/Engine/EngineMaterials/Substrate/GLints/dict_16_192_64_0p5_0p02_0046_0010" 5386
"/Engine/EngineMaterials/Substrate/GLints/dict_16_192_64_0p5_0p02_0046_0011" 5387
"/Engine/EngineMaterials/Substrate/GLints/dict_16_192_64_0p5_0p02_0046_0012" 5388
"/Engine/EngineMaterials/Substrate/GLints/dict_16_192_64_0p5_0p02_0046_0007" 5389
"../../../Engine/Content/EngineMaterials/Substrate/GLints/dict_16_192_64_0p5_0p02_0046_0014.uasset" 5390
"../../../Engine/Content/EngineMaterials/Substrate/GLints/dict_16_192_64_0p5_0p02_0046_0002.uasset" 5391
"../../../Engine/Content/EngineMaterials/Substrate/GLints/dict_16_192_64_0p5_0p02_0046_0009.uasset" 5392
"../../../Engine/Content/EngineMaterials/Substrate/GLints/dict_16_192_64_0p5_0p02_0045_0014.uasset" 5393
"../../../Engine/Content/EngineMaterials/Substrate/GLints/dict_16_192_64_0p5_0p02_0046_0003.uasset" 5394
"../../../Engine/Content/EngineMaterials/Substrate/GLints/dict_16_192_64_0p5_0p02_0046_0000.uasset" 5395
"../../../Engine/Content/EngineMaterials/Substrate/GLints/dict_16_192_64_0p5_0p02_0046_0001.uasset" 5396
"../../../Engine/Content/EngineMaterials/Substrate/GLints/dict_16_192_64_0p5_0p02_0045_0015.uasset" 5397
"/Engine/EngineMaterials/Substrate/GLints/dict_16_192_64_0p5_0p02_0046_0014" 5398
"/Engine/EngineMaterials/Substrate/GLints/dict_16_192_64_0p5_0p02_0045_0014" 5399
"/Engine/EngineMaterials/Substrate/GLints/dict_16_192_64_0p5_0p02_0045_0015" 5400
"/Engine/EngineMaterials/Substrate/GLints/dict_16_192_64_0p5_0p02_0046_0000" 5401
"/Engine/EngineMaterials/Substrate/GLints/dict_16_192_64_0p5_0p02_0046_0001" 5402
"/Engine/EngineMaterials/Substrate/GLints/dict_16_192_64_0p5_0p02_0046_0009" 5403
"/Engine/EngineMaterials/Substrate/GLints/dict_16_192_64_0p5_0p02_0046_0002" 5404
"/Engine/EngineMaterials/Substrate/GLints/dict_16_192_64_0p5_0p02_0046_0003" 5405
"../../../Engine/Content/EngineMaterials/Substrate/GLints/dict_16_192_64_0p5_0p02_0046_0004.uasset" 5406
"../../../Engine/Content/EngineMaterials/Substrate/GLints/dict_16_192_64_0p5_0p02_0045_0009.uasset" 5407
"../../../Engine/Content/EngineMaterials/Substrate/GLints/dict_16_192_64_0p5_0p02_0046_0005.uasset" 5408
"../../../Engine/Content/EngineMaterials/Substrate/GLints/dict_16_192_64_0p5_0p02_0045_0013.uasset" 5409
"../../../Engine/Content/EngineMaterials/Substrate/GLints/dict_16_192_64_0p5_0p02_0045_0007.uasset" 5410
"../../../Engine/Content/EngineMaterials/Substrate/GLints/dict_16_192_64_0p5_0p02_0045_0012.uasset" 5411
"/Engine/EngineMaterials/Substrate/GLints/dict_16_192_64_0p5_0p02_0045_0012" 5412
"../../../Engine/Content/EngineMaterials/Substrate/GLints/dict_16_192_64_0p5_0p02_0045_0010.uasset" 5413
"/Engine/EngineMaterials/Substrate/GLints/dict_16_192_64_0p5_0p02_0046_0004" 5414
"/Engine/EngineMaterials/Substrate/GLints/dict_16_192_64_0p5_0p02_0046_0005" 5415
"/Engine/EngineMaterials/Substrate/GLints/dict_16_192_64_0p5_0p02_0045_0013" 5416
"../../../Engine/Content/EngineMaterials/Substrate/GLints/dict_16_192_64_0p5_0p02_0045_0006.uasset" 5417
"/Engine/EngineMaterials/Substrate/GLints/dict_16_192_64_0p5_0p02_0045_0007" 5418
"/Engine/EngineMaterials/Substrate/GLints/dict_16_192_64_0p5_0p02_0045_0009" 5419
"/Engine/EngineMaterials/Substrate/GLints/dict_16_192_64_0p5_0p02_0045_0010" 5420
"/Engine/EngineMaterials/Substrate/GLints/dict_16_192_64_0p5_0p02_0045_0006" 5421
"../../../Engine/Content/EngineMaterials/Substrate/GLints/dict_16_192_64_0p5_0p02_0045_0008.uasset" 5422
"/Engine/EngineMaterials/Substrate/GLints/dict_16_192_64_0p5_0p02_0045_0008" 5423
"../../../Engine/Content/EngineMaterials/Substrate/GLints/dict_16_192_64_0p5_0p02_0045_0011.uasset" 5424
"../../../Engine/Content/EngineMaterials/Substrate/GLints/dict_16_192_64_0p5_0p02_0045_0004.uasset" 5425
"../../../Engine/Content/EngineMaterials/Substrate/GLints/dict_16_192_64_0p5_0p02_0044_0013.uasset" 5426
"../../../Engine/Content/EngineMaterials/Substrate/GLints/dict_16_192_64_0p5_0p02_0044_0015.uasset" 5427
"../../../Engine/Content/EngineMaterials/Substrate/GLints/dict_16_192_64_0p5_0p02_0045_0003.uasset" 5428
"../../../Engine/Content/EngineMaterials/Substrate/GLints/dict_16_192_64_0p5_0p02_0045_0001.uasset" 5429
"../../../Engine/Content/EngineMaterials/Substrate/GLints/dict_16_192_64_0p5_0p02_0045_0000.uasset" 5430
"../../../Engine/Content/EngineMaterials/Substrate/GLints/dict_16_192_64_0p5_0p02_0045_0002.uasset" 5431
"../../../Engine/Content/EngineMaterials/Substrate/GLints/dict_16_192_64_0p5_0p02_0045_0005.uasset" 5432
"/Engine/EngineMaterials/Substrate/GLints/dict_16_192_64_0p5_0p02_0045_0003" 5433
"../../../Engine/Content/EngineMaterials/Substrate/GLints/dict_16_192_64_0p5_0p02_0044_0014.uasset" 5434
"/Engine/EngineMaterials/Substrate/GLints/dict_16_192_64_0p5_0p02_0045_0004" 5435
"/Engine/EngineMaterials/Substrate/GLints/dict_16_192_64_0p5_0p02_0045_0000" 5436
"/Engine/EngineMaterials/Substrate/GLints/dict_16_192_64_0p5_0p02_0045_0005" 5437
"/Engine/EngineMaterials/Substrate/GLints/dict_16_192_64_0p5_0p02_0045_0011" 5438
"/Engine/EngineMaterials/Substrate/GLints/dict_16_192_64_0p5_0p02_0044_0013" 5439
"/Engine/EngineMaterials/Substrate/GLints/dict_16_192_64_0p5_0p02_0045_0001" 5440
"/Engine/EngineMaterials/Substrate/GLints/dict_16_192_64_0p5_0p02_0044_0015" 5441
"/Engine/EngineMaterials/Substrate/GLints/dict_16_192_64_0p5_0p02_0045_0002" 5442
"/Engine/EngineMaterials/Substrate/GLints/dict_16_192_64_0p5_0p02_0044_0014" 5443
"../../../Engine/Content/EngineMaterials/Substrate/GLints/dict_16_192_64_0p5_0p02_0044_0006.uasset" 5444
"../../../Engine/Content/EngineMaterials/Substrate/GLints/dict_16_192_64_0p5_0p02_0044_0010.uasset" 5445
"../../../Engine/Content/EngineMaterials/Substrate/GLints/dict_16_192_64_0p5_0p02_0044_0009.uasset" 5446
"../../../Engine/Content/EngineMaterials/Substrate/GLints/dict_16_192_64_0p5_0p02_0044_0012.uasset" 5447
"../../../Engine/Content/EngineMaterials/Substrate/GLints/dict_16_192_64_0p5_0p02_0044_0007.uasset" 5448
"../../../Engine/Content/EngineMaterials/Substrate/GLints/dict_16_192_64_0p5_0p02_0044_0011.uasset" 5449
"../../../Engine/Content/EngineMaterials/Substrate/GLints/dict_16_192_64_0p5_0p02_0044_0005.uasset" 5450
"../../../Engine/Content/EngineMaterials/Substrate/GLints/dict_16_192_64_0p5_0p02_0044_0004.uasset" 5451
"../../../Engine/Content/EngineMaterials/Substrate/GLints/dict_16_192_64_0p5_0p02_0044_0008.uasset" 5452
"../../../Engine/Content/EngineMaterials/Substrate/GLints/dict_16_192_64_0p5_0p02_0044_0003.uasset" 5453
"/Engine/EngineMaterials/Substrate/GLints/dict_16_192_64_0p5_0p02_0044_0009" 5454
"/Engine/EngineMaterials/Substrate/GLints/dict_16_192_64_0p5_0p02_0044_0008" 5455
"/Engine/EngineMaterials/Substrate/GLints/dict_16_192_64_0p5_0p02_0044_0010" 5456
"/Engine/EngineMaterials/Substrate/GLints/dict_16_192_64_0p5_0p02_0044_0011" 5457
"/Engine/EngineMaterials/Substrate/GLints/dict_16_192_64_0p5_0p02_0044_0012" 5458
"/Engine/EngineMaterials/Substrate/GLints/dict_16_192_64_0p5_0p02_0044_0003" 5459
"/Engine/EngineMaterials/Substrate/GLints/dict_16_192_64_0p5_0p02_0044_0004" 5460
"/Engine/EngineMaterials/Substrate/GLints/dict_16_192_64_0p5_0p02_0044_0005" 5461
"/Engine/EngineMaterials/Substrate/GLints/dict_16_192_64_0p5_0p02_0044_0006" 5462
"/Engine/EngineMaterials/Substrate/GLints/dict_16_192_64_0p5_0p02_0044_0007" 5463
"../../../Engine/Content/EngineMaterials/Substrate/GLints/dict_16_192_64_0p5_0p02_0043_0015.uasset" 5464
"../../../Engine/Content/EngineMaterials/Substrate/GLints/dict_16_192_64_0p5_0p02_0043_0014.uasset" 5465
"../../../Engine/Content/EngineMaterials/Substrate/GLints/dict_16_192_64_0p5_0p02_0044_0001.uasset" 5466
"../../../Engine/Content/EngineMaterials/Substrate/GLints/dict_16_192_64_0p5_0p02_0044_0000.uasset" 5467
"../../../Engine/Content/EngineMaterials/Substrate/GLints/dict_16_192_64_0p5_0p02_0043_0012.uasset" 5468
"../../../Engine/Content/EngineMaterials/Substrate/GLints/dict_16_192_64_0p5_0p02_0043_0011.uasset" 5469
"../../../Engine/Content/EngineMaterials/Substrate/GLints/dict_16_192_64_0p5_0p02_0043_0013.uasset" 5470
"../../../Engine/Content/EngineMaterials/Substrate/GLints/dict_16_192_64_0p5_0p02_0043_0010.uasset" 5471
"../../../Engine/Content/EngineMaterials/Substrate/GLints/dict_16_192_64_0p5_0p02_0044_0002.uasset" 5472
"../../../Engine/Content/EngineMaterials/Substrate/GLints/dict_16_192_64_0p5_0p02_0043_0009.uasset" 5473
"/Engine/EngineMaterials/Substrate/GLints/dict_16_192_64_0p5_0p02_0043_0010" 5474
"/Engine/EngineMaterials/Substrate/GLints/dict_16_192_64_0p5_0p02_0043_0011" 5475
"/Engine/EngineMaterials/Substrate/GLints/dict_16_192_64_0p5_0p02_0043_0012" 5476
"/Engine/EngineMaterials/Substrate/GLints/dict_16_192_64_0p5_0p02_0044_0000" 5477
"/Engine/EngineMaterials/Substrate/GLints/dict_16_192_64_0p5_0p02_0043_0009" 5478
"/Engine/EngineMaterials/Substrate/GLints/dict_16_192_64_0p5_0p02_0043_0013" 5479
"/Engine/EngineMaterials/Substrate/GLints/dict_16_192_64_0p5_0p02_0043_0014" 5480
"/Engine/EngineMaterials/Substrate/GLints/dict_16_192_64_0p5_0p02_0044_0001" 5481
"/Engine/EngineMaterials/Substrate/GLints/dict_16_192_64_0p5_0p02_0044_0002" 5482
"/Engine/EngineMaterials/Substrate/GLints/dict_16_192_64_0p5_0p02_0043_0015" 5483
"../../../Engine/Content/EngineMaterials/Substrate/GLints/dict_16_192_64_0p5_0p02_0043_0006.uasset" 5484
"../../../Engine/Content/EngineMaterials/Substrate/GLints/dict_16_192_64_0p5_0p02_0043_0002.uasset" 5485
"../../../Engine/Content/EngineMaterials/Substrate/GLints/dict_16_192_64_0p5_0p02_0043_0008.uasset" 5486
"../../../Engine/Content/EngineMaterials/Substrate/GLints/dict_16_192_64_0p5_0p02_0043_0004.uasset" 5487
"../../../Engine/Content/EngineMaterials/Substrate/GLints/dict_16_192_64_0p5_0p02_0043_0007.uasset" 5488
"../../../Engine/Content/EngineMaterials/Substrate/GLints/dict_16_192_64_0p5_0p02_0042_0015.uasset" 5489
"../../../Engine/Content/EngineMaterials/Substrate/GLints/dict_16_192_64_0p5_0p02_0043_0001.uasset" 5490
"../../../Engine/Content/EngineMaterials/Substrate/GLints/dict_16_192_64_0p5_0p02_0043_0003.uasset" 5491
"../../../Engine/Content/EngineMaterials/Substrate/GLints/dict_16_192_64_0p5_0p02_0043_0005.uasset" 5492
"/Engine/EngineMaterials/Substrate/GLints/dict_16_192_64_0p5_0p02_0043_0008" 5493
"/Engine/EngineMaterials/Substrate/GLints/dict_16_192_64_0p5_0p02_0042_0015" 5494
"/Engine/EngineMaterials/Substrate/GLints/dict_16_192_64_0p5_0p02_0043_0001" 5495
"/Engine/EngineMaterials/Substrate/GLints/dict_16_192_64_0p5_0p02_0043_0007" 5496
"/Engine/EngineMaterials/Substrate/GLints/dict_16_192_64_0p5_0p02_0043_0002" 5497
"/Engine/EngineMaterials/Substrate/GLints/dict_16_192_64_0p5_0p02_0043_0003" 5498
"/Engine/EngineMaterials/Substrate/GLints/dict_16_192_64_0p5_0p02_0043_0004" 5499
"/Engine/EngineMaterials/Substrate/GLints/dict_16_192_64_0p5_0p02_0043_0005" 5500
"/Engine/EngineMaterials/Substrate/GLints/dict_16_192_64_0p5_0p02_0043_0006" 5501
"../../../Engine/Content/EngineMaterials/Substrate/GLints/dict_16_192_64_0p5_0p02_0042_0014.uasset" 5502
"../../../Engine/Content/EngineMaterials/Substrate/GLints/dict_16_192_64_0p5_0p02_0042_0007.uasset" 5503
"../../../Engine/Content/EngineMaterials/Substrate/GLints/dict_16_192_64_0p5_0p02_0042_0009.uasset" 5504
"/Engine/EngineMaterials/Substrate/GLints/dict_16_192_64_0p5_0p02_0042_0014" 5505
"../../../Engine/Content/EngineMaterials/Substrate/GLints/dict_16_192_64_0p5_0p02_0043_0000.uasset" 5506
"../../../Engine/Content/EngineMaterials/Substrate/GLints/dict_16_192_64_0p5_0p02_0042_0013.uasset" 5507
"../../../Engine/Content/EngineMaterials/Substrate/GLints/dict_16_192_64_0p5_0p02_0042_0008.uasset" 5508
"/Engine/EngineMaterials/Substrate/GLints/dict_16_192_64_0p5_0p02_0042_0007" 5509
"../../../Engine/Content/EngineMaterials/Substrate/GLints/dict_16_192_64_0p5_0p02_0042_0006.uasset" 5510
"/Engine/EngineMaterials/Substrate/GLints/dict_16_192_64_0p5_0p02_0042_0009" 5511
"/Engine/EngineMaterials/Substrate/GLints/dict_16_192_64_0p5_0p02_0043_0000" 5512
"/Engine/EngineMaterials/Substrate/GLints/dict_16_192_64_0p5_0p02_0042_0006" 5513
"../../../Engine/Content/EngineMaterials/Substrate/GLints/dict_16_192_64_0p5_0p02_0042_0011.uasset" 5514
"/Engine/EngineMaterials/Substrate/GLints/dict_16_192_64_0p5_0p02_0042_0008" 5515
"/Engine/EngineMaterials/Substrate/GLints/dict_16_192_64_0p5_0p02_0042_0013" 5516
"/Engine/EngineMaterials/Substrate/GLints/dict_16_192_64_0p5_0p02_0042_0011" 5517
"../../../Engine/Content/EngineMaterials/Substrate/GLints/dict_16_192_64_0p5_0p02_0042_0012.uasset" 5518
"/Engine/EngineMaterials/Substrate/GLints/dict_16_192_64_0p5_0p02_0042_0012" 5519
"../../../Engine/Content/EngineMaterials/Substrate/GLints/dict_16_192_64_0p5_0p02_0042_0010.uasset" 5520
"/Engine/EngineMaterials/Substrate/GLints/dict_16_192_64_0p5_0p02_0042_0010" 5521
"../../../Engine/Content/EngineMaterials/Substrate/GLints/dict_16_192_64_0p5_0p02_0042_0003.uasset" 5522
"../../../Engine/Content/EngineMaterials/Substrate/GLints/dict_16_192_64_0p5_0p02_0041_0014.uasset" 5523
"../../../Engine/Content/EngineMaterials/Substrate/GLints/dict_16_192_64_0p5_0p02_0042_0004.uasset" 5524
"../../../Engine/Content/EngineMaterials/Substrate/GLints/dict_16_192_64_0p5_0p02_0041_0013.uasset" 5525
"../../../Engine/Content/EngineMaterials/Substrate/GLints/dict_16_192_64_0p5_0p02_0042_0001.uasset" 5526
"../../../Engine/Content/EngineMaterials/Substrate/GLints/dict_16_192_64_0p5_0p02_0041_0015.uasset" 5527
"../../../Engine/Content/EngineMaterials/Substrate/GLints/dict_16_192_64_0p5_0p02_0042_0002.uasset" 5528
"../../../Engine/Content/EngineMaterials/Substrate/GLints/dict_16_192_64_0p5_0p02_0041_0012.uasset" 5529
"../../../Engine/Content/EngineMaterials/Substrate/GLints/dict_16_192_64_0p5_0p02_0042_0005.uasset" 5530
"../../../Engine/Content/EngineMaterials/Substrate/GLints/dict_16_192_64_0p5_0p02_0042_0000.uasset" 5531
"/Engine/EngineMaterials/Substrate/GLints/dict_16_192_64_0p5_0p02_0042_0003" 5532
"/Engine/EngineMaterials/Substrate/GLints/dict_16_192_64_0p5_0p02_0042_0004" 5533
"/Engine/EngineMaterials/Substrate/GLints/dict_16_192_64_0p5_0p02_0042_0005" 5534
"/Engine/EngineMaterials/Substrate/GLints/dict_16_192_64_0p5_0p02_0041_0012" 5535
"/Engine/EngineMaterials/Substrate/GLints/dict_16_192_64_0p5_0p02_0041_0013" 5536
"/Engine/EngineMaterials/Substrate/GLints/dict_16_192_64_0p5_0p02_0041_0014" 5537
"/Engine/EngineMaterials/Substrate/GLints/dict_16_192_64_0p5_0p02_0041_0015" 5538
"/Engine/EngineMaterials/Substrate/GLints/dict_16_192_64_0p5_0p02_0042_0000" 5539
"/Engine/EngineMaterials/Substrate/GLints/dict_16_192_64_0p5_0p02_0042_0001" 5540
"/Engine/EngineMaterials/Substrate/GLints/dict_16_192_64_0p5_0p02_0042_0002" 5541
"../../../Engine/Content/EngineMaterials/Substrate/GLints/dict_16_192_64_0p5_0p02_0041_0005.uasset" 5542
"../../../Engine/Content/EngineMaterials/Substrate/GLints/dict_16_192_64_0p5_0p02_0041_0010.uasset" 5543
"../../../Engine/Content/EngineMaterials/Substrate/GLints/dict_16_192_64_0p5_0p02_0041_0008.uasset" 5544
"../../../Engine/Content/EngineMaterials/Substrate/GLints/dict_16_192_64_0p5_0p02_0041_0007.uasset" 5545
"../../../Engine/Content/EngineMaterials/Substrate/GLints/dict_16_192_64_0p5_0p02_0041_0009.uasset" 5546
"../../../Engine/Content/EngineMaterials/Substrate/GLints/dict_16_192_64_0p5_0p02_0041_0006.uasset" 5547
"../../../Engine/Content/EngineMaterials/Substrate/GLints/dict_16_192_64_0p5_0p02_0041_0003.uasset" 5548
"../../../Engine/Content/EngineMaterials/Substrate/GLints/dict_16_192_64_0p5_0p02_0041_0002.uasset" 5549
"../../../Engine/Content/EngineMaterials/Substrate/GLints/dict_16_192_64_0p5_0p02_0041_0004.uasset" 5550
"/Engine/EngineMaterials/Substrate/GLints/dict_16_192_64_0p5_0p02_0041_0009" 5551
"/Engine/EngineMaterials/Substrate/GLints/dict_16_192_64_0p5_0p02_0041_0010" 5552
"/Engine/EngineMaterials/Substrate/GLints/dict_16_192_64_0p5_0p02_0041_0002" 5553
"/Engine/EngineMaterials/Substrate/GLints/dict_16_192_64_0p5_0p02_0041_0003" 5554
"/Engine/EngineMaterials/Substrate/GLints/dict_16_192_64_0p5_0p02_0041_0004" 5555
"/Engine/EngineMaterials/Substrate/GLints/dict_16_192_64_0p5_0p02_0041_0005" 5556
"/Engine/EngineMaterials/Substrate/GLints/dict_16_192_64_0p5_0p02_0041_0006" 5557
"/Engine/EngineMaterials/Substrate/GLints/dict_16_192_64_0p5_0p02_0041_0007" 5558
"/Engine/EngineMaterials/Substrate/GLints/dict_16_192_64_0p5_0p02_0041_0008" 5559
"../../../Engine/Content/EngineMaterials/Substrate/GLints/dict_16_192_64_0p5_0p02_0041_0001.uasset" 5560
"../../../Engine/Content/EngineMaterials/Substrate/GLints/dict_16_192_64_0p5_0p02_0040_0013.uasset" 5561
"../../../Engine/Content/EngineMaterials/Substrate/GLints/dict_16_192_64_0p5_0p02_0041_0000.uasset" 5562
"../../../Engine/Content/EngineMaterials/Substrate/GLints/dict_16_192_64_0p5_0p02_0041_0011.uasset" 5563
"../../../Engine/Content/EngineMaterials/Substrate/GLints/dict_16_192_64_0p5_0p02_0040_0014.uasset" 5564
"../../../Engine/Content/EngineMaterials/Substrate/GLints/dict_16_192_64_0p5_0p02_0040_0011.uasset" 5565
"../../../Engine/Content/EngineMaterials/Substrate/GLints/dict_16_192_64_0p5_0p02_0040_0009.uasset" 5566
"../../../Engine/Content/EngineMaterials/Substrate/GLints/dict_16_192_64_0p5_0p02_0040_0012.uasset" 5567
"../../../Engine/Content/EngineMaterials/Substrate/GLints/dict_16_192_64_0p5_0p02_0040_0010.uasset" 5568
"/Engine/EngineMaterials/Substrate/GLints/dict_16_192_64_0p5_0p02_0041_0000" 5569
"/Engine/EngineMaterials/Substrate/GLints/dict_16_192_64_0p5_0p02_0041_0011" 5570
"/Engine/EngineMaterials/Substrate/GLints/dict_16_192_64_0p5_0p02_0040_0013" 5571
"/Engine/EngineMaterials/Substrate/GLints/dict_16_192_64_0p5_0p02_0041_0001" 5572
"/Engine/EngineMaterials/Substrate/GLints/dict_16_192_64_0p5_0p02_0040_0009" 5573
"/Engine/EngineMaterials/Substrate/GLints/dict_16_192_64_0p5_0p02_0040_0010" 5574
"/Engine/EngineMaterials/Substrate/GLints/dict_16_192_64_0p5_0p02_0040_0014" 5575
"/Engine/EngineMaterials/Substrate/GLints/dict_16_192_64_0p5_0p02_0040_0011" 5576
"/Engine/EngineMaterials/Substrate/GLints/dict_16_192_64_0p5_0p02_0040_0012" 5577
"../../../Engine/Content/EngineMaterials/Substrate/GLints/dict_16_192_64_0p5_0p02_0040_0007.uasset" 5578
"../../../Engine/Content/EngineMaterials/Substrate/GLints/dict_16_192_64_0p5_0p02_0040_0006.uasset" 5579
"../../../Engine/Content/EngineMaterials/Substrate/GLints/dict_16_192_64_0p5_0p02_0040_0001.uasset" 5580
"../../../Engine/Content/EngineMaterials/Substrate/GLints/dict_16_192_64_0p5_0p02_0040_0005.uasset" 5581
"../../../Engine/Content/EngineMaterials/Substrate/GLints/dict_16_192_64_0p5_0p02_0040_0002.uasset" 5582
"../../../Engine/Content/EngineMaterials/Substrate/GLints/dict_16_192_64_0p5_0p02_0040_0000.uasset" 5583
"../../../Engine/Content/EngineMaterials/Substrate/GLints/dict_16_192_64_0p5_0p02_0040_0008.uasset" 5584
"/Engine/EngineMaterials/Substrate/GLints/dict_16_192_64_0p5_0p02_0040_0000" 5585
"../../../Engine/Content/EngineMaterials/Substrate/GLints/dict_16_192_64_0p5_0p02_0040_0003.uasset" 5586
"/Engine/EngineMaterials/Substrate/GLints/dict_16_192_64_0p5_0p02_0040_0001" 5587
"/Engine/EngineMaterials/Substrate/GLints/dict_16_192_64_0p5_0p02_0040_0002" 5588
"../../../Engine/Content/EngineMaterials/Substrate/GLints/dict_16_192_64_0p5_0p02_0040_0004.uasset" 5589
"/Engine/EngineMaterials/Substrate/GLints/dict_16_192_64_0p5_0p02_0040_0006" 5590
"/Engine/EngineMaterials/Substrate/GLints/dict_16_192_64_0p5_0p02_0040_0008" 5591
"/Engine/EngineMaterials/Substrate/GLints/dict_16_192_64_0p5_0p02_0040_0007" 5592
"/Engine/EngineMaterials/Substrate/GLints/dict_16_192_64_0p5_0p02_0040_0005" 5593
"/Engine/EngineMaterials/Substrate/GLints/dict_16_192_64_0p5_0p02_0040_0003" 5594
"/Engine/EngineMaterials/Substrate/GLints/dict_16_192_64_0p5_0p02_0040_0004" 5595
"../../../Engine/Content/EngineMaterials/Substrate/GLints/dict_16_192_64_0p5_0p02_0040_0015.uasset" 5596
"../../../Engine/Content/EngineMaterials/Substrate/GLints/dict_16_192_64_0p5_0p02_0039_0012.uasset" 5597
"../../../Engine/Content/EngineMaterials/Substrate/GLints/dict_16_192_64_0p5_0p02_0039_0013.uasset" 5598
"../../../Engine/Content/EngineMaterials/Substrate/GLints/dict_16_192_64_0p5_0p02_0039_0015.uasset" 5599
"../../../Engine/Content/EngineMaterials/Substrate/GLints/dict_16_192_64_0p5_0p02_0039_0014.uasset" 5600
"../../../Engine/Content/EngineMaterials/Substrate/GLints/dict_16_192_64_0p5_0p02_0039_0011.uasset" 5601
"../../../Engine/Content/EngineMaterials/Substrate/GLints/dict_16_192_64_0p5_0p02_0039_0010.uasset" 5602
"../../../Engine/Content/EngineMaterials/Substrate/GLints/dict_16_192_64_0p5_0p02_0039_0007.uasset" 5603
"../../../Engine/Content/EngineMaterials/Substrate/GLints/dict_16_192_64_0p5_0p02_0039_0009.uasset" 5604
"../../../Engine/Content/EngineMaterials/Substrate/GLints/dict_16_192_64_0p5_0p02_0039_0008.uasset" 5605
"/Engine/EngineMaterials/Substrate/GLints/dict_16_192_64_0p5_0p02_0039_0012" 5606
"/Engine/EngineMaterials/Substrate/GLints/dict_16_192_64_0p5_0p02_0039_0013" 5607
"/Engine/EngineMaterials/Substrate/GLints/dict_16_192_64_0p5_0p02_0039_0014" 5608
"/Engine/EngineMaterials/Substrate/GLints/dict_16_192_64_0p5_0p02_0039_0015" 5609
"/Engine/EngineMaterials/Substrate/GLints/dict_16_192_64_0p5_0p02_0039_0007" 5610
"/Engine/EngineMaterials/Substrate/GLints/dict_16_192_64_0p5_0p02_0040_0015" 5611
"/Engine/EngineMaterials/Substrate/GLints/dict_16_192_64_0p5_0p02_0039_0008" 5612
"/Engine/EngineMaterials/Substrate/GLints/dict_16_192_64_0p5_0p02_0039_0009" 5613
"/Engine/EngineMaterials/Substrate/GLints/dict_16_192_64_0p5_0p02_0039_0010" 5614
"/Engine/EngineMaterials/Substrate/GLints/dict_16_192_64_0p5_0p02_0039_0011" 5615
"../../../Engine/Content/EngineMaterials/Substrate/GLints/dict_16_192_64_0p5_0p02_0039_0006.uasset" 5616
"../../../Engine/Content/EngineMaterials/Substrate/GLints/dict_16_192_64_0p5_0p02_0039_0002.uasset" 5617
"../../../Engine/Content/EngineMaterials/Substrate/GLints/dict_16_192_64_0p5_0p02_0038_0013.uasset" 5618
"../../../Engine/Content/EngineMaterials/Substrate/GLints/dict_16_192_64_0p5_0p02_0039_0000.uasset" 5619
"../../../Engine/Content/EngineMaterials/Substrate/GLints/dict_16_192_64_0p5_0p02_0038_0015.uasset" 5620
"../../../Engine/Content/EngineMaterials/Substrate/GLints/dict_16_192_64_0p5_0p02_0039_0003.uasset" 5621
"../../../Engine/Content/EngineMaterials/Substrate/GLints/dict_16_192_64_0p5_0p02_0039_0005.uasset" 5622
"../../../Engine/Content/EngineMaterials/Substrate/GLints/dict_16_192_64_0p5_0p02_0038_0014.uasset" 5623
"../../../Engine/Content/EngineMaterials/Substrate/GLints/dict_16_192_64_0p5_0p02_0039_0001.uasset" 5624
"/Engine/EngineMaterials/Substrate/GLints/dict_16_192_64_0p5_0p02_0039_0003" 5625
"/Engine/EngineMaterials/Substrate/GLints/dict_16_192_64_0p5_0p02_0038_0013" 5626
"/Engine/EngineMaterials/Substrate/GLints/dict_16_192_64_0p5_0p02_0038_0014" 5627
"/Engine/EngineMaterials/Substrate/GLints/dict_16_192_64_0p5_0p02_0038_0015" 5628
"/Engine/EngineMaterials/Substrate/GLints/dict_16_192_64_0p5_0p02_0039_0005" 5629
"/Engine/EngineMaterials/Substrate/GLints/dict_16_192_64_0p5_0p02_0039_0000" 5630
"/Engine/EngineMaterials/Substrate/GLints/dict_16_192_64_0p5_0p02_0039_0006" 5631
"/Engine/EngineMaterials/Substrate/GLints/dict_16_192_64_0p5_0p02_0039_0001" 5632
"/Engine/EngineMaterials/Substrate/GLints/dict_16_192_64_0p5_0p02_0039_0002" 5633
"../../../Engine/Content/EngineMaterials/Substrate/GLints/dict_16_192_64_0p5_0p02_0038_0011.uasset" 5634
"../../../Engine/Content/EngineMaterials/Substrate/GLints/dict_16_192_64_0p5_0p02_0038_0008.uasset" 5635
"../../../Engine/Content/EngineMaterials/Substrate/GLints/dict_16_192_64_0p5_0p02_0038_0009.uasset" 5636
"../../../Engine/Content/EngineMaterials/Substrate/GLints/dict_16_192_64_0p5_0p02_0039_0004.uasset" 5637
"../../../Engine/Content/EngineMaterials/Substrate/GLints/dict_16_192_64_0p5_0p02_0038_0004.uasset" 5638
"../../../Engine/Content/EngineMaterials/Substrate/GLints/dict_16_192_64_0p5_0p02_0038_0006.uasset" 5639
"/Engine/EngineMaterials/Substrate/GLints/dict_16_192_64_0p5_0p02_0039_0004" 5640
"/Engine/EngineMaterials/Substrate/GLints/dict_16_192_64_0p5_0p02_0038_0011" 5641
"/Engine/EngineMaterials/Substrate/GLints/dict_16_192_64_0p5_0p02_0038_0004" 5642
"/Engine/EngineMaterials/Substrate/GLints/dict_16_192_64_0p5_0p02_0038_0006" 5643
"/Engine/EngineMaterials/Substrate/GLints/dict_16_192_64_0p5_0p02_0038_0008" 5644
"/Engine/EngineMaterials/Substrate/GLints/dict_16_192_64_0p5_0p02_0038_0009" 5645
"../../../Engine/Content/EngineMaterials/Substrate/GLints/dict_16_192_64_0p5_0p02_0038_0012.uasset" 5646
"../../../Engine/Content/EngineMaterials/Substrate/GLints/dict_16_192_64_0p5_0p02_0038_0010.uasset" 5647
"/Engine/EngineMaterials/Substrate/GLints/dict_16_192_64_0p5_0p02_0038_0010" 5648
"/Engine/EngineMaterials/Substrate/GLints/dict_16_192_64_0p5_0p02_0038_0012" 5649
"../../../Engine/Content/EngineMaterials/Substrate/GLints/dict_16_192_64_0p5_0p02_0038_0007.uasset" 5650
"../../../Engine/Content/EngineMaterials/Substrate/GLints/dict_16_192_64_0p5_0p02_0038_0005.uasset" 5651
"../../../Engine/Content/EngineMaterials/Substrate/GLints/dict_16_192_64_0p5_0p02_0037_0012.uasset" 5652
"../../../Engine/Content/EngineMaterials/Substrate/GLints/dict_16_192_64_0p5_0p02_0038_0002.uasset" 5653
"../../../Engine/Content/EngineMaterials/Substrate/GLints/dict_16_192_64_0p5_0p02_0037_0015.uasset" 5654
"../../../Engine/Content/EngineMaterials/Substrate/GLints/dict_16_192_64_0p5_0p02_0038_0001.uasset" 5655
"../../../Engine/Content/EngineMaterials/Substrate/GLints/dict_16_192_64_0p5_0p02_0037_0013.uasset" 5656
"/Engine/EngineMaterials/Substrate/GLints/dict_16_192_64_0p5_0p02_0038_0005" 5657
"../../../Engine/Content/EngineMaterials/Substrate/GLints/dict_16_192_64_0p5_0p02_0038_0000.uasset" 5658
"../../../Engine/Content/EngineMaterials/Substrate/GLints/dict_16_192_64_0p5_0p02_0037_0014.uasset" 5659
"/Engine/EngineMaterials/Substrate/GLints/dict_16_192_64_0p5_0p02_0038_0001" 5660
"../../../Engine/Content/EngineMaterials/Substrate/GLints/dict_16_192_64_0p5_0p02_0038_0003.uasset" 5661
"/Engine/EngineMaterials/Substrate/GLints/dict_16_192_64_0p5_0p02_0038_0002" 5662
"/Engine/EngineMaterials/Substrate/GLints/dict_16_192_64_0p5_0p02_0037_0012" 5663
"/Engine/EngineMaterials/Substrate/GLints/dict_16_192_64_0p5_0p02_0037_0013" 5664
"/Engine/EngineMaterials/Substrate/GLints/dict_16_192_64_0p5_0p02_0038_0007" 5665
"/Engine/EngineMaterials/Substrate/GLints/dict_16_192_64_0p5_0p02_0037_0015" 5666
"/Engine/EngineMaterials/Substrate/GLints/dict_16_192_64_0p5_0p02_0038_0003" 5667
"/Engine/EngineMaterials/Substrate/GLints/dict_16_192_64_0p5_0p02_0037_0014" 5668
"/Engine/EngineMaterials/Substrate/GLints/dict_16_192_64_0p5_0p02_0038_0000" 5669
"../../../Engine/Content/EngineMaterials/Substrate/GLints/dict_16_192_64_0p5_0p02_0037_0002.uasset" 5670
"../../../Engine/Content/EngineMaterials/Substrate/GLints/dict_16_192_64_0p5_0p02_0037_0011.uasset" 5671
"../../../Engine/Content/EngineMaterials/Substrate/GLints/dict_16_192_64_0p5_0p02_0037_0007.uasset" 5672
"../../../Engine/Content/EngineMaterials/Substrate/GLints/dict_16_192_64_0p5_0p02_0037_0008.uasset" 5673
"../../../Engine/Content/EngineMaterials/Substrate/GLints/dict_16_192_64_0p5_0p02_0037_0009.uasset" 5674
"../../../Engine/Content/EngineMaterials/Substrate/GLints/dict_16_192_64_0p5_0p02_0037_0005.uasset" 5675
"../../../Engine/Content/EngineMaterials/Substrate/GLints/dict_16_192_64_0p5_0p02_0037_0003.uasset" 5676
"../../../Engine/Content/EngineMaterials/Substrate/GLints/dict_16_192_64_0p5_0p02_0037_0010.uasset" 5677
"../../../Engine/Content/EngineMaterials/Substrate/GLints/dict_16_192_64_0p5_0p02_0037_0004.uasset" 5678
"../../../Engine/Content/EngineMaterials/Substrate/GLints/dict_16_192_64_0p5_0p02_0037_0006.uasset" 5679
"/Engine/EngineMaterials/Substrate/GLints/dict_16_192_64_0p5_0p02_0037_0007" 5680
"/Engine/EngineMaterials/Substrate/GLints/dict_16_192_64_0p5_0p02_0037_0008" 5681
"/Engine/EngineMaterials/Substrate/GLints/dict_16_192_64_0p5_0p02_0037_0009" 5682
"/Engine/EngineMaterials/Substrate/GLints/dict_16_192_64_0p5_0p02_0037_0010" 5683
"/Engine/EngineMaterials/Substrate/GLints/dict_16_192_64_0p5_0p02_0037_0002" 5684
"/Engine/EngineMaterials/Substrate/GLints/dict_16_192_64_0p5_0p02_0037_0003" 5685
"/Engine/EngineMaterials/Substrate/GLints/dict_16_192_64_0p5_0p02_0037_0004" 5686
"/Engine/EngineMaterials/Substrate/GLints/dict_16_192_64_0p5_0p02_0037_0011" 5687
"/Engine/EngineMaterials/Substrate/GLints/dict_16_192_64_0p5_0p02_0037_0005" 5688
"/Engine/EngineMaterials/Substrate/GLints/dict_16_192_64_0p5_0p02_0037_0006" 5689
"../../../Engine/Content/EngineMaterials/Substrate/GLints/dict_16_192_64_0p5_0p02_0037_0000.uasset" 5690
"../../../Engine/Content/EngineMaterials/Substrate/GLints/dict_16_192_64_0p5_0p02_0036_0009.uasset" 5691
"../../../Engine/Content/EngineMaterials/Substrate/GLints/dict_16_192_64_0p5_0p02_0036_0010.uasset" 5692
"../../../Engine/Content/EngineMaterials/Substrate/GLints/dict_16_192_64_0p5_0p02_0036_0008.uasset" 5693
"../../../Engine/Content/EngineMaterials/Substrate/GLints/dict_16_192_64_0p5_0p02_0037_0001.uasset" 5694
"../../../Engine/Content/EngineMaterials/Substrate/GLints/dict_16_192_64_0p5_0p02_0036_0011.uasset" 5695
"../../../Engine/Content/EngineMaterials/Substrate/GLints/dict_16_192_64_0p5_0p02_0036_0013.uasset" 5696
"../../../Engine/Content/EngineMaterials/Substrate/GLints/dict_16_192_64_0p5_0p02_0036_0015.uasset" 5697
"../../../Engine/Content/EngineMaterials/Substrate/GLints/dict_16_192_64_0p5_0p02_0036_0014.uasset" 5698
"/Engine/EngineMaterials/Substrate/GLints/dict_16_192_64_0p5_0p02_0036_0014" 5699
"/Engine/EngineMaterials/Substrate/GLints/dict_16_192_64_0p5_0p02_0036_0008" 5700
"/Engine/EngineMaterials/Substrate/GLints/dict_16_192_64_0p5_0p02_0036_0009" 5701
"/Engine/EngineMaterials/Substrate/GLints/dict_16_192_64_0p5_0p02_0036_0015" 5702
"/Engine/EngineMaterials/Substrate/GLints/dict_16_192_64_0p5_0p02_0037_0000" 5703
"/Engine/EngineMaterials/Substrate/GLints/dict_16_192_64_0p5_0p02_0037_0001" 5704
"/Engine/EngineMaterials/Substrate/GLints/dict_16_192_64_0p5_0p02_0036_0010" 5705
"/Engine/EngineMaterials/Substrate/GLints/dict_16_192_64_0p5_0p02_0036_0011" 5706
"/Engine/EngineMaterials/Substrate/GLints/dict_16_192_64_0p5_0p02_0036_0013" 5707
"../../../Engine/Content/EngineMaterials/Substrate/GLints/dict_16_192_64_0p5_0p02_0036_0012.uasset" 5708
"../../../Engine/Content/EngineMaterials/Substrate/GLints/dict_16_192_64_0p5_0p02_0036_0004.uasset" 5709
"../../../Engine/Content/EngineMaterials/Substrate/GLints/dict_16_192_64_0p5_0p02_0036_0000.uasset" 5710
"../../../Engine/Content/EngineMaterials/Substrate/GLints/dict_16_192_64_0p5_0p02_0036_0006.uasset" 5711
"../../../Engine/Content/EngineMaterials/Substrate/GLints/dict_16_192_64_0p5_0p02_0036_0003.uasset" 5712
"../../../Engine/Content/EngineMaterials/Substrate/GLints/dict_16_192_64_0p5_0p02_0036_0002.uasset" 5713
"../../../Engine/Content/EngineMaterials/Substrate/GLints/dict_16_192_64_0p5_0p02_0036_0007.uasset" 5714
"/Engine/EngineMaterials/Substrate/GLints/dict_16_192_64_0p5_0p02_0036_0006" 5715
"../../../Engine/Content/EngineMaterials/Substrate/GLints/dict_16_192_64_0p5_0p02_0036_0005.uasset" 5716
"/Engine/EngineMaterials/Substrate/GLints/dict_16_192_64_0p5_0p02_0036_0000" 5717
"../../../Engine/Content/EngineMaterials/Substrate/GLints/dict_16_192_64_0p5_0p02_0035_0015.uasset" 5718
"/Engine/EngineMaterials/Substrate/GLints/dict_16_192_64_0p5_0p02_0036_0002" 5719
"/Engine/EngineMaterials/Substrate/GLints/dict_16_192_64_0p5_0p02_0036_0003" 5720
"/Engine/EngineMaterials/Substrate/GLints/dict_16_192_64_0p5_0p02_0036_0004" 5721
"/Engine/EngineMaterials/Substrate/GLints/dict_16_192_64_0p5_0p02_0036_0012" 5722
"/Engine/EngineMaterials/Substrate/GLints/dict_16_192_64_0p5_0p02_0036_0007" 5723
"/Engine/EngineMaterials/Substrate/GLints/dict_16_192_64_0p5_0p02_0035_0015" 5724
"/Engine/EngineMaterials/Substrate/GLints/dict_16_192_64_0p5_0p02_0036_0005" 5725
"../../../Engine/Content/EngineMaterials/Substrate/GLints/dict_16_192_64_0p5_0p02_0035_0006.uasset" 5726
"../../../Engine/Content/EngineMaterials/Substrate/GLints/dict_16_192_64_0p5_0p02_0036_0001.uasset" 5727
"/Engine/EngineMaterials/Substrate/GLints/dict_16_192_64_0p5_0p02_0035_0006" 5728
"../../../Engine/Content/EngineMaterials/Substrate/GLints/dict_16_192_64_0p5_0p02_0035_0008.uasset" 5729
"../../../Engine/Content/EngineMaterials/Substrate/GLints/dict_16_192_64_0p5_0p02_0035_0013.uasset" 5730
"/Engine/EngineMaterials/Substrate/GLints/dict_16_192_64_0p5_0p02_0036_0001" 5731
"../../../Engine/Content/EngineMaterials/Substrate/GLints/dict_16_192_64_0p5_0p02_0035_0007.uasset" 5732
"/Engine/EngineMaterials/Substrate/GLints/dict_16_192_64_0p5_0p02_0035_0007" 5733
"/Engine/EngineMaterials/Substrate/GLints/dict_16_192_64_0p5_0p02_0035_0008" 5734
"/Engine/EngineMaterials/Substrate/GLints/dict_16_192_64_0p5_0p02_0035_0013" 5735
"../../../Engine/Content/EngineMaterials/Substrate/GLints/dict_16_192_64_0p5_0p02_0035_0014.uasset" 5736
"../../../Engine/Content/EngineMaterials/Substrate/GLints/dict_16_192_64_0p5_0p02_0035_0011.uasset" 5737
"../../../Engine/Content/EngineMaterials/Substrate/GLints/dict_16_192_64_0p5_0p02_0035_0009.uasset" 5738
"../../../Engine/Content/EngineMaterials/Substrate/GLints/dict_16_192_64_0p5_0p02_0035_0012.uasset" 5739
"../../../Engine/Content/EngineMaterials/Substrate/GLints/dict_16_192_64_0p5_0p02_0035_0010.uasset" 5740
"/Engine/EngineMaterials/Substrate/GLints/dict_16_192_64_0p5_0p02_0035_0012" 5741
"/Engine/EngineMaterials/Substrate/GLints/dict_16_192_64_0p5_0p02_0035_0009" 5742
"/Engine/EngineMaterials/Substrate/GLints/dict_16_192_64_0p5_0p02_0035_0010" 5743
"/Engine/EngineMaterials/Substrate/GLints/dict_16_192_64_0p5_0p02_0035_0011" 5744
"/Engine/EngineMaterials/Substrate/GLints/dict_16_192_64_0p5_0p02_0035_0014" 5745
"../../../Engine/Content/EngineMaterials/Substrate/GLints/dict_16_192_64_0p5_0p02_0035_0004.uasset" 5746
"../../../Engine/Content/EngineMaterials/Substrate/GLints/dict_16_192_64_0p5_0p02_0035_0003.uasset" 5747
"../../../Engine/Content/EngineMaterials/Substrate/GLints/dict_16_192_64_0p5_0p02_0034_0015.uasset" 5748
"../../../Engine/Content/EngineMaterials/Substrate/GLints/dict_16_192_64_0p5_0p02_0034_0013.uasset" 5749
"../../../Engine/Content/EngineMaterials/Substrate/GLints/dict_16_192_64_0p5_0p02_0035_0002.uasset" 5750
"../../../Engine/Content/EngineMaterials/Substrate/GLints/dict_16_192_64_0p5_0p02_0034_0014.uasset" 5751
"../../../Engine/Content/EngineMaterials/Substrate/GLints/dict_16_192_64_0p5_0p02_0035_0000.uasset" 5752
"../../../Engine/Content/EngineMaterials/Substrate/GLints/dict_16_192_64_0p5_0p02_0035_0005.uasset" 5753
"../../../Engine/Content/EngineMaterials/Substrate/GLints/dict_16_192_64_0p5_0p02_0035_0001.uasset" 5754
"/Engine/EngineMaterials/Substrate/GLints/dict_16_192_64_0p5_0p02_0035_0002" 5755
"/Engine/EngineMaterials/Substrate/GLints/dict_16_192_64_0p5_0p02_0035_0003" 5756
"/Engine/EngineMaterials/Substrate/GLints/dict_16_192_64_0p5_0p02_0035_0004" 5757
"/Engine/EngineMaterials/Substrate/GLints/dict_16_192_64_0p5_0p02_0034_0013" 5758
"/Engine/EngineMaterials/Substrate/GLints/dict_16_192_64_0p5_0p02_0034_0014" 5759
"/Engine/EngineMaterials/Substrate/GLints/dict_16_192_64_0p5_0p02_0035_0005" 5760
"/Engine/EngineMaterials/Substrate/GLints/dict_16_192_64_0p5_0p02_0034_0015" 5761
"/Engine/EngineMaterials/Substrate/GLints/dict_16_192_64_0p5_0p02_0035_0000" 5762
"/Engine/EngineMaterials/Substrate/GLints/dict_16_192_64_0p5_0p02_0035_0001" 5763
"../../../Engine/Content/EngineMaterials/Substrate/GLints/dict_16_192_64_0p5_0p02_0034_0010.uasset" 5764
"../../../Engine/Content/EngineMaterials/Substrate/GLints/dict_16_192_64_0p5_0p02_0034_0005.uasset" 5765
"../../../Engine/Content/EngineMaterials/Substrate/GLints/dict_16_192_64_0p5_0p02_0034_0011.uasset" 5766
"../../../Engine/Content/EngineMaterials/Substrate/GLints/dict_16_192_64_0p5_0p02_0034_0004.uasset" 5767
"../../../Engine/Content/EngineMaterials/Substrate/GLints/dict_16_192_64_0p5_0p02_0034_0003.uasset" 5768
"../../../Engine/Content/EngineMaterials/Substrate/GLints/dict_16_192_64_0p5_0p02_0034_0007.uasset" 5769
"../../../Engine/Content/EngineMaterials/Substrate/GLints/dict_16_192_64_0p5_0p02_0034_0008.uasset" 5770
"../../../Engine/Content/EngineMaterials/Substrate/GLints/dict_16_192_64_0p5_0p02_0034_0009.uasset" 5771
"/Engine/EngineMaterials/Substrate/GLints/dict_16_192_64_0p5_0p02_0034_0009" 5772
"/Engine/EngineMaterials/Substrate/GLints/dict_16_192_64_0p5_0p02_0034_0003" 5773
"/Engine/EngineMaterials/Substrate/GLints/dict_16_192_64_0p5_0p02_0034_0010" 5774
"/Engine/EngineMaterials/Substrate/GLints/dict_16_192_64_0p5_0p02_0034_0011" 5775
"/Engine/EngineMaterials/Substrate/GLints/dict_16_192_64_0p5_0p02_0034_0004" 5776
"/Engine/EngineMaterials/Substrate/GLints/dict_16_192_64_0p5_0p02_0034_0005" 5777
"/Engine/EngineMaterials/Substrate/GLints/dict_16_192_64_0p5_0p02_0034_0007" 5778
"/Engine/EngineMaterials/Substrate/GLints/dict_16_192_64_0p5_0p02_0034_0008" 5779
"../../../Engine/Content/EngineMaterials/Substrate/GLints/dict_16_192_64_0p5_0p02_0034_0012.uasset" 5780
"../../../Engine/Content/EngineMaterials/Substrate/GLints/dict_16_192_64_0p5_0p02_0034_0006.uasset" 5781
"../../../Engine/Content/EngineMaterials/Substrate/GLints/dict_16_192_64_0p5_0p02_0034_0002.uasset" 5782
"../../../Engine/Content/EngineMaterials/Substrate/GLints/dict_16_192_64_0p5_0p02_0033_0015.uasset" 5783
"../../../Engine/Content/EngineMaterials/Substrate/GLints/dict_16_192_64_0p5_0p02_0033_0014.uasset" 5784
"../../../Engine/Content/EngineMaterials/Substrate/GLints/dict_16_192_64_0p5_0p02_0033_0011.uasset" 5785
"../../../Engine/Content/EngineMaterials/Substrate/GLints/dict_16_192_64_0p5_0p02_0033_0012.uasset" 5786
"../../../Engine/Content/EngineMaterials/Substrate/GLints/dict_16_192_64_0p5_0p02_0033_0013.uasset" 5787
"../../../Engine/Content/EngineMaterials/Substrate/GLints/dict_16_192_64_0p5_0p02_0034_0001.uasset" 5788
"../../../Engine/Content/EngineMaterials/Substrate/GLints/dict_16_192_64_0p5_0p02_0034_0000.uasset" 5789
"/Engine/EngineMaterials/Substrate/GLints/dict_16_192_64_0p5_0p02_0034_0000" 5790
"/Engine/EngineMaterials/Substrate/GLints/dict_16_192_64_0p5_0p02_0034_0012" 5791
"/Engine/EngineMaterials/Substrate/GLints/dict_16_192_64_0p5_0p02_0033_0014" 5792
"/Engine/EngineMaterials/Substrate/GLints/dict_16_192_64_0p5_0p02_0034_0001" 5793
"/Engine/EngineMaterials/Substrate/GLints/dict_16_192_64_0p5_0p02_0033_0011" 5794
"/Engine/EngineMaterials/Substrate/GLints/dict_16_192_64_0p5_0p02_0033_0012" 5795
"/Engine/EngineMaterials/Substrate/GLints/dict_16_192_64_0p5_0p02_0033_0015" 5796
"/Engine/EngineMaterials/Substrate/GLints/dict_16_192_64_0p5_0p02_0034_0006" 5797
"/Engine/EngineMaterials/Substrate/GLints/dict_16_192_64_0p5_0p02_0033_0013" 5798
"/Engine/EngineMaterials/Substrate/GLints/dict_16_192_64_0p5_0p02_0034_0002" 5799
"../../../Engine/Content/EngineMaterials/Substrate/GLints/dict_16_192_64_0p5_0p02_0033_0010.uasset" 5800
"../../../Engine/Content/EngineMaterials/Substrate/GLints/dict_16_192_64_0p5_0p02_0033_0002.uasset" 5801
"../../../Engine/Content/EngineMaterials/Substrate/GLints/dict_16_192_64_0p5_0p02_0033_0004.uasset" 5802
"../../../Engine/Content/EngineMaterials/Substrate/GLints/dict_16_192_64_0p5_0p02_0033_0008.uasset" 5803
"../../../Engine/Content/EngineMaterials/Substrate/GLints/dict_16_192_64_0p5_0p02_0033_0005.uasset" 5804
"../../../Engine/Content/EngineMaterials/Substrate/GLints/dict_16_192_64_0p5_0p02_0033_0001.uasset" 5805
"../../../Engine/Content/EngineMaterials/Substrate/GLints/dict_16_192_64_0p5_0p02_0033_0003.uasset" 5806
"../../../Engine/Content/EngineMaterials/Substrate/GLints/dict_16_192_64_0p5_0p02_0033_0006.uasset" 5807
"../../../Engine/Content/EngineMaterials/Substrate/GLints/dict_16_192_64_0p5_0p02_0033_0009.uasset" 5808
"../../../Engine/Content/EngineMaterials/Substrate/GLints/dict_16_192_64_0p5_0p02_0033_0007.uasset" 5809
"/Engine/EngineMaterials/Substrate/GLints/dict_16_192_64_0p5_0p02_0033_0001" 5810
"/Engine/EngineMaterials/Substrate/GLints/dict_16_192_64_0p5_0p02_0033_0002" 5811
"/Engine/EngineMaterials/Substrate/GLints/dict_16_192_64_0p5_0p02_0033_0006" 5812
"/Engine/EngineMaterials/Substrate/GLints/dict_16_192_64_0p5_0p02_0033_0003" 5813
"/Engine/EngineMaterials/Substrate/GLints/dict_16_192_64_0p5_0p02_0033_0007" 5814
"/Engine/EngineMaterials/Substrate/GLints/dict_16_192_64_0p5_0p02_0033_0008" 5815
"/Engine/EngineMaterials/Substrate/GLints/dict_16_192_64_0p5_0p02_0033_0004" 5816
"/Engine/EngineMaterials/Substrate/GLints/dict_16_192_64_0p5_0p02_0033_0009" 5817
"/Engine/EngineMaterials/Substrate/GLints/dict_16_192_64_0p5_0p02_0033_0005" 5818
"/Engine/EngineMaterials/Substrate/GLints/dict_16_192_64_0p5_0p02_0033_0010" 5819
"../../../Engine/Content/EngineMaterials/Substrate/GLints/dict_16_192_64_0p5_0p02_0032_0007.uasset" 5820
"../../../Engine/Content/EngineMaterials/Substrate/GLints/dict_16_192_64_0p5_0p02_0032_0011.uasset" 5821
"../../../Engine/Content/EngineMaterials/Substrate/GLints/dict_16_192_64_0p5_0p02_0032_0014.uasset" 5822
"../../../Engine/Content/EngineMaterials/Substrate/GLints/dict_16_192_64_0p5_0p02_0032_0012.uasset" 5823
"../../../Engine/Content/EngineMaterials/Substrate/GLints/dict_16_192_64_0p5_0p02_0033_0000.uasset" 5824
"../../../Engine/Content/EngineMaterials/Substrate/GLints/dict_16_192_64_0p5_0p02_0032_0013.uasset" 5825
"../../../Engine/Content/EngineMaterials/Substrate/GLints/dict_16_192_64_0p5_0p02_0032_0009.uasset" 5826
"../../../Engine/Content/EngineMaterials/Substrate/GLints/dict_16_192_64_0p5_0p02_0032_0015.uasset" 5827
"../../../Engine/Content/EngineMaterials/Substrate/GLints/dict_16_192_64_0p5_0p02_0032_0010.uasset" 5828
"../../../Engine/Content/EngineMaterials/Substrate/GLints/dict_16_192_64_0p5_0p02_0032_0008.uasset" 5829
"/Engine/EngineMaterials/Substrate/GLints/dict_16_192_64_0p5_0p02_0032_0007" 5830
"/Engine/EngineMaterials/Substrate/GLints/dict_16_192_64_0p5_0p02_0032_0008" 5831
"/Engine/EngineMaterials/Substrate/GLints/dict_16_192_64_0p5_0p02_0032_0013" 5832
"/Engine/EngineMaterials/Substrate/GLints/dict_16_192_64_0p5_0p02_0032_0014" 5833
"/Engine/EngineMaterials/Substrate/GLints/dict_16_192_64_0p5_0p02_0032_0015" 5834
"/Engine/EngineMaterials/Substrate/GLints/dict_16_192_64_0p5_0p02_0033_0000" 5835
"/Engine/EngineMaterials/Substrate/GLints/dict_16_192_64_0p5_0p02_0032_0009" 5836
"/Engine/EngineMaterials/Substrate/GLints/dict_16_192_64_0p5_0p02_0032_0010" 5837
"/Engine/EngineMaterials/Substrate/GLints/dict_16_192_64_0p5_0p02_0032_0011" 5838
"/Engine/EngineMaterials/Substrate/GLints/dict_16_192_64_0p5_0p02_0032_0012" 5839
"../../../Engine/Content/EngineMaterials/Substrate/GLints/dict_16_192_64_0p5_0p02_0032_0002.uasset" 5840
"../../../Engine/Content/EngineMaterials/Substrate/GLints/dict_16_192_64_0p5_0p02_0031_0013.uasset" 5841
"../../../Engine/Content/EngineMaterials/Substrate/GLints/dict_16_192_64_0p5_0p02_0031_0015.uasset" 5842
"../../../Engine/Content/EngineMaterials/Substrate/GLints/dict_16_192_64_0p5_0p02_0032_0005.uasset" 5843
"../../../Engine/Content/EngineMaterials/Substrate/GLints/dict_16_192_64_0p5_0p02_0032_0001.uasset" 5844
"../../../Engine/Content/EngineMaterials/Substrate/GLints/dict_16_192_64_0p5_0p02_0032_0004.uasset" 5845
"/Engine/EngineMaterials/Substrate/GLints/dict_16_192_64_0p5_0p02_0032_0005" 5846
"../../../Engine/Content/EngineMaterials/Substrate/GLints/dict_16_192_64_0p5_0p02_0032_0003.uasset" 5847
"/Engine/EngineMaterials/Substrate/GLints/dict_16_192_64_0p5_0p02_0031_0013" 5848
"../../../Engine/Content/EngineMaterials/Substrate/GLints/dict_16_192_64_0p5_0p02_0032_0006.uasset" 5849
"/Engine/EngineMaterials/Substrate/GLints/dict_16_192_64_0p5_0p02_0031_0015" 5850
"../../../Engine/Content/EngineMaterials/Substrate/GLints/dict_16_192_64_0p5_0p02_0032_0000.uasset" 5851
"/Engine/EngineMaterials/Substrate/GLints/dict_16_192_64_0p5_0p02_0032_0001" 5852
"/Engine/EngineMaterials/Substrate/GLints/dict_16_192_64_0p5_0p02_0032_0002" 5853
"/Engine/EngineMaterials/Substrate/GLints/dict_16_192_64_0p5_0p02_0032_0004" 5854
"/Engine/EngineMaterials/Substrate/GLints/dict_16_192_64_0p5_0p02_0032_0006" 5855
"/Engine/EngineMaterials/Substrate/GLints/dict_16_192_64_0p5_0p02_0032_0000" 5856
"/Engine/EngineMaterials/Substrate/GLints/dict_16_192_64_0p5_0p02_0032_0003" 5857
"../../../Engine/Content/EngineMaterials/Substrate/GLints/dict_16_192_64_0p5_0p02_0031_0014.uasset" 5858
"../../../Engine/Content/EngineMaterials/Substrate/GLints/dict_16_192_64_0p5_0p02_0031_0009.uasset" 5859
"../../../Engine/Content/EngineMaterials/Substrate/GLints/dict_16_192_64_0p5_0p02_0031_0008.uasset" 5860
"../../../Engine/Content/EngineMaterials/Substrate/GLints/dict_16_192_64_0p5_0p02_0031_0006.uasset" 5861
"../../../Engine/Content/EngineMaterials/Substrate/GLints/dict_16_192_64_0p5_0p02_0031_0011.uasset" 5862
"../../../Engine/Content/EngineMaterials/Substrate/GLints/dict_16_192_64_0p5_0p02_0031_0005.uasset" 5863
"../../../Engine/Content/EngineMaterials/Substrate/GLints/dict_16_192_64_0p5_0p02_0031_0004.uasset" 5864
"../../../Engine/Content/EngineMaterials/Substrate/GLints/dict_16_192_64_0p5_0p02_0031_0012.uasset" 5865
"../../../Engine/Content/EngineMaterials/Substrate/GLints/dict_16_192_64_0p5_0p02_0031_0007.uasset" 5866
"../../../Engine/Content/EngineMaterials/Substrate/GLints/dict_16_192_64_0p5_0p02_0031_0010.uasset" 5867
"/Engine/EngineMaterials/Substrate/GLints/dict_16_192_64_0p5_0p02_0031_0011" 5868
"/Engine/EngineMaterials/Substrate/GLints/dict_16_192_64_0p5_0p02_0031_0012" 5869
"/Engine/EngineMaterials/Substrate/GLints/dict_16_192_64_0p5_0p02_0031_0004" 5870
"/Engine/EngineMaterials/Substrate/GLints/dict_16_192_64_0p5_0p02_0031_0014" 5871
"/Engine/EngineMaterials/Substrate/GLints/dict_16_192_64_0p5_0p02_0031_0005" 5872
"/Engine/EngineMaterials/Substrate/GLints/dict_16_192_64_0p5_0p02_0031_0006" 5873
"/Engine/EngineMaterials/Substrate/GLints/dict_16_192_64_0p5_0p02_0031_0007" 5874
"/Engine/EngineMaterials/Substrate/GLints/dict_16_192_64_0p5_0p02_0031_0008" 5875
"/Engine/EngineMaterials/Substrate/GLints/dict_16_192_64_0p5_0p02_0031_0009" 5876
"/Engine/EngineMaterials/Substrate/GLints/dict_16_192_64_0p5_0p02_0031_0010" 5877
"../../../Engine/Content/EngineMaterials/Substrate/GLints/dict_16_192_64_0p5_0p02_0031_0000.uasset" 5878
"../../../Engine/Content/EngineMaterials/Substrate/GLints/dict_16_192_64_0p5_0p02_0030_0014.uasset" 5879
"../../../Engine/Content/EngineMaterials/Substrate/GLints/dict_16_192_64_0p5_0p02_0031_0002.uasset" 5880
"../../../Engine/Content/EngineMaterials/Substrate/GLints/dict_16_192_64_0p5_0p02_0031_0003.uasset" 5881
"../../../Engine/Content/EngineMaterials/Substrate/GLints/dict_16_192_64_0p5_0p02_0030_0010.uasset" 5882
"../../../Engine/Content/EngineMaterials/Substrate/GLints/dict_16_192_64_0p5_0p02_0030_0015.uasset" 5883
"../../../Engine/Content/EngineMaterials/Substrate/GLints/dict_16_192_64_0p5_0p02_0030_0011.uasset" 5884
"../../../Engine/Content/EngineMaterials/Substrate/GLints/dict_16_192_64_0p5_0p02_0030_0013.uasset" 5885
"../../../Engine/Content/EngineMaterials/Substrate/GLints/dict_16_192_64_0p5_0p02_0031_0001.uasset" 5886
"../../../Engine/Content/EngineMaterials/Substrate/GLints/dict_16_192_64_0p5_0p02_0030_0012.uasset" 5887
"/Engine/EngineMaterials/Substrate/GLints/dict_16_192_64_0p5_0p02_0030_0010" 5888
"/Engine/EngineMaterials/Substrate/GLints/dict_16_192_64_0p5_0p02_0030_0011" 5889
"/Engine/EngineMaterials/Substrate/GLints/dict_16_192_64_0p5_0p02_0030_0012" 5890
"/Engine/EngineMaterials/Substrate/GLints/dict_16_192_64_0p5_0p02_0031_0001" 5891
"/Engine/EngineMaterials/Substrate/GLints/dict_16_192_64_0p5_0p02_0031_0002" 5892
"/Engine/EngineMaterials/Substrate/GLints/dict_16_192_64_0p5_0p02_0031_0003" 5893
"/Engine/EngineMaterials/Substrate/GLints/dict_16_192_64_0p5_0p02_0030_0013" 5894
"/Engine/EngineMaterials/Substrate/GLints/dict_16_192_64_0p5_0p02_0030_0014" 5895
"/Engine/EngineMaterials/Substrate/GLints/dict_16_192_64_0p5_0p02_0030_0015" 5896
"/Engine/EngineMaterials/Substrate/GLints/dict_16_192_64_0p5_0p02_0031_0000" 5897
"../../../Engine/Content/EngineMaterials/Substrate/GLints/dict_16_192_64_0p5_0p02_0030_0008.uasset" 5898
"../../../Engine/Content/EngineMaterials/Substrate/GLints/dict_16_192_64_0p5_0p02_0030_0001.uasset" 5899
"../../../Engine/Content/EngineMaterials/Substrate/GLints/dict_16_192_64_0p5_0p02_0030_0005.uasset" 5900
"../../../Engine/Content/EngineMaterials/Substrate/GLints/dict_16_192_64_0p5_0p02_0030_0000.uasset" 5901
"../../../Engine/Content/EngineMaterials/Substrate/GLints/dict_16_192_64_0p5_0p02_0030_0003.uasset" 5902
"../../../Engine/Content/EngineMaterials/Substrate/GLints/dict_16_192_64_0p5_0p02_0030_0004.uasset" 5903
"../../../Engine/Content/EngineMaterials/Substrate/GLints/dict_16_192_64_0p5_0p02_0030_0006.uasset" 5904
"/Engine/EngineMaterials/Substrate/GLints/dict_16_192_64_0p5_0p02_0030_0001" 5905
"../../../Engine/Content/EngineMaterials/Substrate/GLints/dict_16_192_64_0p5_0p02_0030_0002.uasset" 5906
"../../../Engine/Content/EngineMaterials/Substrate/GLints/dict_16_192_64_0p5_0p02_0030_0007.uasset" 5907
"/Engine/EngineMaterials/Substrate/GLints/dict_16_192_64_0p5_0p02_0030_0008" 5908
"/Engine/EngineMaterials/Substrate/GLints/dict_16_192_64_0p5_0p02_0030_0003" 5909
"/Engine/EngineMaterials/Substrate/GLints/dict_16_192_64_0p5_0p02_0030_0004" 5910
"/Engine/EngineMaterials/Substrate/GLints/dict_16_192_64_0p5_0p02_0030_0005" 5911
"/Engine/EngineMaterials/Substrate/GLints/dict_16_192_64_0p5_0p02_0030_0000" 5912
"/Engine/EngineMaterials/Substrate/GLints/dict_16_192_64_0p5_0p02_0030_0006" 5913
"/Engine/EngineMaterials/Substrate/GLints/dict_16_192_64_0p5_0p02_0030_0007" 5914
"/Engine/EngineMaterials/Substrate/GLints/dict_16_192_64_0p5_0p02_0030_0002" 5915
"../../../Engine/Content/EngineMaterials/Substrate/GLints/dict_16_192_64_0p5_0p02_0030_0009.uasset" 5916
"/Engine/EngineMaterials/Substrate/GLints/dict_16_192_64_0p5_0p02_0030_0009" 5917
"../../../Engine/Content/EngineMaterials/Substrate/GLints/dict_16_192_64_0p5_0p02_0029_0015.uasset" 5918
"/Engine/EngineMaterials/Substrate/GLints/dict_16_192_64_0p5_0p02_0029_0015" 5919
"../../../Engine/Content/EngineMaterials/Substrate/GLints/dict_16_192_64_0p5_0p02_0029_0013.uasset" 5920
"../../../Engine/Content/EngineMaterials/Substrate/GLints/dict_16_192_64_0p5_0p02_0029_0007.uasset" 5921
"../../../Engine/Content/EngineMaterials/Substrate/GLints/dict_16_192_64_0p5_0p02_0029_0012.uasset" 5922
"../../../Engine/Content/EngineMaterials/Substrate/GLints/dict_16_192_64_0p5_0p02_0029_0009.uasset" 5923
"../../../Engine/Content/EngineMaterials/Substrate/GLints/dict_16_192_64_0p5_0p02_0029_0010.uasset" 5924
"../../../Engine/Content/EngineMaterials/Substrate/GLints/dict_16_192_64_0p5_0p02_0029_0008.uasset" 5925
"../../../Engine/Content/EngineMaterials/Substrate/GLints/dict_16_192_64_0p5_0p02_0029_0011.uasset" 5926
"../../../Engine/Content/EngineMaterials/Substrate/GLints/dict_16_192_64_0p5_0p02_0029_0014.uasset" 5927
"/Engine/EngineMaterials/Substrate/GLints/dict_16_192_64_0p5_0p02_0029_0014" 5928
"/Engine/EngineMaterials/Substrate/GLints/dict_16_192_64_0p5_0p02_0029_0007" 5929
"/Engine/EngineMaterials/Substrate/GLints/dict_16_192_64_0p5_0p02_0029_0008" 5930
"/Engine/EngineMaterials/Substrate/GLints/dict_16_192_64_0p5_0p02_0029_0009" 5931
"/Engine/EngineMaterials/Substrate/GLints/dict_16_192_64_0p5_0p02_0029_0010" 5932
"/Engine/EngineMaterials/Substrate/GLints/dict_16_192_64_0p5_0p02_0029_0011" 5933
"/Engine/EngineMaterials/Substrate/GLints/dict_16_192_64_0p5_0p02_0029_0012" 5934
"/Engine/EngineMaterials/Substrate/GLints/dict_16_192_64_0p5_0p02_0029_0013" 5935
"../../../Engine/Content/EngineMaterials/Substrate/GLints/dict_16_192_64_0p5_0p02_0029_0000.uasset" 5936
"../../../Engine/Content/EngineMaterials/Substrate/GLints/dict_16_192_64_0p5_0p02_0029_0001.uasset" 5937
"../../../Engine/Content/EngineMaterials/Substrate/GLints/dict_16_192_64_0p5_0p02_0028_0014.uasset" 5938
"../../../Engine/Content/EngineMaterials/Substrate/GLints/dict_16_192_64_0p5_0p02_0029_0003.uasset" 5939
"../../../Engine/Content/EngineMaterials/Substrate/GLints/dict_16_192_64_0p5_0p02_0029_0006.uasset" 5940
"../../../Engine/Content/EngineMaterials/Substrate/GLints/dict_16_192_64_0p5_0p02_0028_0013.uasset" 5941
"../../../Engine/Content/EngineMaterials/Substrate/GLints/dict_16_192_64_0p5_0p02_0029_0004.uasset" 5942
"../../../Engine/Content/EngineMaterials/Substrate/GLints/dict_16_192_64_0p5_0p02_0029_0002.uasset" 5943
"../../../Engine/Content/EngineMaterials/Substrate/GLints/dict_16_192_64_0p5_0p02_0029_0005.uasset" 5944
"../../../Engine/Content/EngineMaterials/Substrate/GLints/dict_16_192_64_0p5_0p02_0028_0015.uasset" 5945
"/Engine/EngineMaterials/Substrate/GLints/dict_16_192_64_0p5_0p02_0029_0004" 5946
"/Engine/EngineMaterials/Substrate/GLints/dict_16_192_64_0p5_0p02_0029_0005" 5947
"/Engine/EngineMaterials/Substrate/GLints/dict_16_192_64_0p5_0p02_0028_0013" 5948
"/Engine/EngineMaterials/Substrate/GLints/dict_16_192_64_0p5_0p02_0028_0014" 5949
"/Engine/EngineMaterials/Substrate/GLints/dict_16_192_64_0p5_0p02_0028_0015" 5950
"/Engine/EngineMaterials/Substrate/GLints/dict_16_192_64_0p5_0p02_0029_0006" 5951
"/Engine/EngineMaterials/Substrate/GLints/dict_16_192_64_0p5_0p02_0029_0000" 5952
"/Engine/EngineMaterials/Substrate/GLints/dict_16_192_64_0p5_0p02_0029_0001" 5953
"/Engine/EngineMaterials/Substrate/GLints/dict_16_192_64_0p5_0p02_0029_0002" 5954
"/Engine/EngineMaterials/Substrate/GLints/dict_16_192_64_0p5_0p02_0029_0003" 5955
"../../../Engine/Content/EngineMaterials/Substrate/GLints/dict_16_192_64_0p5_0p02_0028_0004.uasset" 5956
"../../../Engine/Content/EngineMaterials/Substrate/GLints/dict_16_192_64_0p5_0p02_0028_0007.uasset" 5957
"../../../Engine/Content/EngineMaterials/Substrate/GLints/dict_16_192_64_0p5_0p02_0028_0005.uasset" 5958
"../../../Engine/Content/EngineMaterials/Substrate/GLints/dict_16_192_64_0p5_0p02_0028_0009.uasset" 5959
"../../../Engine/Content/EngineMaterials/Substrate/GLints/dict_16_192_64_0p5_0p02_0028_0010.uasset" 5960
"/Engine/EngineMaterials/Substrate/GLints/dict_16_192_64_0p5_0p02_0028_0004" 5961
"../../../Engine/Content/EngineMaterials/Substrate/GLints/dict_16_192_64_0p5_0p02_0028_0012.uasset" 5962
"/Engine/EngineMaterials/Substrate/GLints/dict_16_192_64_0p5_0p02_0028_0010" 5963
"/Engine/EngineMaterials/Substrate/GLints/dict_16_192_64_0p5_0p02_0028_0005" 5964
"../../../Engine/Content/EngineMaterials/Substrate/GLints/dict_16_192_64_0p5_0p02_0028_0006.uasset" 5965
"../../../Engine/Content/EngineMaterials/Substrate/GLints/dict_16_192_64_0p5_0p02_0028_0003.uasset" 5966
"../../../Engine/Content/EngineMaterials/Substrate/GLints/dict_16_192_64_0p5_0p02_0028_0011.uasset" 5967
"/Engine/EngineMaterials/Substrate/GLints/dict_16_192_64_0p5_0p02_0028_0007" 5968
"/Engine/EngineMaterials/Substrate/GLints/dict_16_192_64_0p5_0p02_0028_0009" 5969
"/Engine/EngineMaterials/Substrate/GLints/dict_16_192_64_0p5_0p02_0028_0003" 5970
"/Engine/EngineMaterials/Substrate/GLints/dict_16_192_64_0p5_0p02_0028_0011" 5971
"/Engine/EngineMaterials/Substrate/GLints/dict_16_192_64_0p5_0p02_0028_0012" 5972
"/Engine/EngineMaterials/Substrate/GLints/dict_16_192_64_0p5_0p02_0028_0006" 5973
"../../../Engine/Content/EngineMaterials/Substrate/GLints/dict_16_192_64_0p5_0p02_0028_0008.uasset" 5974
"../../../Engine/Content/EngineMaterials/Substrate/GLints/dict_16_192_64_0p5_0p02_0028_0002.uasset" 5975
"../../../Engine/Content/EngineMaterials/Substrate/GLints/dict_16_192_64_0p5_0p02_0028_0001.uasset" 5976
"../../../Engine/Content/EngineMaterials/Substrate/GLints/dict_16_192_64_0p5_0p02_0027_0014.uasset" 5977
"../../../Engine/Content/EngineMaterials/Substrate/GLints/dict_16_192_64_0p5_0p02_0027_0011.uasset" 5978
"../../../Engine/Content/EngineMaterials/Substrate/GLints/dict_16_192_64_0p5_0p02_0027_0010.uasset" 5979
"../../../Engine/Content/EngineMaterials/Substrate/GLints/dict_16_192_64_0p5_0p02_0028_0000.uasset" 5980
"../../../Engine/Content/EngineMaterials/Substrate/GLints/dict_16_192_64_0p5_0p02_0027_0013.uasset" 5981
"/Engine/EngineMaterials/Substrate/GLints/dict_16_192_64_0p5_0p02_0028_0001" 5982
"../../../Engine/Content/EngineMaterials/Substrate/GLints/dict_16_192_64_0p5_0p02_0027_0012.uasset" 5983
"/Engine/EngineMaterials/Substrate/GLints/dict_16_192_64_0p5_0p02_0028_0000" 5984
"/Engine/EngineMaterials/Substrate/GLints/dict_16_192_64_0p5_0p02_0028_0002" 5985
"/Engine/EngineMaterials/Substrate/GLints/dict_16_192_64_0p5_0p02_0027_0010" 5986
"../../../Engine/Content/EngineMaterials/Substrate/GLints/dict_16_192_64_0p5_0p02_0027_0015.uasset" 5987
"/Engine/EngineMaterials/Substrate/GLints/dict_16_192_64_0p5_0p02_0027_0011" 5988
"/Engine/EngineMaterials/Substrate/GLints/dict_16_192_64_0p5_0p02_0028_0008" 5989
"/Engine/EngineMaterials/Substrate/GLints/dict_16_192_64_0p5_0p02_0027_0013" 5990
"/Engine/EngineMaterials/Substrate/GLints/dict_16_192_64_0p5_0p02_0027_0014" 5991
"/Engine/EngineMaterials/Substrate/GLints/dict_16_192_64_0p5_0p02_0027_0015" 5992
"/Engine/EngineMaterials/Substrate/GLints/dict_16_192_64_0p5_0p02_0027_0012" 5993
"../../../Engine/Content/EngineMaterials/Substrate/GLints/dict_16_192_64_0p5_0p02_0027_0006.uasset" 5994
"../../../Engine/Content/EngineMaterials/Substrate/GLints/dict_16_192_64_0p5_0p02_0027_0004.uasset" 5995
"../../../Engine/Content/EngineMaterials/Substrate/GLints/dict_16_192_64_0p5_0p02_0027_0000.uasset" 5996
"/Engine/EngineMaterials/Substrate/GLints/dict_16_192_64_0p5_0p02_0027_0000" 5997
"/Engine/EngineMaterials/Substrate/GLints/dict_16_192_64_0p5_0p02_0027_0004" 5998
"../../../Engine/Content/EngineMaterials/Substrate/GLints/dict_16_192_64_0p5_0p02_0027_0007.uasset" 5999
"../../../Engine/Content/EngineMaterials/Substrate/GLints/dict_16_192_64_0p5_0p02_0027_0008.uasset" 6000
"../../../Engine/Content/EngineMaterials/Substrate/GLints/dict_16_192_64_0p5_0p02_0027_0001.uasset" 6001
"../../../Engine/Content/EngineMaterials/Substrate/GLints/dict_16_192_64_0p5_0p02_0027_0003.uasset" 6002
"/Engine/EngineMaterials/Substrate/GLints/dict_16_192_64_0p5_0p02_0027_0007" 6003
"/Engine/EngineMaterials/Substrate/GLints/dict_16_192_64_0p5_0p02_0027_0001" 6004
"/Engine/EngineMaterials/Substrate/GLints/dict_16_192_64_0p5_0p02_0027_0008" 6005
"../../../Engine/Content/EngineMaterials/Substrate/GLints/dict_16_192_64_0p5_0p02_0027_0002.uasset" 6006
"/Engine/EngineMaterials/Substrate/GLints/dict_16_192_64_0p5_0p02_0027_0003" 6007
"/Engine/EngineMaterials/Substrate/GLints/dict_16_192_64_0p5_0p02_0027_0006" 6008
"/Engine/EngineMaterials/Substrate/GLints/dict_16_192_64_0p5_0p02_0027_0002" 6009
"../../../Engine/Content/EngineMaterials/Substrate/GLints/dict_16_192_64_0p5_0p02_0027_0009.uasset" 6010
"../../../Engine/Content/EngineMaterials/Substrate/GLints/dict_16_192_64_0p5_0p02_0026_0011.uasset" 6011
"../../../Engine/Content/EngineMaterials/Substrate/GLints/dict_16_192_64_0p5_0p02_0027_0005.uasset" 6012
"../../../Engine/Content/EngineMaterials/Substrate/GLints/dict_16_192_64_0p5_0p02_0026_0015.uasset" 6013
"../../../Engine/Content/EngineMaterials/Substrate/GLints/dict_16_192_64_0p5_0p02_0026_0014.uasset" 6014
"../../../Engine/Content/EngineMaterials/Substrate/GLints/dict_16_192_64_0p5_0p02_0026_0013.uasset" 6015
"../../../Engine/Content/EngineMaterials/Substrate/GLints/dict_16_192_64_0p5_0p02_0026_0010.uasset" 6016
"../../../Engine/Content/EngineMaterials/Substrate/GLints/dict_16_192_64_0p5_0p02_0026_0012.uasset" 6017
"../../../Engine/Content/EngineMaterials/Substrate/GLints/dict_16_192_64_0p5_0p02_0026_0008.uasset" 6018
"../../../Engine/Content/EngineMaterials/Substrate/GLints/dict_16_192_64_0p5_0p02_0026_0009.uasset" 6019
"/Engine/EngineMaterials/Substrate/GLints/dict_16_192_64_0p5_0p02_0026_0008" 6020
"/Engine/EngineMaterials/Substrate/GLints/dict_16_192_64_0p5_0p02_0026_0009" 6021
"/Engine/EngineMaterials/Substrate/GLints/dict_16_192_64_0p5_0p02_0026_0013" 6022
"/Engine/EngineMaterials/Substrate/GLints/dict_16_192_64_0p5_0p02_0026_0014" 6023
"/Engine/EngineMaterials/Substrate/GLints/dict_16_192_64_0p5_0p02_0026_0015" 6024
"/Engine/EngineMaterials/Substrate/GLints/dict_16_192_64_0p5_0p02_0026_0010" 6025
"/Engine/EngineMaterials/Substrate/GLints/dict_16_192_64_0p5_0p02_0027_0009" 6026
"/Engine/EngineMaterials/Substrate/GLints/dict_16_192_64_0p5_0p02_0026_0011" 6027
"/Engine/EngineMaterials/Substrate/GLints/dict_16_192_64_0p5_0p02_0027_0005" 6028
"/Engine/EngineMaterials/Substrate/GLints/dict_16_192_64_0p5_0p02_0026_0012" 6029
"../../../Engine/Content/EngineMaterials/Substrate/GLints/dict_16_192_64_0p5_0p02_0025_0015.uasset" 6030
"../../../Engine/Content/EngineMaterials/Substrate/GLints/dict_16_192_64_0p5_0p02_0026_0001.uasset" 6031
"../../../Engine/Content/EngineMaterials/Substrate/GLints/dict_16_192_64_0p5_0p02_0026_0006.uasset" 6032
"../../../Engine/Content/EngineMaterials/Substrate/GLints/dict_16_192_64_0p5_0p02_0026_0007.uasset" 6033
"../../../Engine/Content/EngineMaterials/Substrate/GLints/dict_16_192_64_0p5_0p02_0026_0000.uasset" 6034
"../../../Engine/Content/EngineMaterials/Substrate/GLints/dict_16_192_64_0p5_0p02_0026_0002.uasset" 6035
"../../../Engine/Content/EngineMaterials/Substrate/GLints/dict_16_192_64_0p5_0p02_0025_0014.uasset" 6036
"../../../Engine/Content/EngineMaterials/Substrate/GLints/dict_16_192_64_0p5_0p02_0026_0004.uasset" 6037
"../../../Engine/Content/EngineMaterials/Substrate/GLints/dict_16_192_64_0p5_0p02_0026_0005.uasset" 6038
"../../../Engine/Content/EngineMaterials/Substrate/GLints/dict_16_192_64_0p5_0p02_0026_0003.uasset" 6039
"/Engine/EngineMaterials/Substrate/GLints/dict_16_192_64_0p5_0p02_0026_0004" 6040
"/Engine/EngineMaterials/Substrate/GLints/dict_16_192_64_0p5_0p02_0026_0005" 6041
"/Engine/EngineMaterials/Substrate/GLints/dict_16_192_64_0p5_0p02_0026_0006" 6042
"/Engine/EngineMaterials/Substrate/GLints/dict_16_192_64_0p5_0p02_0025_0014" 6043
"/Engine/EngineMaterials/Substrate/GLints/dict_16_192_64_0p5_0p02_0026_0007" 6044
"/Engine/EngineMaterials/Substrate/GLints/dict_16_192_64_0p5_0p02_0025_0015" 6045
"/Engine/EngineMaterials/Substrate/GLints/dict_16_192_64_0p5_0p02_0026_0000" 6046
"/Engine/EngineMaterials/Substrate/GLints/dict_16_192_64_0p5_0p02_0026_0001" 6047
"/Engine/EngineMaterials/Substrate/GLints/dict_16_192_64_0p5_0p02_0026_0002" 6048
"/Engine/EngineMaterials/Substrate/GLints/dict_16_192_64_0p5_0p02_0026_0003" 6049
"../../../Engine/Content/EngineMaterials/Substrate/GLints/dict_16_192_64_0p5_0p02_0025_0008.uasset" 6050
"../../../Engine/Content/EngineMaterials/Substrate/GLints/dict_16_192_64_0p5_0p02_0025_0004.uasset" 6051
"../../../Engine/Content/EngineMaterials/Substrate/GLints/dict_16_192_64_0p5_0p02_0025_0009.uasset" 6052
"../../../Engine/Content/EngineMaterials/Substrate/GLints/dict_16_192_64_0p5_0p02_0025_0012.uasset" 6053
"../../../Engine/Content/EngineMaterials/Substrate/GLints/dict_16_192_64_0p5_0p02_0025_0007.uasset" 6054
"../../../Engine/Content/EngineMaterials/Substrate/GLints/dict_16_192_64_0p5_0p02_0025_0013.uasset" 6055
"../../../Engine/Content/EngineMaterials/Substrate/GLints/dict_16_192_64_0p5_0p02_0025_0005.uasset" 6056
"../../../Engine/Content/EngineMaterials/Substrate/GLints/dict_16_192_64_0p5_0p02_0025_0006.uasset" 6057
"/Engine/EngineMaterials/Substrate/GLints/dict_16_192_64_0p5_0p02_0025_0012" 6058
"/Engine/EngineMaterials/Substrate/GLints/dict_16_192_64_0p5_0p02_0025_0013" 6059
"/Engine/EngineMaterials/Substrate/GLints/dict_16_192_64_0p5_0p02_0025_0008" 6060
"/Engine/EngineMaterials/Substrate/GLints/dict_16_192_64_0p5_0p02_0025_0004" 6061
"/Engine/EngineMaterials/Substrate/GLints/dict_16_192_64_0p5_0p02_0025_0005" 6062
"/Engine/EngineMaterials/Substrate/GLints/dict_16_192_64_0p5_0p02_0025_0006" 6063
"/Engine/EngineMaterials/Substrate/GLints/dict_16_192_64_0p5_0p02_0025_0009" 6064
"/Engine/EngineMaterials/Substrate/GLints/dict_16_192_64_0p5_0p02_0025_0007" 6065
"../../../Engine/Content/EngineMaterials/Substrate/GLints/dict_16_192_64_0p5_0p02_0025_0011.uasset" 6066
"../../../Engine/Content/EngineMaterials/Substrate/GLints/dict_16_192_64_0p5_0p02_0025_0000.uasset" 6067
"../../../Engine/Content/EngineMaterials/Substrate/GLints/dict_16_192_64_0p5_0p02_0024_0013.uasset" 6068
"../../../Engine/Content/EngineMaterials/Substrate/GLints/dict_16_192_64_0p5_0p02_0025_0002.uasset" 6069
"../../../Engine/Content/EngineMaterials/Substrate/GLints/dict_16_192_64_0p5_0p02_0025_0001.uasset" 6070
"../../../Engine/Content/EngineMaterials/Substrate/GLints/dict_16_192_64_0p5_0p02_0025_0010.uasset" 6071
"../../../Engine/Content/EngineMaterials/Substrate/GLints/dict_16_192_64_0p5_0p02_0024_0014.uasset" 6072
"../../../Engine/Content/EngineMaterials/Substrate/GLints/dict_16_192_64_0p5_0p02_0025_0003.uasset" 6073
"../../../Engine/Content/EngineMaterials/Substrate/GLints/dict_16_192_64_0p5_0p02_0024_0015.uasset" 6074
"/Engine/EngineMaterials/Substrate/GLints/dict_16_192_64_0p5_0p02_0025_0003" 6075
"/Engine/EngineMaterials/Substrate/GLints/dict_16_192_64_0p5_0p02_0025_0002" 6076
"/Engine/EngineMaterials/Substrate/GLints/dict_16_192_64_0p5_0p02_0024_0013" 6077
"/Engine/EngineMaterials/Substrate/GLints/dict_16_192_64_0p5_0p02_0025_0010" 6078
"/Engine/EngineMaterials/Substrate/GLints/dict_16_192_64_0p5_0p02_0024_0014" 6079
"/Engine/EngineMaterials/Substrate/GLints/dict_16_192_64_0p5_0p02_0024_0015" 6080
"/Engine/EngineMaterials/Substrate/GLints/dict_16_192_64_0p5_0p02_0025_0011" 6081
"/Engine/EngineMaterials/Substrate/GLints/dict_16_192_64_0p5_0p02_0025_0000" 6082
"/Engine/EngineMaterials/Substrate/GLints/dict_16_192_64_0p5_0p02_0025_0001" 6083
"../../../Engine/Content/EngineMaterials/Substrate/GLints/dict_16_192_64_0p5_0p02_0024_0012.uasset" 6084
"../../../Engine/Content/EngineMaterials/Substrate/GLints/dict_16_192_64_0p5_0p02_0024_0003.uasset" 6085
"../../../Engine/Content/EngineMaterials/Substrate/GLints/dict_16_192_64_0p5_0p02_0024_0005.uasset" 6086
"../../../Engine/Content/EngineMaterials/Substrate/GLints/dict_16_192_64_0p5_0p02_0024_0011.uasset" 6087
"../../../Engine/Content/EngineMaterials/Substrate/GLints/dict_16_192_64_0p5_0p02_0024_0010.uasset" 6088
"../../../Engine/Content/EngineMaterials/Substrate/GLints/dict_16_192_64_0p5_0p02_0024_0009.uasset" 6089
"/Engine/EngineMaterials/Substrate/GLints/dict_16_192_64_0p5_0p02_0024_0009" 6090
"/Engine/EngineMaterials/Substrate/GLints/dict_16_192_64_0p5_0p02_0024_0010" 6091
"/Engine/EngineMaterials/Substrate/GLints/dict_16_192_64_0p5_0p02_0024_0011" 6092
"/Engine/EngineMaterials/Substrate/GLints/dict_16_192_64_0p5_0p02_0024_0012" 6093
"/Engine/EngineMaterials/Substrate/GLints/dict_16_192_64_0p5_0p02_0024_0003" 6094
"/Engine/EngineMaterials/Substrate/GLints/dict_16_192_64_0p5_0p02_0024_0005" 6095
"../../../Engine/Content/EngineMaterials/Substrate/GLints/dict_16_192_64_0p5_0p02_0024_0006.uasset" 6096
"../../../Engine/Content/EngineMaterials/Substrate/GLints/dict_16_192_64_0p5_0p02_0024_0002.uasset" 6097
"../../../Engine/Content/EngineMaterials/Substrate/GLints/dict_16_192_64_0p5_0p02_0024_0004.uasset" 6098
"../../../Engine/Content/EngineMaterials/Substrate/GLints/dict_16_192_64_0p5_0p02_0024_0008.uasset" 6099
"../../../Engine/Content/EngineMaterials/Substrate/GLints/dict_16_192_64_0p5_0p02_0023_0015.uasset" 6100
"../../../Engine/Content/EngineMaterials/Substrate/GLints/dict_16_192_64_0p5_0p02_0024_0001.uasset" 6101
"../../../Engine/Content/EngineMaterials/Substrate/GLints/dict_16_192_64_0p5_0p02_0024_0007.uasset" 6102
"../../../Engine/Content/EngineMaterials/Substrate/GLints/dict_16_192_64_0p5_0p02_0023_0014.uasset" 6103
"../../../Engine/Content/EngineMaterials/Substrate/GLints/dict_16_192_64_0p5_0p02_0023_0013.uasset" 6104
"../../../Engine/Content/EngineMaterials/Substrate/GLints/dict_16_192_64_0p5_0p02_0024_0000.uasset" 6105
"/Engine/EngineMaterials/Substrate/GLints/dict_16_192_64_0p5_0p02_0023_0014" 6106
"/Engine/EngineMaterials/Substrate/GLints/dict_16_192_64_0p5_0p02_0024_0008" 6107
"/Engine/EngineMaterials/Substrate/GLints/dict_16_192_64_0p5_0p02_0023_0015" 6108
"/Engine/EngineMaterials/Substrate/GLints/dict_16_192_64_0p5_0p02_0024_0000" 6109
"/Engine/EngineMaterials/Substrate/GLints/dict_16_192_64_0p5_0p02_0024_0001" 6110
"/Engine/EngineMaterials/Substrate/GLints/dict_16_192_64_0p5_0p02_0024_0002" 6111
"/Engine/EngineMaterials/Substrate/GLints/dict_16_192_64_0p5_0p02_0024_0004" 6112
"/Engine/EngineMaterials/Substrate/GLints/dict_16_192_64_0p5_0p02_0023_0013" 6113
"/Engine/EngineMaterials/Substrate/GLints/dict_16_192_64_0p5_0p02_0024_0006" 6114
"/Engine/EngineMaterials/Substrate/GLints/dict_16_192_64_0p5_0p02_0024_0007" 6115
"../../../Engine/Content/EngineMaterials/Substrate/GLints/dict_16_192_64_0p5_0p02_0023_0012.uasset" 6116
"../../../Engine/Content/EngineMaterials/Substrate/GLints/dict_16_192_64_0p5_0p02_0023_0010.uasset" 6117
"../../../Engine/Content/EngineMaterials/Substrate/GLints/dict_16_192_64_0p5_0p02_0023_0007.uasset" 6118
"../../../Engine/Content/EngineMaterials/Substrate/GLints/dict_16_192_64_0p5_0p02_0023_0009.uasset" 6119
"../../../Engine/Content/EngineMaterials/Substrate/GLints/dict_16_192_64_0p5_0p02_0023_0006.uasset" 6120
"../../../Engine/Content/EngineMaterials/Substrate/GLints/dict_16_192_64_0p5_0p02_0023_0011.uasset" 6121
"../../../Engine/Content/EngineMaterials/Substrate/GLints/dict_16_192_64_0p5_0p02_0023_0005.uasset" 6122
"../../../Engine/Content/EngineMaterials/Substrate/GLints/dict_16_192_64_0p5_0p02_0023_0003.uasset" 6123
"../../../Engine/Content/EngineMaterials/Substrate/GLints/dict_16_192_64_0p5_0p02_0023_0008.uasset" 6124
"/Engine/EngineMaterials/Substrate/GLints/dict_16_192_64_0p5_0p02_0023_0006" 6125
"/Engine/EngineMaterials/Substrate/GLints/dict_16_192_64_0p5_0p02_0023_0007" 6126
"/Engine/EngineMaterials/Substrate/GLints/dict_16_192_64_0p5_0p02_0023_0008" 6127
"/Engine/EngineMaterials/Substrate/GLints/dict_16_192_64_0p5_0p02_0023_0009" 6128
"/Engine/EngineMaterials/Substrate/GLints/dict_16_192_64_0p5_0p02_0023_0010" 6129
"/Engine/EngineMaterials/Substrate/GLints/dict_16_192_64_0p5_0p02_0023_0011" 6130
"/Engine/EngineMaterials/Substrate/GLints/dict_16_192_64_0p5_0p02_0023_0012" 6131
"/Engine/EngineMaterials/Substrate/GLints/dict_16_192_64_0p5_0p02_0023_0003" 6132
"/Engine/EngineMaterials/Substrate/GLints/dict_16_192_64_0p5_0p02_0023_0005" 6133
"../../../Engine/Content/EngineMaterials/Substrate/GLints/dict_16_192_64_0p5_0p02_0022_0015.uasset" 6134
"../../../Engine/Content/EngineMaterials/Substrate/GLints/dict_16_192_64_0p5_0p02_0023_0004.uasset" 6135
"../../../Engine/Content/EngineMaterials/Substrate/GLints/dict_16_192_64_0p5_0p02_0023_0001.uasset" 6136
"../../../Engine/Content/EngineMaterials/Substrate/GLints/dict_16_192_64_0p5_0p02_0023_0000.uasset" 6137
"../../../Engine/Content/EngineMaterials/Substrate/GLints/dict_16_192_64_0p5_0p02_0022_0010.uasset" 6138
"../../../Engine/Content/EngineMaterials/Substrate/GLints/dict_16_192_64_0p5_0p02_0022_0013.uasset" 6139
"../../../Engine/Content/EngineMaterials/Substrate/GLints/dict_16_192_64_0p5_0p02_0023_0002.uasset" 6140
"../../../Engine/Content/EngineMaterials/Substrate/GLints/dict_16_192_64_0p5_0p02_0022_0014.uasset" 6141
"/Engine/EngineMaterials/Substrate/GLints/dict_16_192_64_0p5_0p02_0022_0013" 6142
"/Engine/EngineMaterials/Substrate/GLints/dict_16_192_64_0p5_0p02_0022_0010" 6143
"/Engine/EngineMaterials/Substrate/GLints/dict_16_192_64_0p5_0p02_0022_0015" 6144
"/Engine/EngineMaterials/Substrate/GLints/dict_16_192_64_0p5_0p02_0023_0000" 6145
"/Engine/EngineMaterials/Substrate/GLints/dict_16_192_64_0p5_0p02_0023_0001" 6146
"/Engine/EngineMaterials/Substrate/GLints/dict_16_192_64_0p5_0p02_0023_0002" 6147
"../../../Engine/Content/EngineMaterials/Substrate/GLints/dict_16_192_64_0p5_0p02_0022_0011.uasset" 6148
"/Engine/EngineMaterials/Substrate/GLints/dict_16_192_64_0p5_0p02_0023_0004" 6149
"../../../Engine/Content/EngineMaterials/Substrate/GLints/dict_16_192_64_0p5_0p02_0022_0012.uasset" 6150
"/Engine/EngineMaterials/Substrate/GLints/dict_16_192_64_0p5_0p02_0022_0014" 6151
"/Engine/EngineMaterials/Substrate/GLints/dict_16_192_64_0p5_0p02_0022_0011" 6152
"/Engine/EngineMaterials/Substrate/GLints/dict_16_192_64_0p5_0p02_0022_0012" 6153
"../../../Engine/Content/EngineMaterials/Substrate/GLints/dict_16_192_64_0p5_0p02_0022_0009.uasset" 6154
"../../../Engine/Content/EngineMaterials/Substrate/GLints/dict_16_192_64_0p5_0p02_0022_0004.uasset" 6155
"../../../Engine/Content/EngineMaterials/Substrate/GLints/dict_16_192_64_0p5_0p02_0022_0005.uasset" 6156
"../../../Engine/Content/EngineMaterials/Substrate/GLints/dict_16_192_64_0p5_0p02_0022_0006.uasset" 6157
"/Engine/EngineMaterials/Substrate/GLints/dict_16_192_64_0p5_0p02_0022_0009" 6158
"../../../Engine/Content/EngineMaterials/Substrate/GLints/dict_16_192_64_0p5_0p02_0022_0008.uasset" 6159
"../../../Engine/Content/EngineMaterials/Substrate/GLints/dict_16_192_64_0p5_0p02_0022_0003.uasset" 6160
"/Engine/EngineMaterials/Substrate/GLints/dict_16_192_64_0p5_0p02_0022_0004" 6161
"/Engine/EngineMaterials/Substrate/GLints/dict_16_192_64_0p5_0p02_0022_0005" 6162
"/Engine/EngineMaterials/Substrate/GLints/dict_16_192_64_0p5_0p02_0022_0006" 6163
"/Engine/EngineMaterials/Substrate/GLints/dict_16_192_64_0p5_0p02_0022_0008" 6164
"/Engine/EngineMaterials/Substrate/GLints/dict_16_192_64_0p5_0p02_0022_0003" 6165
"../../../Engine/Content/EngineMaterials/Substrate/GLints/dict_16_192_64_0p5_0p02_0022_0007.uasset" 6166
"../../../Engine/Content/EngineMaterials/Substrate/GLints/dict_16_192_64_0p5_0p02_0022_0002.uasset" 6167
"../../../Engine/Content/EngineMaterials/Substrate/GLints/dict_16_192_64_0p5_0p02_0022_0000.uasset" 6168
"/Engine/EngineMaterials/Substrate/GLints/dict_16_192_64_0p5_0p02_0022_0007" 6169
"/Engine/EngineMaterials/Substrate/GLints/dict_16_192_64_0p5_0p02_0022_0000" 6170
"/Engine/EngineMaterials/Substrate/GLints/dict_16_192_64_0p5_0p02_0022_0002" 6171
"../../../Engine/Content/EngineMaterials/Substrate/GLints/dict_16_192_64_0p5_0p02_0022_0001.uasset" 6172
"/Engine/EngineMaterials/Substrate/GLints/dict_16_192_64_0p5_0p02_0022_0001" 6173
"../../../Engine/Content/EngineMaterials/Substrate/GLints/dict_16_192_64_0p5_0p02_0021_0015.uasset" 6174
"../../../Engine/Content/EngineMaterials/Substrate/GLints/dict_16_192_64_0p5_0p02_0021_0013.uasset" 6175
"../../../Engine/Content/EngineMaterials/Substrate/GLints/dict_16_192_64_0p5_0p02_0021_0014.uasset" 6176
"../../../Engine/Content/EngineMaterials/Substrate/GLints/dict_16_192_64_0p5_0p02_0021_0007.uasset" 6177
"../../../Engine/Content/EngineMaterials/Substrate/GLints/dict_16_192_64_0p5_0p02_0021_0012.uasset" 6178
"/Engine/EngineMaterials/Substrate/GLints/dict_16_192_64_0p5_0p02_0021_0013" 6179
"../../../Engine/Content/EngineMaterials/Substrate/GLints/dict_16_192_64_0p5_0p02_0021_0009.uasset" 6180
"/Engine/EngineMaterials/Substrate/GLints/dict_16_192_64_0p5_0p02_0021_0015" 6181
"../../../Engine/Content/EngineMaterials/Substrate/GLints/dict_16_192_64_0p5_0p02_0021_0008.uasset" 6182
"/Engine/EngineMaterials/Substrate/GLints/dict_16_192_64_0p5_0p02_0021_0007" 6183
"/Engine/EngineMaterials/Substrate/GLints/dict_16_192_64_0p5_0p02_0021_0012" 6184
"../../../Engine/Content/EngineMaterials/Substrate/GLints/dict_16_192_64_0p5_0p02_0021_0010.uasset" 6185
"/Engine/EngineMaterials/Substrate/GLints/dict_16_192_64_0p5_0p02_0021_0014" 6186
"/Engine/EngineMaterials/Substrate/GLints/dict_16_192_64_0p5_0p02_0021_0008" 6187
"/Engine/EngineMaterials/Substrate/GLints/dict_16_192_64_0p5_0p02_0021_0009" 6188
"/Engine/EngineMaterials/Substrate/GLints/dict_16_192_64_0p5_0p02_0021_0010" 6189
"../../../Engine/Content/EngineMaterials/Substrate/GLints/dict_16_192_64_0p5_0p02_0021_0003.uasset" 6190
"../../../Engine/Content/EngineMaterials/Substrate/GLints/dict_16_192_64_0p5_0p02_0021_0001.uasset" 6191
"../../../Engine/Content/EngineMaterials/Substrate/GLints/dict_16_192_64_0p5_0p02_0020_0015.uasset" 6192
"/Engine/EngineMaterials/Substrate/GLints/dict_16_192_64_0p5_0p02_0020_0015" 6193
"../../../Engine/Content/EngineMaterials/Substrate/GLints/dict_16_192_64_0p5_0p02_0021_0004.uasset" 6194
"../../../Engine/Content/EngineMaterials/Substrate/GLints/dict_16_192_64_0p5_0p02_0021_0005.uasset" 6195
"/Engine/EngineMaterials/Substrate/GLints/dict_16_192_64_0p5_0p02_0021_0001" 6196
"../../../Engine/Content/EngineMaterials/Substrate/GLints/dict_16_192_64_0p5_0p02_0021_0011.uasset" 6197
"/Engine/EngineMaterials/Substrate/GLints/dict_16_192_64_0p5_0p02_0021_0003" 6198
"/Engine/EngineMaterials/Substrate/GLints/dict_16_192_64_0p5_0p02_0021_0004" 6199
"../../../Engine/Content/EngineMaterials/Substrate/GLints/dict_16_192_64_0p5_0p02_0020_0014.uasset" 6200
"/Engine/EngineMaterials/Substrate/GLints/dict_16_192_64_0p5_0p02_0021_0005" 6201
"../../../Engine/Content/EngineMaterials/Substrate/GLints/dict_16_192_64_0p5_0p02_0021_0000.uasset" 6202
"/Engine/EngineMaterials/Substrate/GLints/dict_16_192_64_0p5_0p02_0021_0011" 6203
"/Engine/EngineMaterials/Substrate/GLints/dict_16_192_64_0p5_0p02_0020_0014" 6204
"/Engine/EngineMaterials/Substrate/GLints/dict_16_192_64_0p5_0p02_0021_0000" 6205
"../../../Engine/Content/EngineMaterials/Substrate/GLints/dict_16_192_64_0p5_0p02_0021_0006.uasset" 6206
"../../../Engine/Content/EngineMaterials/Substrate/GLints/dict_16_192_64_0p5_0p02_0021_0002.uasset" 6207
"/Engine/EngineMaterials/Substrate/GLints/dict_16_192_64_0p5_0p02_0021_0006" 6208
"/Engine/EngineMaterials/Substrate/GLints/dict_16_192_64_0p5_0p02_0021_0002" 6209
"../../../Engine/Content/EngineMaterials/Substrate/GLints/dict_16_192_64_0p5_0p02_0020_0009.uasset" 6210
"../../../Engine/Content/EngineMaterials/Substrate/GLints/dict_16_192_64_0p5_0p02_0020_0011.uasset" 6211
"../../../Engine/Content/EngineMaterials/Substrate/GLints/dict_16_192_64_0p5_0p02_0020_0008.uasset" 6212
"../../../Engine/Content/EngineMaterials/Substrate/GLints/dict_16_192_64_0p5_0p02_0020_0007.uasset" 6213
"../../../Engine/Content/EngineMaterials/Substrate/GLints/dict_16_192_64_0p5_0p02_0020_0010.uasset" 6214
"../../../Engine/Content/EngineMaterials/Substrate/GLints/dict_16_192_64_0p5_0p02_0020_0006.uasset" 6215
"../../../Engine/Content/EngineMaterials/Substrate/GLints/dict_16_192_64_0p5_0p02_0020_0012.uasset" 6216
"../../../Engine/Content/EngineMaterials/Substrate/GLints/dict_16_192_64_0p5_0p02_0020_0004.uasset" 6217
"../../../Engine/Content/EngineMaterials/Substrate/GLints/dict_16_192_64_0p5_0p02_0020_0013.uasset" 6218
"../../../Engine/Content/EngineMaterials/Substrate/GLints/dict_16_192_64_0p5_0p02_0020_0005.uasset" 6219
"/Engine/EngineMaterials/Substrate/GLints/dict_16_192_64_0p5_0p02_0020_0013" 6220
"/Engine/EngineMaterials/Substrate/GLints/dict_16_192_64_0p5_0p02_0020_0004" 6221
"/Engine/EngineMaterials/Substrate/GLints/dict_16_192_64_0p5_0p02_0020_0006" 6222
"/Engine/EngineMaterials/Substrate/GLints/dict_16_192_64_0p5_0p02_0020_0010" 6223
"/Engine/EngineMaterials/Substrate/GLints/dict_16_192_64_0p5_0p02_0020_0011" 6224
"/Engine/EngineMaterials/Substrate/GLints/dict_16_192_64_0p5_0p02_0020_0005" 6225
"/Engine/EngineMaterials/Substrate/GLints/dict_16_192_64_0p5_0p02_0020_0007" 6226
"/Engine/EngineMaterials/Substrate/GLints/dict_16_192_64_0p5_0p02_0020_0012" 6227
"/Engine/EngineMaterials/Substrate/GLints/dict_16_192_64_0p5_0p02_0020_0008" 6228
"/Engine/EngineMaterials/Substrate/GLints/dict_16_192_64_0p5_0p02_0020_0009" 6229
"../../../Engine/Content/EngineMaterials/Substrate/GLints/dict_16_192_64_0p5_0p02_0020_0001.uasset" 6230
"../../../Engine/Content/EngineMaterials/Substrate/GLints/dict_16_192_64_0p5_0p02_0019_0013.uasset" 6231
"../../../Engine/Content/EngineMaterials/Substrate/GLints/dict_16_192_64_0p5_0p02_0020_0003.uasset" 6232
"../../../Engine/Content/EngineMaterials/Substrate/GLints/dict_16_192_64_0p5_0p02_0019_0014.uasset" 6233
"../../../Engine/Content/EngineMaterials/Substrate/GLints/dict_16_192_64_0p5_0p02_0019_0011.uasset" 6234
"../../../Engine/Content/EngineMaterials/Substrate/GLints/dict_16_192_64_0p5_0p02_0019_0015.uasset" 6235
"../../../Engine/Content/EngineMaterials/Substrate/GLints/dict_16_192_64_0p5_0p02_0020_0000.uasset" 6236
"../../../Engine/Content/EngineMaterials/Substrate/GLints/dict_16_192_64_0p5_0p02_0019_0012.uasset" 6237
"../../../Engine/Content/EngineMaterials/Substrate/GLints/dict_16_192_64_0p5_0p02_0019_0010.uasset" 6238
"/Engine/EngineMaterials/Substrate/GLints/dict_16_192_64_0p5_0p02_0019_0012" 6239
"/Engine/EngineMaterials/Substrate/GLints/dict_16_192_64_0p5_0p02_0020_0001" 6240
"/Engine/EngineMaterials/Substrate/GLints/dict_16_192_64_0p5_0p02_0019_0013" 6241
"/Engine/EngineMaterials/Substrate/GLints/dict_16_192_64_0p5_0p02_0020_0000" 6242
"/Engine/EngineMaterials/Substrate/GLints/dict_16_192_64_0p5_0p02_0019_0014" 6243
"/Engine/EngineMaterials/Substrate/GLints/dict_16_192_64_0p5_0p02_0019_0010" 6244
"/Engine/EngineMaterials/Substrate/GLints/dict_16_192_64_0p5_0p02_0019_0011" 6245
"/Engine/EngineMaterials/Substrate/GLints/dict_16_192_64_0p5_0p02_0020_0003" 6246
"/Engine/EngineMaterials/Substrate/GLints/dict_16_192_64_0p5_0p02_0019_0015" 6247
"../../../Engine/Content/EngineMaterials/Substrate/GLints/dict_16_192_64_0p5_0p02_0019_0009.uasset" 6248
"/Engine/EngineMaterials/Substrate/GLints/dict_16_192_64_0p5_0p02_0019_0009" 6249
"../../../Engine/Content/EngineMaterials/Substrate/GLints/dict_16_192_64_0p5_0p02_0020_0002.uasset" 6250
"../../../Engine/Content/EngineMaterials/Substrate/GLints/dict_16_192_64_0p5_0p02_0019_0008.uasset" 6251
"/Engine/EngineMaterials/Substrate/GLints/dict_16_192_64_0p5_0p02_0020_0002" 6252
"/Engine/EngineMaterials/Substrate/GLints/dict_16_192_64_0p5_0p02_0019_0008" 6253
"../../../Engine/Content/EngineMaterials/Substrate/GLints/dict_16_192_64_0p5_0p02_0019_0006.uasset" 6254
"../../../Engine/Content/EngineMaterials/Substrate/GLints/dict_16_192_64_0p5_0p02_0019_0001.uasset" 6255
"../../../Engine/Content/EngineMaterials/Substrate/GLints/dict_16_192_64_0p5_0p02_0019_0005.uasset" 6256
"../../../Engine/Content/EngineMaterials/Substrate/GLints/dict_16_192_64_0p5_0p02_0019_0007.uasset" 6257
"../../../Engine/Content/EngineMaterials/Substrate/GLints/dict_16_192_64_0p5_0p02_0019_0004.uasset" 6258
"../../../Engine/Content/EngineMaterials/Substrate/GLints/dict_16_192_64_0p5_0p02_0019_0002.uasset" 6259
"/Engine/EngineMaterials/Substrate/GLints/dict_16_192_64_0p5_0p02_0019_0002" 6260
"/Engine/EngineMaterials/Substrate/GLints/dict_16_192_64_0p5_0p02_0019_0005" 6261
"/Engine/EngineMaterials/Substrate/GLints/dict_16_192_64_0p5_0p02_0019_0001" 6262
"/Engine/EngineMaterials/Substrate/GLints/dict_16_192_64_0p5_0p02_0019_0006" 6263
"/Engine/EngineMaterials/Substrate/GLints/dict_16_192_64_0p5_0p02_0019_0004" 6264
"/Engine/EngineMaterials/Substrate/GLints/dict_16_192_64_0p5_0p02_0019_0007" 6265
"../../../Engine/Content/EngineMaterials/Substrate/GLints/dict_16_192_64_0p5_0p02_0018_0011.uasset" 6266
"../../../Engine/Content/EngineMaterials/Substrate/GLints/dict_16_192_64_0p5_0p02_0018_0014.uasset" 6267
"../../../Engine/Content/EngineMaterials/Substrate/GLints/dict_16_192_64_0p5_0p02_0018_0012.uasset" 6268
"../../../Engine/Content/EngineMaterials/Substrate/GLints/dict_16_192_64_0p5_0p02_0018_0015.uasset" 6269
"../../../Engine/Content/EngineMaterials/Substrate/GLints/dict_16_192_64_0p5_0p02_0019_0003.uasset" 6270
"../../../Engine/Content/EngineMaterials/Substrate/GLints/dict_16_192_64_0p5_0p02_0018_0010.uasset" 6271
"/Engine/EngineMaterials/Substrate/GLints/dict_16_192_64_0p5_0p02_0019_0003" 6272
"/Engine/EngineMaterials/Substrate/GLints/dict_16_192_64_0p5_0p02_0018_0014" 6273
"/Engine/EngineMaterials/Substrate/GLints/dict_16_192_64_0p5_0p02_0018_0015" 6274
"/Engine/EngineMaterials/Substrate/GLints/dict_16_192_64_0p5_0p02_0018_0010" 6275
"/Engine/EngineMaterials/Substrate/GLints/dict_16_192_64_0p5_0p02_0018_0011" 6276
"/Engine/EngineMaterials/Substrate/GLints/dict_16_192_64_0p5_0p02_0018_0012" 6277
"../../../Engine/Content/EngineMaterials/Substrate/GLints/dict_16_192_64_0p5_0p02_0019_0000.uasset" 6278
"../../../Engine/Content/EngineMaterials/Substrate/GLints/dict_16_192_64_0p5_0p02_0018_0008.uasset" 6279
"../../../Engine/Content/EngineMaterials/Substrate/GLints/dict_16_192_64_0p5_0p02_0018_0009.uasset" 6280
"../../../Engine/Content/EngineMaterials/Substrate/GLints/dict_16_192_64_0p5_0p02_0018_0013.uasset" 6281
"/Engine/EngineMaterials/Substrate/GLints/dict_16_192_64_0p5_0p02_0019_0000" 6282
"/Engine/EngineMaterials/Substrate/GLints/dict_16_192_64_0p5_0p02_0018_0008" 6283
"/Engine/EngineMaterials/Substrate/GLints/dict_16_192_64_0p5_0p02_0018_0009" 6284
"/Engine/EngineMaterials/Substrate/GLints/dict_16_192_64_0p5_0p02_0018_0013" 6285
"../../../Engine/Content/EngineMaterials/Substrate/GLints/dict_16_192_64_0p5_0p02_0018_0000.uasset" 6286
"../../../Engine/Content/EngineMaterials/Substrate/GLints/dict_16_192_64_0p5_0p02_0018_0001.uasset" 6287
"../../../Engine/Content/EngineMaterials/Substrate/GLints/dict_16_192_64_0p5_0p02_0018_0002.uasset" 6288
"../../../Engine/Content/EngineMaterials/Substrate/GLints/dict_16_192_64_0p5_0p02_0018_0006.uasset" 6289
"../../../Engine/Content/EngineMaterials/Substrate/GLints/dict_16_192_64_0p5_0p02_0018_0007.uasset" 6290
"../../../Engine/Content/EngineMaterials/Substrate/GLints/dict_16_192_64_0p5_0p02_0017_0014.uasset" 6291
"../../../Engine/Content/EngineMaterials/Substrate/GLints/dict_16_192_64_0p5_0p02_0018_0004.uasset" 6292
"/Engine/EngineMaterials/Substrate/GLints/dict_16_192_64_0p5_0p02_0018_0004" 6293
"/Engine/EngineMaterials/Substrate/GLints/dict_16_192_64_0p5_0p02_0018_0006" 6294
"/Engine/EngineMaterials/Substrate/GLints/dict_16_192_64_0p5_0p02_0017_0014" 6295
"/Engine/EngineMaterials/Substrate/GLints/dict_16_192_64_0p5_0p02_0018_0007" 6296
"/Engine/EngineMaterials/Substrate/GLints/dict_16_192_64_0p5_0p02_0018_0000" 6297
"/Engine/EngineMaterials/Substrate/GLints/dict_16_192_64_0p5_0p02_0018_0001" 6298
"/Engine/EngineMaterials/Substrate/GLints/dict_16_192_64_0p5_0p02_0018_0002" 6299
"../../../Engine/Content/EngineMaterials/Substrate/GLints/dict_16_192_64_0p5_0p02_0018_0003.uasset" 6300
"../../../Engine/Content/EngineMaterials/Substrate/GLints/dict_16_192_64_0p5_0p02_0017_0015.uasset" 6301
"../../../Engine/Content/EngineMaterials/Substrate/GLints/dict_16_192_64_0p5_0p02_0017_0013.uasset" 6302
"../../../Engine/Content/EngineMaterials/Substrate/GLints/dict_16_192_64_0p5_0p02_0017_0012.uasset" 6303
"../../../Engine/Content/EngineMaterials/Substrate/GLints/dict_16_192_64_0p5_0p02_0018_0005.uasset" 6304
"../../../Engine/Content/EngineMaterials/Substrate/GLints/dict_16_192_64_0p5_0p02_0017_0007.uasset" 6305
"../../../Engine/Content/EngineMaterials/Substrate/GLints/dict_16_192_64_0p5_0p02_0017_0011.uasset" 6306
"../../../Engine/Content/EngineMaterials/Substrate/GLints/dict_16_192_64_0p5_0p02_0017_0008.uasset" 6307
"/Engine/EngineMaterials/Substrate/GLints/dict_16_192_64_0p5_0p02_0017_0011" 6308
"/Engine/EngineMaterials/Substrate/GLints/dict_16_192_64_0p5_0p02_0017_0012" 6309
"/Engine/EngineMaterials/Substrate/GLints/dict_16_192_64_0p5_0p02_0018_0005" 6310
"/Engine/EngineMaterials/Substrate/GLints/dict_16_192_64_0p5_0p02_0017_0013" 6311
"/Engine/EngineMaterials/Substrate/GLints/dict_16_192_64_0p5_0p02_0017_0015" 6312
"../../../Engine/Content/EngineMaterials/Substrate/GLints/dict_16_192_64_0p5_0p02_0017_0009.uasset" 6313
"/Engine/EngineMaterials/Substrate/GLints/dict_16_192_64_0p5_0p02_0017_0008" 6314
"/Engine/EngineMaterials/Substrate/GLints/dict_16_192_64_0p5_0p02_0017_0007" 6315
"/Engine/EngineMaterials/Substrate/GLints/dict_16_192_64_0p5_0p02_0018_0003" 6316
"/Engine/EngineMaterials/Substrate/GLints/dict_16_192_64_0p5_0p02_0017_0009" 6317
"../../../Engine/Content/EngineMaterials/Substrate/GLints/dict_16_192_64_0p5_0p02_0017_0006.uasset" 6318
"../../../Engine/Content/EngineMaterials/Substrate/GLints/dict_16_192_64_0p5_0p02_0017_0004.uasset" 6319
"../../../Engine/Content/EngineMaterials/Substrate/GLints/dict_16_192_64_0p5_0p02_0016_0014.uasset" 6320
"../../../Engine/Content/EngineMaterials/Substrate/GLints/dict_16_192_64_0p5_0p02_0017_0003.uasset" 6321
"../../../Engine/Content/EngineMaterials/Substrate/GLints/dict_16_192_64_0p5_0p02_0017_0001.uasset" 6322
"../../../Engine/Content/EngineMaterials/Substrate/GLints/dict_16_192_64_0p5_0p02_0017_0005.uasset" 6323
"../../../Engine/Content/EngineMaterials/Substrate/GLints/dict_16_192_64_0p5_0p02_0017_0002.uasset" 6324
"../../../Engine/Content/EngineMaterials/Substrate/GLints/dict_16_192_64_0p5_0p02_0016_0015.uasset" 6325
"../../../Engine/Content/EngineMaterials/Substrate/GLints/dict_16_192_64_0p5_0p02_0017_0000.uasset" 6326
"/Engine/EngineMaterials/Substrate/GLints/dict_16_192_64_0p5_0p02_0017_0002" 6327
"/Engine/EngineMaterials/Substrate/GLints/dict_16_192_64_0p5_0p02_0017_0003" 6328
"/Engine/EngineMaterials/Substrate/GLints/dict_16_192_64_0p5_0p02_0017_0004" 6329
"/Engine/EngineMaterials/Substrate/GLints/dict_16_192_64_0p5_0p02_0017_0005" 6330
"/Engine/EngineMaterials/Substrate/GLints/dict_16_192_64_0p5_0p02_0016_0014" 6331
"/Engine/EngineMaterials/Substrate/GLints/dict_16_192_64_0p5_0p02_0017_0006" 6332
"/Engine/EngineMaterials/Substrate/GLints/dict_16_192_64_0p5_0p02_0016_0015" 6333
"/Engine/EngineMaterials/Substrate/GLints/dict_16_192_64_0p5_0p02_0017_0000" 6334
"/Engine/EngineMaterials/Substrate/GLints/dict_16_192_64_0p5_0p02_0017_0001" 6335
"../../../Engine/Content/EngineMaterials/Substrate/GLints/dict_16_192_64_0p5_0p02_0016_0011.uasset" 6336
"../../../Engine/Content/EngineMaterials/Substrate/GLints/dict_16_192_64_0p5_0p02_0016_0012.uasset" 6337
"../../../Engine/Content/EngineMaterials/Substrate/GLints/dict_16_192_64_0p5_0p02_0016_0009.uasset" 6338
"../../../Engine/Content/EngineMaterials/Substrate/GLints/dict_16_192_64_0p5_0p02_0016_0010.uasset" 6339
"../../../Engine/Content/EngineMaterials/Substrate/GLints/dict_16_192_64_0p5_0p02_0016_0008.uasset" 6340
"../../../Engine/Content/EngineMaterials/Substrate/GLints/dict_16_192_64_0p5_0p02_0016_0013.uasset" 6341
"../../../Engine/Content/EngineMaterials/Substrate/GLints/dict_16_192_64_0p5_0p02_0016_0006.uasset" 6342
"../../../Engine/Content/EngineMaterials/Substrate/GLints/dict_16_192_64_0p5_0p02_0016_0007.uasset" 6343
"../../../Engine/Content/EngineMaterials/Substrate/GLints/dict_16_192_64_0p5_0p02_0016_0005.uasset" 6344
"/Engine/EngineMaterials/Substrate/GLints/dict_16_192_64_0p5_0p02_0016_0012" 6345
"/Engine/EngineMaterials/Substrate/GLints/dict_16_192_64_0p5_0p02_0016_0008" 6346
"/Engine/EngineMaterials/Substrate/GLints/dict_16_192_64_0p5_0p02_0016_0013" 6347
"/Engine/EngineMaterials/Substrate/GLints/dict_16_192_64_0p5_0p02_0016_0005" 6348
"/Engine/EngineMaterials/Substrate/GLints/dict_16_192_64_0p5_0p02_0016_0006" 6349
"/Engine/EngineMaterials/Substrate/GLints/dict_16_192_64_0p5_0p02_0016_0007" 6350
"/Engine/EngineMaterials/Substrate/GLints/dict_16_192_64_0p5_0p02_0016_0009" 6351
"/Engine/EngineMaterials/Substrate/GLints/dict_16_192_64_0p5_0p02_0016_0010" 6352
"/Engine/EngineMaterials/Substrate/GLints/dict_16_192_64_0p5_0p02_0016_0011" 6353
"../../../Engine/Content/EngineMaterials/Substrate/GLints/dict_16_192_64_0p5_0p02_0017_0010.uasset" 6354
"../../../Engine/Content/EngineMaterials/Substrate/GLints/dict_16_192_64_0p5_0p02_0016_0002.uasset" 6355
"../../../Engine/Content/EngineMaterials/Substrate/GLints/dict_16_192_64_0p5_0p02_0016_0001.uasset" 6356
"/Engine/EngineMaterials/Substrate/GLints/dict_16_192_64_0p5_0p02_0017_0010" 6357
"/Engine/EngineMaterials/Substrate/GLints/dict_16_192_64_0p5_0p02_0016_0001" 6358
"../../../Engine/Content/EngineMaterials/Substrate/GLints/dict_16_192_64_0p5_0p02_0015_0013.uasset" 6359
"/Engine/EngineMaterials/Substrate/GLints/dict_16_192_64_0p5_0p02_0016_0002" 6360
"../../../Engine/Content/EngineMaterials/Substrate/GLints/dict_16_192_64_0p5_0p02_0015_0015.uasset" 6361
"/Engine/EngineMaterials/Substrate/GLints/dict_16_192_64_0p5_0p02_0015_0013" 6362
"../../../Engine/Content/EngineMaterials/Substrate/GLints/dict_16_192_64_0p5_0p02_0015_0012.uasset" 6363
"/Engine/EngineMaterials/Substrate/GLints/dict_16_192_64_0p5_0p02_0015_0012" 6364
"/Engine/EngineMaterials/Substrate/GLints/dict_16_192_64_0p5_0p02_0015_0015" 6365
"../../../Engine/Content/EngineMaterials/Substrate/GLints/dict_16_192_64_0p5_0p02_0015_0014.uasset" 6366
"../../../Engine/Content/EngineMaterials/Substrate/GLints/dict_16_192_64_0p5_0p02_0016_0004.uasset" 6367
"/Engine/EngineMaterials/Substrate/GLints/dict_16_192_64_0p5_0p02_0016_0004" 6368
"/Engine/EngineMaterials/Substrate/GLints/dict_16_192_64_0p5_0p02_0015_0014" 6369
"../../../Engine/Content/EngineMaterials/Substrate/GLints/dict_16_192_64_0p5_0p02_0016_0003.uasset" 6370
"../../../Engine/Content/EngineMaterials/Substrate/GLints/dict_16_192_64_0p5_0p02_0015_0008.uasset" 6371
"/Engine/EngineMaterials/Substrate/GLints/dict_16_192_64_0p5_0p02_0015_0008" 6372
"../../../Engine/Content/EngineMaterials/Substrate/GLints/dict_16_192_64_0p5_0p02_0015_0009.uasset" 6373
"../../../Engine/Content/EngineMaterials/Substrate/GLints/dict_16_192_64_0p5_0p02_0015_0005.uasset" 6374
"/Engine/EngineMaterials/Substrate/GLints/dict_16_192_64_0p5_0p02_0016_0003" 6375
"../../../Engine/Content/EngineMaterials/Substrate/GLints/dict_16_192_64_0p5_0p02_0015_0004.uasset" 6376
"../../../Engine/Content/EngineMaterials/Substrate/GLints/dict_16_192_64_0p5_0p02_0015_0011.uasset" 6377
"/Engine/EngineMaterials/Substrate/GLints/dict_16_192_64_0p5_0p02_0015_0009" 6378
"../../../Engine/Content/EngineMaterials/Substrate/GLints/dict_16_192_64_0p5_0p02_0015_0007.uasset" 6379
"/Engine/EngineMaterials/Substrate/GLints/dict_16_192_64_0p5_0p02_0015_0011" 6380
"/Engine/EngineMaterials/Substrate/GLints/dict_16_192_64_0p5_0p02_0015_0004" 6381
"/Engine/EngineMaterials/Substrate/GLints/dict_16_192_64_0p5_0p02_0015_0005" 6382
"/Engine/EngineMaterials/Substrate/GLints/dict_16_192_64_0p5_0p02_0015_0007" 6383
"../../../Engine/Content/EngineMaterials/Substrate/GLints/dict_16_192_64_0p5_0p02_0015_0010.uasset" 6384
"/Engine/EngineMaterials/Substrate/GLints/dict_16_192_64_0p5_0p02_0015_0010" 6385
"../../../Engine/Content/EngineMaterials/Substrate/GLints/dict_16_192_64_0p5_0p02_0016_0000.uasset" 6386
"../../../Engine/Content/EngineMaterials/Substrate/GLints/dict_16_192_64_0p5_0p02_0015_0006.uasset" 6387
"../../../Engine/Content/EngineMaterials/Substrate/GLints/dict_16_192_64_0p5_0p02_0015_0001.uasset" 6388
"../../../Engine/Content/EngineMaterials/Substrate/GLints/dict_16_192_64_0p5_0p02_0015_0003.uasset" 6389
"../../../Engine/Content/EngineMaterials/Substrate/GLints/dict_16_192_64_0p5_0p02_0014_0013.uasset" 6390
"../../../Engine/Content/EngineMaterials/Substrate/GLints/dict_16_192_64_0p5_0p02_0015_0002.uasset" 6391
"../../../Engine/Content/EngineMaterials/Substrate/GLints/dict_16_192_64_0p5_0p02_0015_0000.uasset" 6392
"../../../Engine/Content/EngineMaterials/Substrate/GLints/dict_16_192_64_0p5_0p02_0014_0012.uasset" 6393
"../../../Engine/Content/EngineMaterials/Substrate/GLints/dict_16_192_64_0p5_0p02_0014_0015.uasset" 6394
"/Engine/EngineMaterials/Substrate/GLints/dict_16_192_64_0p5_0p02_0014_0015" 6395
"/Engine/EngineMaterials/Substrate/GLints/dict_16_192_64_0p5_0p02_0015_0000" 6396
"/Engine/EngineMaterials/Substrate/GLints/dict_16_192_64_0p5_0p02_0015_0001" 6397
"/Engine/EngineMaterials/Substrate/GLints/dict_16_192_64_0p5_0p02_0015_0002" 6398
"/Engine/EngineMaterials/Substrate/GLints/dict_16_192_64_0p5_0p02_0014_0012" 6399
"/Engine/EngineMaterials/Substrate/GLints/dict_16_192_64_0p5_0p02_0014_0013" 6400
"/Engine/EngineMaterials/Substrate/GLints/dict_16_192_64_0p5_0p02_0015_0003" 6401
"/Engine/EngineMaterials/Substrate/GLints/dict_16_192_64_0p5_0p02_0015_0006" 6402
"/Engine/EngineMaterials/Substrate/GLints/dict_16_192_64_0p5_0p02_0016_0000" 6403
"../../../Engine/Content/EngineMaterials/Substrate/GLints/dict_16_192_64_0p5_0p02_0014_0006.uasset" 6404
"../../../Engine/Content/EngineMaterials/Substrate/GLints/dict_16_192_64_0p5_0p02_0014_0014.uasset" 6405
"../../../Engine/Content/EngineMaterials/Substrate/GLints/dict_16_192_64_0p5_0p02_0014_0008.uasset" 6406
"../../../Engine/Content/EngineMaterials/Substrate/GLints/dict_16_192_64_0p5_0p02_0014_0005.uasset" 6407
"../../../Engine/Content/EngineMaterials/Substrate/GLints/dict_16_192_64_0p5_0p02_0014_0009.uasset" 6408
"../../../Engine/Content/EngineMaterials/Substrate/GLints/dict_16_192_64_0p5_0p02_0014_0011.uasset" 6409
"../../../Engine/Content/EngineMaterials/Substrate/GLints/dict_16_192_64_0p5_0p02_0014_0004.uasset" 6410
"/Engine/EngineMaterials/Substrate/GLints/dict_16_192_64_0p5_0p02_0014_0005" 6411
"/Engine/EngineMaterials/Substrate/GLints/dict_16_192_64_0p5_0p02_0014_0006" 6412
"/Engine/EngineMaterials/Substrate/GLints/dict_16_192_64_0p5_0p02_0014_0004" 6413
"/Engine/EngineMaterials/Substrate/GLints/dict_16_192_64_0p5_0p02_0014_0008" 6414
"/Engine/EngineMaterials/Substrate/GLints/dict_16_192_64_0p5_0p02_0014_0009" 6415
"/Engine/EngineMaterials/Substrate/GLints/dict_16_192_64_0p5_0p02_0014_0011" 6416
"/Engine/EngineMaterials/Substrate/GLints/dict_16_192_64_0p5_0p02_0014_0014" 6417
"../../../Engine/Content/EngineMaterials/Substrate/GLints/dict_16_192_64_0p5_0p02_0014_0007.uasset" 6418
"../../../Engine/Content/EngineMaterials/Substrate/GLints/dict_16_192_64_0p5_0p02_0014_0002.uasset" 6419
"../../../Engine/Content/EngineMaterials/Substrate/GLints/dict_16_192_64_0p5_0p02_0014_0010.uasset" 6420
"../../../Engine/Content/EngineMaterials/Substrate/GLints/dict_16_192_64_0p5_0p02_0013_0014.uasset" 6421
"../../../Engine/Content/EngineMaterials/Substrate/GLints/dict_16_192_64_0p5_0p02_0014_0003.uasset" 6422
"../../../Engine/Content/EngineMaterials/Substrate/GLints/dict_16_192_64_0p5_0p02_0013_0013.uasset" 6423
"../../../Engine/Content/EngineMaterials/Substrate/GLints/dict_16_192_64_0p5_0p02_0013_0015.uasset" 6424
"../../../Engine/Content/EngineMaterials/Substrate/GLints/dict_16_192_64_0p5_0p02_0014_0000.uasset" 6425
"/Engine/EngineMaterials/Substrate/GLints/dict_16_192_64_0p5_0p02_0014_0003" 6426
"/Engine/EngineMaterials/Substrate/GLints/dict_16_192_64_0p5_0p02_0014_0000" 6427
"/Engine/EngineMaterials/Substrate/GLints/dict_16_192_64_0p5_0p02_0014_0007" 6428
"/Engine/EngineMaterials/Substrate/GLints/dict_16_192_64_0p5_0p02_0013_0013" 6429
"/Engine/EngineMaterials/Substrate/GLints/dict_16_192_64_0p5_0p02_0014_0002" 6430
"/Engine/EngineMaterials/Substrate/GLints/dict_16_192_64_0p5_0p02_0013_0014" 6431
"/Engine/EngineMaterials/Substrate/GLints/dict_16_192_64_0p5_0p02_0014_0010" 6432
"/Engine/EngineMaterials/Substrate/GLints/dict_16_192_64_0p5_0p02_0013_0015" 6433
"../../../Engine/Content/EngineMaterials/Substrate/GLints/dict_16_192_64_0p5_0p02_0014_0001.uasset" 6434
"../../../Engine/Content/EngineMaterials/Substrate/GLints/dict_16_192_64_0p5_0p02_0013_0009.uasset" 6435
"../../../Engine/Content/EngineMaterials/Substrate/GLints/dict_16_192_64_0p5_0p02_0013_0007.uasset" 6436
"../../../Engine/Content/EngineMaterials/Substrate/GLints/dict_16_192_64_0p5_0p02_0013_0010.uasset" 6437
"/Engine/EngineMaterials/Substrate/GLints/dict_16_192_64_0p5_0p02_0013_0009" 6438
"../../../Engine/Content/EngineMaterials/Substrate/GLints/dict_16_192_64_0p5_0p02_0013_0012.uasset" 6439
"../../../Engine/Content/EngineMaterials/Substrate/GLints/dict_16_192_64_0p5_0p02_0013_0006.uasset" 6440
"../../../Engine/Content/EngineMaterials/Substrate/GLints/dict_16_192_64_0p5_0p02_0013_0011.uasset" 6441
"/Engine/EngineMaterials/Substrate/GLints/dict_16_192_64_0p5_0p02_0013_0010" 6442
"../../../Engine/Content/EngineMaterials/Substrate/GLints/dict_16_192_64_0p5_0p02_0013_0004.uasset" 6443
"/Engine/EngineMaterials/Substrate/GLints/dict_16_192_64_0p5_0p02_0014_0001" 6444
"/Engine/EngineMaterials/Substrate/GLints/dict_16_192_64_0p5_0p02_0013_0007" 6445
"../../../Engine/Content/EngineMaterials/Substrate/GLints/dict_16_192_64_0p5_0p02_0013_0005.uasset" 6446
"../../../Engine/Content/EngineMaterials/Substrate/GLints/dict_16_192_64_0p5_0p02_0013_0008.uasset" 6447
"/Engine/EngineMaterials/Substrate/GLints/dict_16_192_64_0p5_0p02_0013_0008" 6448
"/Engine/EngineMaterials/Substrate/GLints/dict_16_192_64_0p5_0p02_0013_0006" 6449
"/Engine/EngineMaterials/Substrate/GLints/dict_16_192_64_0p5_0p02_0013_0012" 6450
"/Engine/EngineMaterials/Substrate/GLints/dict_16_192_64_0p5_0p02_0013_0011" 6451
"/Engine/EngineMaterials/Substrate/GLints/dict_16_192_64_0p5_0p02_0013_0004" 6452
"/Engine/EngineMaterials/Substrate/GLints/dict_16_192_64_0p5_0p02_0013_0005" 6453
"../../../Engine/Content/EngineMaterials/Substrate/GLints/dict_16_192_64_0p5_0p02_0013_0001.uasset" 6454
"../../../Engine/Content/EngineMaterials/Substrate/GLints/dict_16_192_64_0p5_0p02_0012_0013.uasset" 6455
"../../../Engine/Content/EngineMaterials/Substrate/GLints/dict_16_192_64_0p5_0p02_0013_0003.uasset" 6456
"../../../Engine/Content/EngineMaterials/Substrate/GLints/dict_16_192_64_0p5_0p02_0012_0010.uasset" 6457
"../../../Engine/Content/EngineMaterials/Substrate/GLints/dict_16_192_64_0p5_0p02_0012_0014.uasset" 6458
"../../../Engine/Content/EngineMaterials/Substrate/GLints/dict_16_192_64_0p5_0p02_0012_0011.uasset" 6459
"../../../Engine/Content/EngineMaterials/Substrate/GLints/dict_16_192_64_0p5_0p02_0013_0002.uasset" 6460
"../../../Engine/Content/EngineMaterials/Substrate/GLints/dict_16_192_64_0p5_0p02_0012_0015.uasset" 6461
"../../../Engine/Content/EngineMaterials/Substrate/GLints/dict_16_192_64_0p5_0p02_0013_0000.uasset" 6462
"../../../Engine/Content/EngineMaterials/Substrate/GLints/dict_16_192_64_0p5_0p02_0012_0012.uasset" 6463
"/Engine/EngineMaterials/Substrate/GLints/dict_16_192_64_0p5_0p02_0012_0013" 6464
"/Engine/EngineMaterials/Substrate/GLints/dict_16_192_64_0p5_0p02_0012_0010" 6465
"/Engine/EngineMaterials/Substrate/GLints/dict_16_192_64_0p5_0p02_0012_0014" 6466
"/Engine/EngineMaterials/Substrate/GLints/dict_16_192_64_0p5_0p02_0012_0015" 6467
"/Engine/EngineMaterials/Substrate/GLints/dict_16_192_64_0p5_0p02_0013_0000" 6468
"/Engine/EngineMaterials/Substrate/GLints/dict_16_192_64_0p5_0p02_0012_0011" 6469
"/Engine/EngineMaterials/Substrate/GLints/dict_16_192_64_0p5_0p02_0013_0001" 6470
"/Engine/EngineMaterials/Substrate/GLints/dict_16_192_64_0p5_0p02_0013_0002" 6471
"/Engine/EngineMaterials/Substrate/GLints/dict_16_192_64_0p5_0p02_0013_0003" 6472
"/Engine/EngineMaterials/Substrate/GLints/dict_16_192_64_0p5_0p02_0012_0012" 6473
"../../../Engine/Content/EngineMaterials/Substrate/GLints/dict_16_192_64_0p5_0p02_0012_0005.uasset" 6474
"../../../Engine/Content/EngineMaterials/Substrate/GLints/dict_16_192_64_0p5_0p02_0012_0006.uasset" 6475
"../../../Engine/Content/EngineMaterials/Substrate/GLints/dict_16_192_64_0p5_0p02_0012_0000.uasset" 6476
"/Engine/EngineMaterials/Substrate/GLints/dict_16_192_64_0p5_0p02_0012_0006" 6477
"/Engine/EngineMaterials/Substrate/GLints/dict_16_192_64_0p5_0p02_0012_0005" 6478
"../../../Engine/Content/EngineMaterials/Substrate/GLints/dict_16_192_64_0p5_0p02_0012_0001.uasset" 6479
"/Engine/EngineMaterials/Substrate/GLints/dict_16_192_64_0p5_0p02_0012_0000" 6480
"/Engine/EngineMaterials/Substrate/GLints/dict_16_192_64_0p5_0p02_0012_0001" 6481
"../../../Engine/Content/EngineMaterials/Substrate/GLints/dict_16_192_64_0p5_0p02_0012_0004.uasset" 6482
"../../../Engine/Content/EngineMaterials/Substrate/GLints/dict_16_192_64_0p5_0p02_0012_0009.uasset" 6483
"../../../Engine/Content/EngineMaterials/Substrate/GLints/dict_16_192_64_0p5_0p02_0012_0002.uasset" 6484
"../../../Engine/Content/EngineMaterials/Substrate/GLints/dict_16_192_64_0p5_0p02_0012_0003.uasset" 6485
"../../../Engine/Content/EngineMaterials/Substrate/GLints/dict_16_192_64_0p5_0p02_0012_0007.uasset" 6486
"/Engine/EngineMaterials/Substrate/GLints/dict_16_192_64_0p5_0p02_0012_0007" 6487
"/Engine/EngineMaterials/Substrate/GLints/dict_16_192_64_0p5_0p02_0012_0009" 6488
"/Engine/EngineMaterials/Substrate/GLints/dict_16_192_64_0p5_0p02_0012_0002" 6489
"/Engine/EngineMaterials/Substrate/GLints/dict_16_192_64_0p5_0p02_0012_0003" 6490
"/Engine/EngineMaterials/Substrate/GLints/dict_16_192_64_0p5_0p02_0012_0004" 6491
"../../../Engine/Content/EngineMaterials/Substrate/GLints/dict_16_192_64_0p5_0p02_0011_0014.uasset" 6492
"../../../Engine/Content/EngineMaterials/Substrate/GLints/dict_16_192_64_0p5_0p02_0011_0015.uasset" 6493
"../../../Engine/Content/EngineMaterials/Substrate/GLints/dict_16_192_64_0p5_0p02_0011_0010.uasset" 6494
"../../../Engine/Content/EngineMaterials/Substrate/GLints/dict_16_192_64_0p5_0p02_0011_0009.uasset" 6495
"../../../Engine/Content/EngineMaterials/Substrate/GLints/dict_16_192_64_0p5_0p02_0012_0008.uasset" 6496
"../../../Engine/Content/EngineMaterials/Substrate/GLints/dict_16_192_64_0p5_0p02_0011_0008.uasset" 6497
"../../../Engine/Content/EngineMaterials/Substrate/GLints/dict_16_192_64_0p5_0p02_0011_0013.uasset" 6498
"/Engine/EngineMaterials/Substrate/GLints/dict_16_192_64_0p5_0p02_0011_0014" 6499
"/Engine/EngineMaterials/Substrate/GLints/dict_16_192_64_0p5_0p02_0011_0010" 6500
"/Engine/EngineMaterials/Substrate/GLints/dict_16_192_64_0p5_0p02_0011_0015" 6501
"/Engine/EngineMaterials/Substrate/GLints/dict_16_192_64_0p5_0p02_0012_0008" 6502
"/Engine/EngineMaterials/Substrate/GLints/dict_16_192_64_0p5_0p02_0011_0008" 6503
"/Engine/EngineMaterials/Substrate/GLints/dict_16_192_64_0p5_0p02_0011_0009" 6504
"/Engine/EngineMaterials/Substrate/GLints/dict_16_192_64_0p5_0p02_0011_0013" 6505
"../../../Engine/Content/EngineMaterials/Substrate/GLints/dict_16_192_64_0p5_0p02_0011_0011.uasset" 6506
"../../../Engine/Content/EngineMaterials/Substrate/GLints/dict_16_192_64_0p5_0p02_0011_0007.uasset" 6507
"../../../Engine/Content/EngineMaterials/Substrate/GLints/dict_16_192_64_0p5_0p02_0011_0012.uasset" 6508
"/Engine/EngineMaterials/Substrate/GLints/dict_16_192_64_0p5_0p02_0011_0011" 6509
"/Engine/EngineMaterials/Substrate/GLints/dict_16_192_64_0p5_0p02_0011_0012" 6510
"/Engine/EngineMaterials/Substrate/GLints/dict_16_192_64_0p5_0p02_0011_0007" 6511
"../../../Engine/Content/EngineMaterials/Substrate/GLints/dict_16_192_64_0p5_0p02_0011_0004.uasset" 6512
"../../../Engine/Content/EngineMaterials/Substrate/GLints/dict_16_192_64_0p5_0p02_0011_0001.uasset" 6513
"../../../Engine/Content/EngineMaterials/Substrate/GLints/dict_16_192_64_0p5_0p02_0011_0003.uasset" 6514
"../../../Engine/Content/EngineMaterials/Substrate/GLints/dict_16_192_64_0p5_0p02_0011_0002.uasset" 6515
"../../../Engine/Content/EngineMaterials/Substrate/GLints/dict_16_192_64_0p5_0p02_0011_0005.uasset" 6516
"../../../Engine/Content/EngineMaterials/Substrate/GLints/dict_16_192_64_0p5_0p02_0010_0015.uasset" 6517
"../../../Engine/Content/EngineMaterials/Substrate/GLints/dict_16_192_64_0p5_0p02_0011_0000.uasset" 6518
"../../../Engine/Content/EngineMaterials/Substrate/GLints/dict_16_192_64_0p5_0p02_0011_0006.uasset" 6519
"/Engine/EngineMaterials/Substrate/GLints/dict_16_192_64_0p5_0p02_0011_0004" 6520
"/Engine/EngineMaterials/Substrate/GLints/dict_16_192_64_0p5_0p02_0011_0005" 6521
"/Engine/EngineMaterials/Substrate/GLints/dict_16_192_64_0p5_0p02_0010_0015" 6522
"/Engine/EngineMaterials/Substrate/GLints/dict_16_192_64_0p5_0p02_0011_0000" 6523
"/Engine/EngineMaterials/Substrate/GLints/dict_16_192_64_0p5_0p02_0011_0001" 6524
"/Engine/EngineMaterials/Substrate/GLints/dict_16_192_64_0p5_0p02_0011_0002" 6525
"/Engine/EngineMaterials/Substrate/GLints/dict_16_192_64_0p5_0p02_0011_0003" 6526
"/Engine/EngineMaterials/Substrate/GLints/dict_16_192_64_0p5_0p02_0011_0006" 6527
"../../../Engine/Content/EngineMaterials/Substrate/GLints/dict_16_192_64_0p5_0p02_0010_0013.uasset" 6528
"../../../Engine/Content/EngineMaterials/Substrate/GLints/dict_16_192_64_0p5_0p02_0010_0005.uasset" 6529
"../../../Engine/Content/EngineMaterials/Substrate/GLints/dict_16_192_64_0p5_0p02_0010_0009.uasset" 6530
"../../../Engine/Content/EngineMaterials/Substrate/GLints/dict_16_192_64_0p5_0p02_0010_0014.uasset" 6531
"../../../Engine/Content/EngineMaterials/Substrate/GLints/dict_16_192_64_0p5_0p02_0010_0012.uasset" 6532
"../../../Engine/Content/EngineMaterials/Substrate/GLints/dict_16_192_64_0p5_0p02_0010_0006.uasset" 6533
"../../../Engine/Content/EngineMaterials/Substrate/GLints/dict_16_192_64_0p5_0p02_0010_0011.uasset" 6534
"../../../Engine/Content/EngineMaterials/Substrate/GLints/dict_16_192_64_0p5_0p02_0010_0008.uasset" 6535
"../../../Engine/Content/EngineMaterials/Substrate/GLints/dict_16_192_64_0p5_0p02_0010_0007.uasset" 6536
"/Engine/EngineMaterials/Substrate/GLints/dict_16_192_64_0p5_0p02_0010_0008" 6537
"../../../Engine/Content/EngineMaterials/Substrate/GLints/dict_16_192_64_0p5_0p02_0010_0010.uasset" 6538
"/Engine/EngineMaterials/Substrate/GLints/dict_16_192_64_0p5_0p02_0010_0006" 6539
"/Engine/EngineMaterials/Substrate/GLints/dict_16_192_64_0p5_0p02_0010_0007" 6540
"/Engine/EngineMaterials/Substrate/GLints/dict_16_192_64_0p5_0p02_0010_0011" 6541
"/Engine/EngineMaterials/Substrate/GLints/dict_16_192_64_0p5_0p02_0010_0012" 6542
"/Engine/EngineMaterials/Substrate/GLints/dict_16_192_64_0p5_0p02_0010_0013" 6543
"/Engine/EngineMaterials/Substrate/GLints/dict_16_192_64_0p5_0p02_0010_0005" 6544
"/Engine/EngineMaterials/Substrate/GLints/dict_16_192_64_0p5_0p02_0010_0014" 6545
"/Engine/EngineMaterials/Substrate/GLints/dict_16_192_64_0p5_0p02_0010_0009" 6546
"/Engine/EngineMaterials/Substrate/GLints/dict_16_192_64_0p5_0p02_0010_0010" 6547
"../../../Engine/Content/EngineMaterials/Substrate/GLints/dict_16_192_64_0p5_0p02_0010_0003.uasset" 6548
"../../../Engine/Content/EngineMaterials/Substrate/GLints/dict_16_192_64_0p5_0p02_0009_0014.uasset" 6549
"../../../Engine/Content/EngineMaterials/Substrate/GLints/dict_16_192_64_0p5_0p02_0009_0013.uasset" 6550
"../../../Engine/Content/EngineMaterials/Substrate/GLints/dict_16_192_64_0p5_0p02_0009_0011.uasset" 6551
"../../../Engine/Content/EngineMaterials/Substrate/GLints/dict_16_192_64_0p5_0p02_0010_0004.uasset" 6552
"../../../Engine/Content/EngineMaterials/Substrate/GLints/dict_16_192_64_0p5_0p02_0009_0015.uasset" 6553
"../../../Engine/Content/EngineMaterials/Substrate/GLints/dict_16_192_64_0p5_0p02_0010_0001.uasset" 6554
"../../../Engine/Content/EngineMaterials/Substrate/GLints/dict_16_192_64_0p5_0p02_0010_0002.uasset" 6555
"/Engine/EngineMaterials/Substrate/GLints/dict_16_192_64_0p5_0p02_0009_0011" 6556
"../../../Engine/Content/EngineMaterials/Substrate/GLints/dict_16_192_64_0p5_0p02_0009_0012.uasset" 6557
"/Engine/EngineMaterials/Substrate/GLints/dict_16_192_64_0p5_0p02_0010_0001" 6558
"/Engine/EngineMaterials/Substrate/GLints/dict_16_192_64_0p5_0p02_0009_0013" 6559
"/Engine/EngineMaterials/Substrate/GLints/dict_16_192_64_0p5_0p02_0009_0014" 6560
"/Engine/EngineMaterials/Substrate/GLints/dict_16_192_64_0p5_0p02_0010_0002" 6561
"/Engine/EngineMaterials/Substrate/GLints/dict_16_192_64_0p5_0p02_0010_0003" 6562
"/Engine/EngineMaterials/Substrate/GLints/dict_16_192_64_0p5_0p02_0010_0004" 6563
"/Engine/EngineMaterials/Substrate/GLints/dict_16_192_64_0p5_0p02_0009_0015" 6564
"/Engine/EngineMaterials/Substrate/GLints/dict_16_192_64_0p5_0p02_0009_0012" 6565
"../../../Engine/Content/EngineMaterials/Substrate/GLints/dict_16_192_64_0p5_0p02_0009_0002.uasset" 6566
"../../../Engine/Content/EngineMaterials/Substrate/GLints/dict_16_192_64_0p5_0p02_0010_0000.uasset" 6567
"../../../Engine/Content/EngineMaterials/Substrate/GLints/dict_16_192_64_0p5_0p02_0009_0005.uasset" 6568
"../../../Engine/Content/EngineMaterials/Substrate/GLints/dict_16_192_64_0p5_0p02_0009_0004.uasset" 6569
"../../../Engine/Content/EngineMaterials/Substrate/GLints/dict_16_192_64_0p5_0p02_0009_0007.uasset" 6570
"../../../Engine/Content/EngineMaterials/Substrate/GLints/dict_16_192_64_0p5_0p02_0009_0003.uasset" 6571
"../../../Engine/Content/EngineMaterials/Substrate/GLints/dict_16_192_64_0p5_0p02_0009_0010.uasset" 6572
"../../../Engine/Content/EngineMaterials/Substrate/GLints/dict_16_192_64_0p5_0p02_0009_0006.uasset" 6573
"../../../Engine/Content/EngineMaterials/Substrate/GLints/dict_16_192_64_0p5_0p02_0009_0008.uasset" 6574
"/Engine/EngineMaterials/Substrate/GLints/dict_16_192_64_0p5_0p02_0009_0002" 6575
"/Engine/EngineMaterials/Substrate/GLints/dict_16_192_64_0p5_0p02_0009_0003" 6576
"/Engine/EngineMaterials/Substrate/GLints/dict_16_192_64_0p5_0p02_0009_0004" 6577
"/Engine/EngineMaterials/Substrate/GLints/dict_16_192_64_0p5_0p02_0009_0005" 6578
"/Engine/EngineMaterials/Substrate/GLints/dict_16_192_64_0p5_0p02_0009_0007" 6579
"/Engine/EngineMaterials/Substrate/GLints/dict_16_192_64_0p5_0p02_0009_0008" 6580
"/Engine/EngineMaterials/Substrate/GLints/dict_16_192_64_0p5_0p02_0010_0000" 6581
"/Engine/EngineMaterials/Substrate/GLints/dict_16_192_64_0p5_0p02_0009_0010" 6582
"/Engine/EngineMaterials/Substrate/GLints/dict_16_192_64_0p5_0p02_0009_0006" 6583
"../../../Engine/Content/EngineMaterials/Substrate/GLints/dict_16_192_64_0p5_0p02_0008_0010.uasset" 6584
"../../../Engine/Content/EngineMaterials/Substrate/GLints/dict_16_192_64_0p5_0p02_0008_0012.uasset" 6585
"../../../Engine/Content/EngineMaterials/Substrate/GLints/dict_16_192_64_0p5_0p02_0009_0001.uasset" 6586
"/Engine/EngineMaterials/Substrate/GLints/dict_16_192_64_0p5_0p02_0009_0001" 6587
"../../../Engine/Content/EngineMaterials/Substrate/GLints/dict_16_192_64_0p5_0p02_0008_0013.uasset" 6588
"/Engine/EngineMaterials/Substrate/GLints/dict_16_192_64_0p5_0p02_0008_0010" 6589
"/Engine/EngineMaterials/Substrate/GLints/dict_16_192_64_0p5_0p02_0008_0012" 6590
"../../../Engine/Content/EngineMaterials/Substrate/GLints/dict_16_192_64_0p5_0p02_0008_0011.uasset" 6591
"/Engine/EngineMaterials/Substrate/GLints/dict_16_192_64_0p5_0p02_0008_0013" 6592
"/Engine/EngineMaterials/Substrate/GLints/dict_16_192_64_0p5_0p02_0008_0011" 6593
"../../../Engine/Content/EngineMaterials/Substrate/GLints/dict_16_192_64_0p5_0p02_0009_0009.uasset" 6594
"../../../Engine/Content/EngineMaterials/Substrate/GLints/dict_16_192_64_0p5_0p02_0009_0000.uasset" 6595
"../../../Engine/Content/EngineMaterials/Substrate/GLints/dict_16_192_64_0p5_0p02_0008_0014.uasset" 6596
"../../../Engine/Content/EngineMaterials/Substrate/GLints/dict_16_192_64_0p5_0p02_0008_0015.uasset" 6597
"../../../Engine/Content/EngineMaterials/Substrate/GLints/dict_16_192_64_0p5_0p02_0008_0009.uasset" 6598
"/Engine/EngineMaterials/Substrate/GLints/dict_16_192_64_0p5_0p02_0009_0000" 6599
"/Engine/EngineMaterials/Substrate/GLints/dict_16_192_64_0p5_0p02_0008_0015" 6600
"/Engine/EngineMaterials/Substrate/GLints/dict_16_192_64_0p5_0p02_0008_0009" 6601
"/Engine/EngineMaterials/Substrate/GLints/dict_16_192_64_0p5_0p02_0008_0014" 6602
"/Engine/EngineMaterials/Substrate/GLints/dict_16_192_64_0p5_0p02_0009_0009" 6603
"../../../Engine/Content/EngineMaterials/Substrate/GLints/dict_16_192_64_0p5_0p02_0008_0008.uasset" 6604
"../../../Engine/Content/EngineMaterials/Substrate/GLints/dict_16_192_64_0p5_0p02_0008_0004.uasset" 6605
"../../../Engine/Content/EngineMaterials/Substrate/GLints/dict_16_192_64_0p5_0p02_0008_0007.uasset" 6606
"../../../Engine/Content/EngineMaterials/Substrate/GLints/dict_16_192_64_0p5_0p02_0008_0000.uasset" 6607
"../../../Engine/Content/EngineMaterials/Substrate/GLints/dict_16_192_64_0p5_0p02_0008_0003.uasset" 6608
"../../../Engine/Content/EngineMaterials/Substrate/GLints/dict_16_192_64_0p5_0p02_0008_0002.uasset" 6609
"../../../Engine/Content/EngineMaterials/Substrate/GLints/dict_16_192_64_0p5_0p02_0008_0006.uasset" 6610
"/Engine/EngineMaterials/Substrate/GLints/dict_16_192_64_0p5_0p02_0008_0006" 6611
"/Engine/EngineMaterials/Substrate/GLints/dict_16_192_64_0p5_0p02_0008_0000" 6612
"/Engine/EngineMaterials/Substrate/GLints/dict_16_192_64_0p5_0p02_0008_0007" 6613
"/Engine/EngineMaterials/Substrate/GLints/dict_16_192_64_0p5_0p02_0008_0008" 6614
"/Engine/EngineMaterials/Substrate/GLints/dict_16_192_64_0p5_0p02_0008_0002" 6615
"/Engine/EngineMaterials/Substrate/GLints/dict_16_192_64_0p5_0p02_0008_0003" 6616
"/Engine/EngineMaterials/Substrate/GLints/dict_16_192_64_0p5_0p02_0008_0004" 6617
"../../../Engine/Content/EngineMaterials/Substrate/GLints/dict_16_192_64_0p5_0p02_0007_0014.uasset" 6618
"../../../Engine/Content/EngineMaterials/Substrate/GLints/dict_16_192_64_0p5_0p02_0007_0011.uasset" 6619
"../../../Engine/Content/EngineMaterials/Substrate/GLints/dict_16_192_64_0p5_0p02_0007_0010.uasset" 6620
"../../../Engine/Content/EngineMaterials/Substrate/GLints/dict_16_192_64_0p5_0p02_0007_0012.uasset" 6621
"../../../Engine/Content/EngineMaterials/Substrate/GLints/dict_16_192_64_0p5_0p02_0008_0005.uasset" 6622
"../../../Engine/Content/EngineMaterials/Substrate/GLints/dict_16_192_64_0p5_0p02_0007_0013.uasset" 6623
"../../../Engine/Content/EngineMaterials/Substrate/GLints/dict_16_192_64_0p5_0p02_0007_0008.uasset" 6624
"../../../Engine/Content/EngineMaterials/Substrate/GLints/dict_16_192_64_0p5_0p02_0007_0015.uasset" 6625
"../../../Engine/Content/EngineMaterials/Substrate/GLints/dict_16_192_64_0p5_0p02_0008_0001.uasset" 6626
"/Engine/EngineMaterials/Substrate/GLints/dict_16_192_64_0p5_0p02_0007_0013" 6627
"/Engine/EngineMaterials/Substrate/GLints/dict_16_192_64_0p5_0p02_0008_0005" 6628
"/Engine/EngineMaterials/Substrate/GLints/dict_16_192_64_0p5_0p02_0007_0014" 6629
"/Engine/EngineMaterials/Substrate/GLints/dict_16_192_64_0p5_0p02_0007_0012" 6630
"/Engine/EngineMaterials/Substrate/GLints/dict_16_192_64_0p5_0p02_0007_0015" 6631
"/Engine/EngineMaterials/Substrate/GLints/dict_16_192_64_0p5_0p02_0008_0001" 6632
"/Engine/EngineMaterials/Substrate/GLints/dict_16_192_64_0p5_0p02_0007_0008" 6633
"../../../Engine/Content/EngineMaterials/Substrate/GLints/dict_16_192_64_0p5_0p02_0007_0009.uasset" 6634
"/Engine/EngineMaterials/Substrate/GLints/dict_16_192_64_0p5_0p02_0007_0010" 6635
"/Engine/EngineMaterials/Substrate/GLints/dict_16_192_64_0p5_0p02_0007_0011" 6636
"/Engine/EngineMaterials/Substrate/GLints/dict_16_192_64_0p5_0p02_0007_0009" 6637
"../../../Engine/Content/EngineMaterials/Substrate/GLints/dict_16_192_64_0p5_0p02_0007_0001.uasset" 6638
"../../../Engine/Content/EngineMaterials/Substrate/GLints/dict_16_192_64_0p5_0p02_0007_0002.uasset" 6639
"../../../Engine/Content/EngineMaterials/Substrate/GLints/dict_16_192_64_0p5_0p02_0007_0006.uasset" 6640
"../../../Engine/Content/EngineMaterials/Substrate/GLints/dict_16_192_64_0p5_0p02_0006_0015.uasset" 6641
"../../../Engine/Content/EngineMaterials/Substrate/GLints/dict_16_192_64_0p5_0p02_0007_0003.uasset" 6642
"../../../Engine/Content/EngineMaterials/Substrate/GLints/dict_16_192_64_0p5_0p02_0007_0004.uasset" 6643
"../../../Engine/Content/EngineMaterials/Substrate/GLints/dict_16_192_64_0p5_0p02_0006_0014.uasset" 6644
"../../../Engine/Content/EngineMaterials/Substrate/GLints/dict_16_192_64_0p5_0p02_0007_0005.uasset" 6645
"../../../Engine/Content/EngineMaterials/Substrate/GLints/dict_16_192_64_0p5_0p02_0007_0007.uasset" 6646
"/Engine/EngineMaterials/Substrate/GLints/dict_16_192_64_0p5_0p02_0007_0001" 6647
"/Engine/EngineMaterials/Substrate/GLints/dict_16_192_64_0p5_0p02_0006_0014" 6648
"/Engine/EngineMaterials/Substrate/GLints/dict_16_192_64_0p5_0p02_0007_0002" 6649
"/Engine/EngineMaterials/Substrate/GLints/dict_16_192_64_0p5_0p02_0006_0015" 6650
"/Engine/EngineMaterials/Substrate/GLints/dict_16_192_64_0p5_0p02_0007_0003" 6651
"/Engine/EngineMaterials/Substrate/GLints/dict_16_192_64_0p5_0p02_0007_0004" 6652
"/Engine/EngineMaterials/Substrate/GLints/dict_16_192_64_0p5_0p02_0007_0005" 6653
"/Engine/EngineMaterials/Substrate/GLints/dict_16_192_64_0p5_0p02_0007_0006" 6654
"/Engine/EngineMaterials/Substrate/GLints/dict_16_192_64_0p5_0p02_0007_0007" 6655
"../../../Engine/Content/EngineMaterials/Substrate/GLints/dict_16_192_64_0p5_0p02_0007_0000.uasset" 6656
"/Engine/EngineMaterials/Substrate/GLints/dict_16_192_64_0p5_0p02_0007_0000" 6657
"../../../Engine/Content/EngineMaterials/Substrate/GLints/dict_16_192_64_0p5_0p02_0006_0012.uasset" 6658
"../../../Engine/Content/EngineMaterials/Substrate/GLints/dict_16_192_64_0p5_0p02_0006_0013.uasset" 6659
"../../../Engine/Content/EngineMaterials/Substrate/GLints/dict_16_192_64_0p5_0p02_0006_0011.uasset" 6660
"../../../Engine/Content/EngineMaterials/Substrate/GLints/dict_16_192_64_0p5_0p02_0006_0005.uasset" 6661
"../../../Engine/Content/EngineMaterials/Substrate/GLints/dict_16_192_64_0p5_0p02_0006_0007.uasset" 6662
"../../../Engine/Content/EngineMaterials/Substrate/GLints/dict_16_192_64_0p5_0p02_0006_0008.uasset" 6663
"../../../Engine/Content/EngineMaterials/Substrate/GLints/dict_16_192_64_0p5_0p02_0006_0006.uasset" 6664
"../../../Engine/Content/EngineMaterials/Substrate/GLints/dict_16_192_64_0p5_0p02_0006_0004.uasset" 6665
"../../../Engine/Content/EngineMaterials/Substrate/GLints/dict_16_192_64_0p5_0p02_0006_0009.uasset" 6666
"/Engine/EngineMaterials/Substrate/GLints/dict_16_192_64_0p5_0p02_0006_0009" 6667
"/Engine/EngineMaterials/Substrate/GLints/dict_16_192_64_0p5_0p02_0006_0004" 6668
"/Engine/EngineMaterials/Substrate/GLints/dict_16_192_64_0p5_0p02_0006_0005" 6669
"/Engine/EngineMaterials/Substrate/GLints/dict_16_192_64_0p5_0p02_0006_0006" 6670
"/Engine/EngineMaterials/Substrate/GLints/dict_16_192_64_0p5_0p02_0006_0007" 6671
"/Engine/EngineMaterials/Substrate/GLints/dict_16_192_64_0p5_0p02_0006_0011" 6672
"/Engine/EngineMaterials/Substrate/GLints/dict_16_192_64_0p5_0p02_0006_0012" 6673
"/Engine/EngineMaterials/Substrate/GLints/dict_16_192_64_0p5_0p02_0006_0013" 6674
"/Engine/EngineMaterials/Substrate/GLints/dict_16_192_64_0p5_0p02_0006_0008" 6675
"../../../Engine/Content/EngineMaterials/Substrate/GLints/dict_16_192_64_0p5_0p02_0006_0001.uasset" 6676
"../../../Engine/Content/EngineMaterials/Substrate/GLints/dict_16_192_64_0p5_0p02_0006_0010.uasset" 6677
"../../../Engine/Content/EngineMaterials/Substrate/GLints/dict_16_192_64_0p5_0p02_0005_0011.uasset" 6678
"../../../Engine/Content/EngineMaterials/Substrate/GLints/dict_16_192_64_0p5_0p02_0006_0003.uasset" 6679
"../../../Engine/Content/EngineMaterials/Substrate/GLints/dict_16_192_64_0p5_0p02_0005_0013.uasset" 6680
"../../../Engine/Content/EngineMaterials/Substrate/GLints/dict_16_192_64_0p5_0p02_0006_0002.uasset" 6681
"../../../Engine/Content/EngineMaterials/Substrate/GLints/dict_16_192_64_0p5_0p02_0005_0015.uasset" 6682
"../../../Engine/Content/EngineMaterials/Substrate/GLints/dict_16_192_64_0p5_0p02_0006_0000.uasset" 6683
"../../../Engine/Content/EngineMaterials/Substrate/GLints/dict_16_192_64_0p5_0p02_0005_0014.uasset" 6684
"/Engine/EngineMaterials/Substrate/GLints/dict_16_192_64_0p5_0p02_0006_0002" 6685
"/Engine/EngineMaterials/Substrate/GLints/dict_16_192_64_0p5_0p02_0005_0011" 6686
"/Engine/EngineMaterials/Substrate/GLints/dict_16_192_64_0p5_0p02_0005_0013" 6687
"/Engine/EngineMaterials/Substrate/GLints/dict_16_192_64_0p5_0p02_0006_0003" 6688
"/Engine/EngineMaterials/Substrate/GLints/dict_16_192_64_0p5_0p02_0006_0010" 6689
"/Engine/EngineMaterials/Substrate/GLints/dict_16_192_64_0p5_0p02_0005_0014" 6690
"/Engine/EngineMaterials/Substrate/GLints/dict_16_192_64_0p5_0p02_0005_0015" 6691
"/Engine/EngineMaterials/Substrate/GLints/dict_16_192_64_0p5_0p02_0006_0000" 6692
"/Engine/EngineMaterials/Substrate/GLints/dict_16_192_64_0p5_0p02_0006_0001" 6693
"../../../Engine/Content/EngineMaterials/Substrate/GLints/dict_16_192_64_0p5_0p02_0005_0012.uasset" 6694
"../../../Engine/Content/EngineMaterials/Substrate/GLints/dict_16_192_64_0p5_0p02_0005_0003.uasset" 6695
"/Engine/EngineMaterials/Substrate/GLints/dict_16_192_64_0p5_0p02_0005_0012" 6696
"/Engine/EngineMaterials/Substrate/GLints/dict_16_192_64_0p5_0p02_0005_0003" 6697
"../../../Engine/Content/EngineMaterials/Substrate/GLints/dict_16_192_64_0p5_0p02_0005_0010.uasset" 6698
"../../../Engine/Content/EngineMaterials/Substrate/GLints/dict_16_192_64_0p5_0p02_0005_0008.uasset" 6699
"../../../Engine/Content/EngineMaterials/Substrate/GLints/dict_16_192_64_0p5_0p02_0005_0009.uasset" 6700
"../../../Engine/Content/EngineMaterials/Substrate/GLints/dict_16_192_64_0p5_0p02_0005_0006.uasset" 6701
"../../../Engine/Content/EngineMaterials/Substrate/GLints/dict_16_192_64_0p5_0p02_0005_0002.uasset" 6702
"../../../Engine/Content/EngineMaterials/Substrate/GLints/dict_16_192_64_0p5_0p02_0005_0004.uasset" 6703
"../../../Engine/Content/EngineMaterials/Substrate/GLints/dict_16_192_64_0p5_0p02_0005_0005.uasset" 6704
"../../../Engine/Content/EngineMaterials/Substrate/GLints/dict_16_192_64_0p5_0p02_0005_0007.uasset" 6705
"/Engine/EngineMaterials/Substrate/GLints/dict_16_192_64_0p5_0p02_0005_0009" 6706
"/Engine/EngineMaterials/Substrate/GLints/dict_16_192_64_0p5_0p02_0005_0010" 6707
"/Engine/EngineMaterials/Substrate/GLints/dict_16_192_64_0p5_0p02_0005_0002" 6708
"/Engine/EngineMaterials/Substrate/GLints/dict_16_192_64_0p5_0p02_0005_0004" 6709
"/Engine/EngineMaterials/Substrate/GLints/dict_16_192_64_0p5_0p02_0005_0005" 6710
"/Engine/EngineMaterials/Substrate/GLints/dict_16_192_64_0p5_0p02_0005_0006" 6711
"/Engine/EngineMaterials/Substrate/GLints/dict_16_192_64_0p5_0p02_0005_0007" 6712
"/Engine/EngineMaterials/Substrate/GLints/dict_16_192_64_0p5_0p02_0005_0008" 6713
"../../../Engine/Content/EngineMaterials/Substrate/GLints/dict_16_192_64_0p5_0p02_0004_0013.uasset" 6714
"../../../Engine/Content/EngineMaterials/Substrate/GLints/dict_16_192_64_0p5_0p02_0004_0015.uasset" 6715
"../../../Engine/Content/EngineMaterials/Substrate/GLints/dict_16_192_64_0p5_0p02_0004_0014.uasset" 6716
"../../../Engine/Content/EngineMaterials/Substrate/GLints/dict_16_192_64_0p5_0p02_0004_0011.uasset" 6717
"../../../Engine/Content/EngineMaterials/Substrate/GLints/dict_16_192_64_0p5_0p02_0004_0008.uasset" 6718
"../../../Engine/Content/EngineMaterials/Substrate/GLints/dict_16_192_64_0p5_0p02_0005_0001.uasset" 6719
"../../../Engine/Content/EngineMaterials/Substrate/GLints/dict_16_192_64_0p5_0p02_0004_0012.uasset" 6720
"/Engine/EngineMaterials/Substrate/GLints/dict_16_192_64_0p5_0p02_0004_0014" 6721
"/Engine/EngineMaterials/Substrate/GLints/dict_16_192_64_0p5_0p02_0004_0008" 6722
"/Engine/EngineMaterials/Substrate/GLints/dict_16_192_64_0p5_0p02_0004_0015" 6723
"/Engine/EngineMaterials/Substrate/GLints/dict_16_192_64_0p5_0p02_0005_0001" 6724
"/Engine/EngineMaterials/Substrate/GLints/dict_16_192_64_0p5_0p02_0004_0011" 6725
"/Engine/EngineMaterials/Substrate/GLints/dict_16_192_64_0p5_0p02_0004_0012" 6726
"/Engine/EngineMaterials/Substrate/GLints/dict_16_192_64_0p5_0p02_0004_0013" 6727
"../../../Engine/Content/EngineMaterials/Substrate/GLints/dict_16_192_64_0p5_0p02_0004_0006.uasset" 6728
"../../../Engine/Content/EngineMaterials/Substrate/GLints/dict_16_192_64_0p5_0p02_0004_0009.uasset" 6729
"../../../Engine/Content/EngineMaterials/Substrate/GLints/dict_16_192_64_0p5_0p02_0005_0000.uasset" 6730
"../../../Engine/Content/EngineMaterials/Substrate/GLints/dict_16_192_64_0p5_0p02_0004_0010.uasset" 6731
"../../../Engine/Content/EngineMaterials/Substrate/GLints/dict_16_192_64_0p5_0p02_0004_0004.uasset" 6732
"../../../Engine/Content/EngineMaterials/Substrate/GLints/dict_16_192_64_0p5_0p02_0004_0001.uasset" 6733
"/Engine/EngineMaterials/Substrate/GLints/dict_16_192_64_0p5_0p02_0004_0006" 6734
"/Engine/EngineMaterials/Substrate/GLints/dict_16_192_64_0p5_0p02_0004_0001" 6735
"/Engine/EngineMaterials/Substrate/GLints/dict_16_192_64_0p5_0p02_0004_0009" 6736
"../../../Engine/Content/EngineMaterials/Substrate/GLints/dict_16_192_64_0p5_0p02_0004_0005.uasset" 6737
"/Engine/EngineMaterials/Substrate/GLints/dict_16_192_64_0p5_0p02_0004_0010" 6738
"/Engine/EngineMaterials/Substrate/GLints/dict_16_192_64_0p5_0p02_0005_0000" 6739
"../../../Engine/Content/EngineMaterials/Substrate/GLints/dict_16_192_64_0p5_0p02_0004_0007.uasset" 6740
"/Engine/EngineMaterials/Substrate/GLints/dict_16_192_64_0p5_0p02_0004_0004" 6741
"/Engine/EngineMaterials/Substrate/GLints/dict_16_192_64_0p5_0p02_0004_0005" 6742
"/Engine/EngineMaterials/Substrate/GLints/dict_16_192_64_0p5_0p02_0004_0007" 6743
"../../../Engine/Content/EngineMaterials/Substrate/GLints/dict_16_192_64_0p5_0p02_0004_0002.uasset" 6744
"/Engine/EngineMaterials/Substrate/GLints/dict_16_192_64_0p5_0p02_0004_0002" 6745
"../../../Engine/Content/EngineMaterials/Substrate/GLints/dict_16_192_64_0p5_0p02_0004_0003.uasset" 6746
"../../../Engine/Content/EngineMaterials/Substrate/GLints/dict_16_192_64_0p5_0p02_0003_0013.uasset" 6747
"../../../Engine/Content/EngineMaterials/Substrate/GLints/dict_16_192_64_0p5_0p02_0003_0011.uasset" 6748
"../../../Engine/Content/EngineMaterials/Substrate/GLints/dict_16_192_64_0p5_0p02_0003_0015.uasset" 6749
"/Engine/EngineMaterials/Substrate/GLints/dict_16_192_64_0p5_0p02_0003_0013" 6750
"/Engine/EngineMaterials/Substrate/GLints/dict_16_192_64_0p5_0p02_0003_0015" 6751
"/Engine/EngineMaterials/Substrate/GLints/dict_16_192_64_0p5_0p02_0003_0011" 6752
"/Engine/EngineMaterials/Substrate/GLints/dict_16_192_64_0p5_0p02_0004_0003" 6753
"../../../Engine/Content/EngineMaterials/Substrate/GLints/dict_16_192_64_0p5_0p02_0003_0012.uasset" 6754
"../../../Engine/Content/EngineMaterials/Substrate/GLints/dict_16_192_64_0p5_0p02_0003_0014.uasset" 6755
"../../../Engine/Content/EngineMaterials/Substrate/GLints/dict_16_192_64_0p5_0p02_0003_0010.uasset" 6756
"../../../Engine/Content/EngineMaterials/Substrate/GLints/dict_16_192_64_0p5_0p02_0004_0000.uasset" 6757
"/Engine/EngineMaterials/Substrate/GLints/dict_16_192_64_0p5_0p02_0003_0012" 6758
"/Engine/EngineMaterials/Substrate/GLints/dict_16_192_64_0p5_0p02_0003_0010" 6759
"/Engine/EngineMaterials/Substrate/GLints/dict_16_192_64_0p5_0p02_0003_0014" 6760
"/Engine/EngineMaterials/Substrate/GLints/dict_16_192_64_0p5_0p02_0004_0000" 6761
"../../../Engine/Content/EngineMaterials/Substrate/GLints/dict_16_192_64_0p5_0p02_0003_0009.uasset" 6762
"../../../Engine/Content/EngineMaterials/Substrate/GLints/dict_16_192_64_0p5_0p02_0003_0002.uasset" 6763
"../../../Engine/Content/EngineMaterials/Substrate/GLints/dict_16_192_64_0p5_0p02_0003_0005.uasset" 6764
"../../../Engine/Content/EngineMaterials/Substrate/GLints/dict_16_192_64_0p5_0p02_0003_0006.uasset" 6765
"../../../Engine/Content/EngineMaterials/Substrate/GLints/dict_16_192_64_0p5_0p02_0003_0004.uasset" 6766
"../../../Engine/Content/EngineMaterials/Substrate/GLints/dict_16_192_64_0p5_0p02_0003_0000.uasset" 6767
"../../../Engine/Content/EngineMaterials/Substrate/GLints/dict_16_192_64_0p5_0p02_0003_0008.uasset" 6768
"/Engine/EngineMaterials/Substrate/GLints/dict_16_192_64_0p5_0p02_0003_0002" 6769
"/Engine/EngineMaterials/Substrate/GLints/dict_16_192_64_0p5_0p02_0003_0004" 6770
"/Engine/EngineMaterials/Substrate/GLints/dict_16_192_64_0p5_0p02_0003_0005" 6771
"/Engine/EngineMaterials/Substrate/GLints/dict_16_192_64_0p5_0p02_0003_0006" 6772
"/Engine/EngineMaterials/Substrate/GLints/dict_16_192_64_0p5_0p02_0003_0008" 6773
"/Engine/EngineMaterials/Substrate/GLints/dict_16_192_64_0p5_0p02_0003_0000" 6774
"/Engine/EngineMaterials/Substrate/GLints/dict_16_192_64_0p5_0p02_0003_0009" 6775
"../../../Engine/Content/EngineMaterials/Substrate/GLints/dict_16_192_64_0p5_0p02_0003_0001.uasset" 6776
"../../../Engine/Content/EngineMaterials/Substrate/GLints/dict_16_192_64_0p5_0p02_0003_0003.uasset" 6777
"/Engine/EngineMaterials/Substrate/GLints/dict_16_192_64_0p5_0p02_0003_0003" 6778
"/Engine/EngineMaterials/Substrate/GLints/dict_16_192_64_0p5_0p02_0003_0001" 6779
"../../../Engine/Content/EngineMaterials/Substrate/GLints/dict_16_192_64_0p5_0p02_0002_0014.uasset" 6780
"../../../Engine/Content/EngineMaterials/Substrate/GLints/dict_16_192_64_0p5_0p02_0002_0013.uasset" 6781
"../../../Engine/Content/EngineMaterials/Substrate/GLints/dict_16_192_64_0p5_0p02_0002_0010.uasset" 6782
"../../../Engine/Content/EngineMaterials/Substrate/GLints/dict_16_192_64_0p5_0p02_0003_0007.uasset" 6783
"../../../Engine/Content/EngineMaterials/Substrate/GLints/dict_16_192_64_0p5_0p02_0002_0009.uasset" 6784
"../../../Engine/Content/EngineMaterials/Substrate/GLints/dict_16_192_64_0p5_0p02_0002_0011.uasset" 6785
"../../../Engine/Content/EngineMaterials/Substrate/GLints/dict_16_192_64_0p5_0p02_0002_0008.uasset" 6786
"/Engine/EngineMaterials/Substrate/GLints/dict_16_192_64_0p5_0p02_0002_0011" 6787
"/Engine/EngineMaterials/Substrate/GLints/dict_16_192_64_0p5_0p02_0002_0008" 6788
"/Engine/EngineMaterials/Substrate/GLints/dict_16_192_64_0p5_0p02_0002_0013" 6789
"/Engine/EngineMaterials/Substrate/GLints/dict_16_192_64_0p5_0p02_0002_0009" 6790
"/Engine/EngineMaterials/Substrate/GLints/dict_16_192_64_0p5_0p02_0002_0014" 6791
"/Engine/EngineMaterials/Substrate/GLints/dict_16_192_64_0p5_0p02_0003_0007" 6792
"/Engine/EngineMaterials/Substrate/GLints/dict_16_192_64_0p5_0p02_0002_0010" 6793
"../../../Engine/Content/EngineMaterials/Substrate/GLints/dict_16_192_64_0p5_0p02_0002_0015.uasset" 6794
"../../../Engine/Content/EngineMaterials/Substrate/GLints/dict_16_192_64_0p5_0p02_0002_0012.uasset" 6795
"../../../Engine/Content/EngineMaterials/Substrate/GLints/dict_16_192_64_0p5_0p02_0002_0002.uasset" 6796
"../../../Engine/Content/EngineMaterials/Substrate/GLints/dict_16_192_64_0p5_0p02_0002_0007.uasset" 6797
"../../../Engine/Content/EngineMaterials/Substrate/GLints/dict_16_192_64_0p5_0p02_0002_0005.uasset" 6798
"../../../Engine/Content/EngineMaterials/Substrate/GLints/dict_16_192_64_0p5_0p02_0002_0004.uasset" 6799
"../../../Engine/Content/EngineMaterials/Substrate/GLints/dict_16_192_64_0p5_0p02_0002_0003.uasset" 6800
"/Engine/EngineMaterials/Substrate/GLints/dict_16_192_64_0p5_0p02_0002_0003" 6801
"/Engine/EngineMaterials/Substrate/GLints/dict_16_192_64_0p5_0p02_0002_0005" 6802
"/Engine/EngineMaterials/Substrate/GLints/dict_16_192_64_0p5_0p02_0002_0004" 6803
"../../../Engine/Content/EngineMaterials/Substrate/GLints/dict_16_192_64_0p5_0p02_0002_0001.uasset" 6804
"/Engine/EngineMaterials/Substrate/GLints/dict_16_192_64_0p5_0p02_0002_0012" 6805
"/Engine/EngineMaterials/Substrate/GLints/dict_16_192_64_0p5_0p02_0002_0007" 6806
"/Engine/EngineMaterials/Substrate/GLints/dict_16_192_64_0p5_0p02_0002_0015" 6807
"/Engine/EngineMaterials/Substrate/GLints/dict_16_192_64_0p5_0p02_0002_0002" 6808
"/Engine/EngineMaterials/Substrate/GLints/dict_16_192_64_0p5_0p02_0002_0001" 6809
"../../../Engine/Content/EngineMaterials/Substrate/GLints/dict_16_192_64_0p5_0p02_0001_0015.uasset" 6810
"../../../Engine/Content/EngineMaterials/Substrate/GLints/dict_16_192_64_0p5_0p02_0001_0008.uasset" 6811
"../../../Engine/Content/EngineMaterials/Substrate/GLints/dict_16_192_64_0p5_0p02_0002_0006.uasset" 6812
"../../../Engine/Content/EngineMaterials/Substrate/GLints/dict_16_192_64_0p5_0p02_0001_0011.uasset" 6813
"../../../Engine/Content/EngineMaterials/Substrate/GLints/dict_16_192_64_0p5_0p02_0001_0013.uasset" 6814
"../../../Engine/Content/EngineMaterials/Substrate/GLints/dict_16_192_64_0p5_0p02_0001_0014.uasset" 6815
"../../../Engine/Content/EngineMaterials/Substrate/GLints/dict_16_192_64_0p5_0p02_0001_0012.uasset" 6816
"../../../Engine/Content/EngineMaterials/Substrate/GLints/dict_16_192_64_0p5_0p02_0001_0010.uasset" 6817
"/Engine/EngineMaterials/Substrate/GLints/dict_16_192_64_0p5_0p02_0001_0010" 6818
"/Engine/EngineMaterials/Substrate/GLints/dict_16_192_64_0p5_0p02_0001_0014" 6819
"/Engine/EngineMaterials/Substrate/GLints/dict_16_192_64_0p5_0p02_0001_0011" 6820
"/Engine/EngineMaterials/Substrate/GLints/dict_16_192_64_0p5_0p02_0001_0012" 6821
"/Engine/EngineMaterials/Substrate/GLints/dict_16_192_64_0p5_0p02_0001_0015" 6822
"/Engine/EngineMaterials/Substrate/GLints/dict_16_192_64_0p5_0p02_0001_0013" 6823
"/Engine/EngineMaterials/Substrate/GLints/dict_16_192_64_0p5_0p02_0002_0006" 6824
"/Engine/EngineMaterials/Substrate/GLints/dict_16_192_64_0p5_0p02_0001_0008" 6825
"../../../Engine/Content/EngineMaterials/Substrate/GLints/dict_16_192_64_0p5_0p02_0001_0007.uasset" 6826
"/Engine/EngineMaterials/Substrate/GLints/dict_16_192_64_0p5_0p02_0001_0007" 6827
"../../../Engine/Content/EngineMaterials/Substrate/GLints/dict_16_192_64_0p5_0p02_0001_0009.uasset" 6828
"/Engine/EngineMaterials/Substrate/GLints/dict_16_192_64_0p5_0p02_0001_0009" 6829
"../../../Engine/Content/EngineMaterials/Substrate/GLints/dict_16_192_64_0p5_0p02_0002_0000.uasset" 6830
"../../../Engine/Content/EngineMaterials/Substrate/GLints/dict_16_192_64_0p5_0p02_0001_0002.uasset" 6831
"../../../Engine/Content/EngineMaterials/Substrate/GLints/dict_16_192_64_0p5_0p02_0001_0006.uasset" 6832
"../../../Engine/Content/EngineMaterials/Substrate/GLints/dict_16_192_64_0p5_0p02_0001_0001.uasset" 6833
"../../../Engine/Content/EngineMaterials/Substrate/GLints/dict_16_192_64_0p5_0p02_0001_0005.uasset" 6834
"../../../Engine/Content/EngineMaterials/Substrate/GLints/dict_16_192_64_0p5_0p02_0001_0004.uasset" 6835
"../../../Engine/Content/EngineMaterials/Substrate/GLints/dict_16_192_64_0p5_0p02_0001_0003.uasset" 6836
"../../../Engine/Content/EngineMaterials/Substrate/GLints/dict_16_192_64_0p5_0p02_0001_0000.uasset" 6837
"/Engine/EngineMaterials/Substrate/GLints/dict_16_192_64_0p5_0p02_0001_0003" 6838
"/Engine/EngineMaterials/Substrate/GLints/dict_16_192_64_0p5_0p02_0001_0001" 6839
"/Engine/EngineMaterials/Substrate/GLints/dict_16_192_64_0p5_0p02_0001_0004" 6840
"/Engine/EngineMaterials/Substrate/GLints/dict_16_192_64_0p5_0p02_0002_0000" 6841
"/Engine/EngineMaterials/Substrate/GLints/dict_16_192_64_0p5_0p02_0001_0005" 6842
"/Engine/EngineMaterials/Substrate/GLints/dict_16_192_64_0p5_0p02_0001_0006" 6843
"/Engine/EngineMaterials/Substrate/GLints/dict_16_192_64_0p5_0p02_0001_0002" 6844
"/Engine/EngineMaterials/Substrate/GLints/dict_16_192_64_0p5_0p02_0001_0000" 6845
"../../../Engine/Content/EngineMaterials/Substrate/GLints/dict_16_192_64_0p5_0p02_0000_0012.uasset" 6846
"../../../Engine/Content/EngineMaterials/Substrate/GLints/dict_16_192_64_0p5_0p02_0000_0014.uasset" 6847
"../../../Engine/Content/EngineMaterials/Substrate/GLints/dict_16_192_64_0p5_0p02_0000_0015.uasset" 6848
"../../../Engine/Content/EngineMaterials/Substrate/GLints/dict_16_192_64_0p5_0p02_0000_0013.uasset" 6849
"../../../Engine/Content/EngineMaterials/Substrate/GLints/dict_16_192_64_0p5_0p02_0000_0006.uasset" 6850
"../../../Engine/Content/EngineMaterials/Substrate/GLints/dict_16_192_64_0p5_0p02_0000_0010.uasset" 6851
"../../../Engine/Content/EngineMaterials/Substrate/GLints/dict_16_192_64_0p5_0p02_0000_0009.uasset" 6852
"../../../Engine/Content/EngineMaterials/Substrate/GLints/dict_16_192_64_0p5_0p02_0000_0008.uasset" 6853
"../../../Engine/Content/EngineMaterials/Substrate/GLints/dict_16_192_64_0p5_0p02_0000_0007.uasset" 6854
"/Engine/EngineMaterials/Substrate/GLints/dict_16_192_64_0p5_0p02_0000_0010" 6855
"/Engine/EngineMaterials/Substrate/GLints/dict_16_192_64_0p5_0p02_0000_0006" 6856
"/Engine/EngineMaterials/Substrate/GLints/dict_16_192_64_0p5_0p02_0000_0007" 6857
"/Engine/EngineMaterials/Substrate/GLints/dict_16_192_64_0p5_0p02_0000_0012" 6858
"/Engine/EngineMaterials/Substrate/GLints/dict_16_192_64_0p5_0p02_0000_0013" 6859
"/Engine/EngineMaterials/Substrate/GLints/dict_16_192_64_0p5_0p02_0000_0014" 6860
"/Engine/EngineMaterials/Substrate/GLints/dict_16_192_64_0p5_0p02_0000_0008" 6861
"/Engine/EngineMaterials/Substrate/GLints/dict_16_192_64_0p5_0p02_0000_0015" 6862
"/Engine/EngineMaterials/Substrate/GLints/dict_16_192_64_0p5_0p02_0000_0009" 6863
"../../../Engine/Content/EngineMaterials/Substrate/GLints/dict_16_192_64_0p5_0p02_0000_0011.uasset" 6864
"../../../Engine/Content/EngineMaterials/Substrate/GLints/dict_16_192_64_0p5_0p02_0000_0003.uasset" 6865
"../../../Engine/Content/EngineMaterials/Substrate/GLints/dict_16_192_64_0p5_0p02_0000_0004.uasset" 6866
"../../../Engine/Content/EngineMaterials/Substrate/GLints/dict_16_192_64_0p5_0p02_0000_0001.uasset" 6867
"../../../Engine/Content/EngineMaterials/Substrate/GLints/dict_16_192_64_0p5_0p02_0000_0005.uasset" 6868
"../../../Engine/Content/EngineMaterials/Substrate/Glints2/dict_0007_0254.uasset" 6869
"../../../Engine/Content/EngineMaterials/Substrate/GLints/AGlintTex2dArray.uasset" 6870
"../../../Engine/Content/EngineMaterials/Substrate/Glints2/dict_0007_0255.uasset" 6871
"/Engine/EngineMaterials/Substrate/GLints/dict_16_192_64_0p5_0p02_0000_0003" 6872
"../../../Engine/Content/EngineMaterials/Substrate/GLints/dict_16_192_64_0p5_0p02_0000_0000.uasset" 6873
"/Engine/EngineMaterials/Substrate/Glints2/dict_0007_0254" 6874
"/Engine/EngineMaterials/Substrate/GLints/dict_16_192_64_0p5_0p02_0000_0004" 6875
"/Engine/EngineMaterials/Substrate/GLints/dict_16_192_64_0p5_0p02_0000_0005" 6876
"/Engine/EngineMaterials/Substrate/GLints/dict_16_192_64_0p5_0p02_0000_0011" 6877
"/Engine/EngineMaterials/Substrate/GLints/dict_16_192_64_0p5_0p02_0000_0001" 6878
"/Engine/EngineMaterials/Substrate/Glints2/dict_0007_0255" 6879
"/Engine/EngineMaterials/Substrate/GLints/dict_16_192_64_0p5_0p02_0000_0000" 6880
"../../../Engine/Content/EngineMaterials/Substrate/Glints2/dict_0007_0250.uasset" 6881
"../../../Engine/Content/EngineMaterials/Substrate/Glints2/dict_0007_0249.uasset" 6882
"../../../Engine/Content/EngineMaterials/Substrate/Glints2/dict_0007_0248.uasset" 6883
"../../../Engine/Content/EngineMaterials/Substrate/Glints2/dict_0007_0252.uasset" 6884
"../../../Engine/Content/EngineMaterials/Substrate/Glints2/dict_0007_0246.uasset" 6885
"../../../Engine/Content/EngineMaterials/Substrate/Glints2/dict_0007_0251.uasset" 6886
"../../../Engine/Content/EngineMaterials/Substrate/Glints2/dict_0007_0245.uasset" 6887
"../../../Engine/Content/EngineMaterials/Substrate/Glints2/dict_0007_0247.uasset" 6888
"../../../Engine/Content/EngineMaterials/Substrate/Glints2/dict_0007_0253.uasset" 6889
"/Engine/EngineMaterials/Substrate/Glints2/dict_0007_0251" 6890
"/Engine/EngineMaterials/Substrate/Glints2/dict_0007_0252" 6891
"/Engine/EngineMaterials/Substrate/Glints2/dict_0007_0253" 6892
"/Engine/EngineMaterials/Substrate/Glints2/dict_0007_0245" 6893
"/Engine/EngineMaterials/Substrate/Glints2/dict_0007_0246" 6894
"/Engine/EngineMaterials/Substrate/Glints2/dict_0007_0250" 6895
"/Engine/EngineMaterials/Substrate/Glints2/dict_0007_0247" 6896
"/Engine/EngineMaterials/Substrate/Glints2/dict_0007_0249" 6897
"/Engine/EngineMaterials/Substrate/Glints2/dict_0007_0248" 6898
"../../../Engine/Content/EngineMaterials/Substrate/Glints2/dict_0007_0243.uasset" 6899
"../../../Engine/Content/EngineMaterials/Substrate/Glints2/dict_0007_0242.uasset" 6900
"../../../Engine/Content/EngineMaterials/Substrate/Glints2/dict_0007_0241.uasset" 6901
"../../../Engine/Content/EngineMaterials/Substrate/GLints/dict_16_192_64_0p5_0p02_0000_0002.uasset" 6902
"../../../Engine/Content/EngineMaterials/Substrate/Glints2/dict_0007_0240.uasset" 6903
"../../../Engine/Content/EngineMaterials/Substrate/Glints2/dict_0007_0244.uasset" 6904
"../../../Engine/Content/EngineMaterials/Substrate/Glints2/dict_0007_0237.uasset" 6905
"../../../Engine/Content/EngineMaterials/Substrate/Glints2/dict_0007_0239.uasset" 6906
"../../../Engine/Content/EngineMaterials/Substrate/Glints2/dict_0007_0236.uasset" 6907
"../../../Engine/Content/EngineMaterials/Substrate/Glints2/dict_0007_0238.uasset" 6908
"/Engine/EngineMaterials/Substrate/Glints2/dict_0007_0241" 6909
"/Engine/EngineMaterials/Substrate/Glints2/dict_0007_0242" 6910
"/Engine/EngineMaterials/Substrate/GLints/AGlintTex2dArray" 6911
"/Engine/EngineMaterials/Substrate/Glints2/dict_0007_0236" 6912
"/Engine/EngineMaterials/Substrate/Glints2/dict_0007_0237" 6913
"/Engine/EngineMaterials/Substrate/Glints2/dict_0007_0243" 6914
"/Engine/EngineMaterials/Substrate/Glints2/dict_0007_0244" 6915
"/Engine/EngineMaterials/Substrate/Glints2/dict_0007_0238" 6916
"/Engine/EngineMaterials/Substrate/Glints2/dict_0007_0239" 6917
"/Engine/EngineMaterials/Substrate/Glints2/dict_0007_0240" 6918
"../../../Engine/Content/EngineMaterials/Substrate/Glints2/dict_0007_0234.uasset" 6919
"../../../Engine/Content/EngineMaterials/Substrate/Glints2/dict_0007_0235.uasset" 6920
"../../../Engine/Content/EngineMaterials/Substrate/Glints2/dict_0007_0231.uasset" 6921
"../../../Engine/Content/EngineMaterials/Substrate/Glints2/dict_0007_0233.uasset" 6922
"../../../Engine/Content/EngineMaterials/Substrate/Glints2/dict_0007_0226.uasset" 6923
"../../../Engine/Content/EngineMaterials/Substrate/Glints2/dict_0007_0230.uasset" 6924
"../../../Engine/Content/EngineMaterials/Substrate/Glints2/dict_0007_0228.uasset" 6925
"../../../Engine/Content/EngineMaterials/Substrate/Glints2/dict_0007_0232.uasset" 6926
"../../../Engine/Content/EngineMaterials/Substrate/Glints2/dict_0007_0227.uasset" 6927
"/Engine/EngineMaterials/Substrate/Glints2/dict_0007_0226" 6928
"/Engine/EngineMaterials/Substrate/Glints2/dict_0007_0232" 6929
"/Engine/EngineMaterials/Substrate/Glints2/dict_0007_0227" 6930
"/Engine/EngineMaterials/Substrate/Glints2/dict_0007_0228" 6931
"/Engine/EngineMaterials/Substrate/Glints2/dict_0007_0233" 6932
"../../../Engine/Content/EngineMaterials/Substrate/Glints2/dict_0007_0229.uasset" 6933
"/Engine/EngineMaterials/Substrate/Glints2/dict_0007_0234" 6934
"/Engine/EngineMaterials/Substrate/Glints2/dict_0007_0230" 6935
"/Engine/EngineMaterials/Substrate/Glints2/dict_0007_0235" 6936
"/Engine/EngineMaterials/Substrate/Glints2/dict_0007_0231" 6937
"/Engine/EngineMaterials/Substrate/Glints2/dict_0007_0229" 6938
"../../../Engine/Content/EngineMaterials/Substrate/Glints2/dict_0007_0220.uasset" 6939
"../../../Engine/Content/EngineMaterials/Substrate/Glints2/dict_0007_0222.uasset" 6940
"../../../Engine/Content/EngineMaterials/Substrate/Glints2/dict_0007_0224.uasset" 6941
"../../../Engine/Content/EngineMaterials/Substrate/Glints2/dict_0007_0217.uasset" 6942
"../../../Engine/Content/EngineMaterials/Substrate/Glints2/dict_0007_0223.uasset" 6943
"../../../Engine/Content/EngineMaterials/Substrate/Glints2/dict_0007_0218.uasset" 6944
"../../../Engine/Content/EngineMaterials/Substrate/Glints2/dict_0007_0219.uasset" 6945
"../../../Engine/Content/EngineMaterials/Substrate/Glints2/dict_0007_0221.uasset" 6946
"/Engine/EngineMaterials/Substrate/Glints2/dict_0007_0217" 6947
"/Engine/EngineMaterials/Substrate/Glints2/dict_0007_0224" 6948
"/Engine/EngineMaterials/Substrate/Glints2/dict_0007_0218" 6949
"/Engine/EngineMaterials/Substrate/Glints2/dict_0007_0219" 6950
"/Engine/EngineMaterials/Substrate/Glints2/dict_0007_0220" 6951
"/Engine/EngineMaterials/Substrate/Glints2/dict_0007_0221" 6952
"/Engine/EngineMaterials/Substrate/Glints2/dict_0007_0222" 6953
"/Engine/EngineMaterials/Substrate/Glints2/dict_0007_0223" 6954
"../../../Engine/Content/EngineMaterials/Substrate/Glints2/dict_0007_0211.uasset" 6955
"../../../Engine/Content/EngineMaterials/Substrate/Glints2/dict_0007_0225.uasset" 6956
"../../../Engine/Content/EngineMaterials/Substrate/Glints2/dict_0007_0215.uasset" 6957
"../../../Engine/Content/EngineMaterials/Substrate/Glints2/dict_0007_0209.uasset" 6958
"../../../Engine/Content/EngineMaterials/Substrate/Glints2/dict_0007_0210.uasset" 6959
"../../../Engine/Content/EngineMaterials/Substrate/Glints2/dict_0007_0212.uasset" 6960
"../../../Engine/Content/EngineMaterials/Substrate/Glints2/dict_0007_0213.uasset" 6961
"../../../Engine/Content/EngineMaterials/Substrate/Glints2/dict_0007_0216.uasset" 6962
"../../../Engine/Content/EngineMaterials/Substrate/Glints2/dict_0007_0214.uasset" 6963
"../../../Engine/Content/EngineMaterials/Substrate/Glints2/dict_0007_0208.uasset" 6964
"/Engine/EngineMaterials/Substrate/Glints2/dict_0007_0215" 6965
"/Engine/EngineMaterials/Substrate/Glints2/dict_0007_0216" 6966
"/Engine/EngineMaterials/Substrate/Glints2/dict_0007_0225" 6967
"/Engine/EngineMaterials/Substrate/Glints2/dict_0007_0208" 6968
"/Engine/EngineMaterials/Substrate/Glints2/dict_0007_0209" 6969
"/Engine/EngineMaterials/Substrate/Glints2/dict_0007_0210" 6970
"/Engine/EngineMaterials/Substrate/Glints2/dict_0007_0211" 6971
"/Engine/EngineMaterials/Substrate/Glints2/dict_0007_0212" 6972
"/Engine/EngineMaterials/Substrate/Glints2/dict_0007_0213" 6973
"/Engine/EngineMaterials/Substrate/Glints2/dict_0007_0214" 6974
"../../../Engine/Content/EngineMaterials/Substrate/Glints2/dict_0007_0202.uasset" 6975
"../../../Engine/Content/EngineMaterials/Substrate/Glints2/dict_0007_0206.uasset" 6976
"../../../Engine/Content/EngineMaterials/Substrate/Glints2/dict_0007_0200.uasset" 6977
"../../../Engine/Content/EngineMaterials/Substrate/Glints2/dict_0007_0205.uasset" 6978
"../../../Engine/Content/EngineMaterials/Substrate/Glints2/dict_0007_0207.uasset" 6979
"/Engine/EngineMaterials/Substrate/Glints2/dict_0007_0205" 6980
"../../../Engine/Content/EngineMaterials/Substrate/Glints2/dict_0007_0201.uasset" 6981
"/Engine/EngineMaterials/Substrate/Glints2/dict_0007_0206" 6982
"../../../Engine/Content/EngineMaterials/Substrate/Glints2/dict_0007_0203.uasset" 6983
"../../../Engine/Content/EngineMaterials/Substrate/Glints2/dict_0007_0198.uasset" 6984
"/Engine/EngineMaterials/Substrate/Glints2/dict_0007_0200" 6985
"/Engine/EngineMaterials/Substrate/Glints2/dict_0007_0202" 6986
"/Engine/EngineMaterials/Substrate/Glints2/dict_0007_0198" 6987
"/Engine/EngineMaterials/Substrate/Glints2/dict_0007_0201" 6988
"../../../Engine/Content/EngineMaterials/Substrate/Glints2/dict_0007_0199.uasset" 6989
"../../../Engine/Content/EngineMaterials/Substrate/Glints2/dict_0007_0204.uasset" 6990
"/Engine/EngineMaterials/Substrate/Glints2/dict_0007_0207" 6991
"/Engine/EngineMaterials/Substrate/Glints2/dict_0007_0203" 6992
"/Engine/EngineMaterials/Substrate/Glints2/dict_0007_0204" 6993
"/Engine/EngineMaterials/Substrate/Glints2/dict_0007_0199" 6994
"../../../Engine/Content/EngineMaterials/Substrate/Glints2/dict_0007_0191.uasset" 6995
"../../../Engine/Content/EngineMaterials/Substrate/Glints2/dict_0007_0197.uasset" 6996
"../../../Engine/Content/EngineMaterials/Substrate/Glints2/dict_0007_0195.uasset" 6997
"../../../Engine/Content/EngineMaterials/Substrate/Glints2/dict_0007_0188.uasset" 6998
"../../../Engine/Content/EngineMaterials/Substrate/Glints2/dict_0007_0190.uasset" 6999
"/Engine/EngineMaterials/Substrate/Glints2/dict_0007_0195" 7000
"../../../Engine/Content/EngineMaterials/Substrate/Glints2/dict_0007_0196.uasset" 7001
"../../../Engine/Content/EngineMaterials/Substrate/Glints2/dict_0007_0194.uasset" 7002
"../../../Engine/Content/EngineMaterials/Substrate/Glints2/dict_0007_0189.uasset" 7003
"../../../Engine/Content/EngineMaterials/Substrate/Glints2/dict_0007_0193.uasset" 7004
"../../../Engine/Content/EngineMaterials/Substrate/Glints2/dict_0007_0192.uasset" 7005
"/Engine/EngineMaterials/Substrate/Glints2/dict_0007_0197" 7006
"/Engine/EngineMaterials/Substrate/Glints2/dict_0007_0188" 7007
"/Engine/EngineMaterials/Substrate/Glints2/dict_0007_0191" 7008
"/Engine/EngineMaterials/Substrate/Glints2/dict_0007_0196" 7009
"/Engine/EngineMaterials/Substrate/Glints2/dict_0007_0194" 7010
"/Engine/EngineMaterials/Substrate/Glints2/dict_0007_0189" 7011
"/Engine/EngineMaterials/Substrate/Glints2/dict_0007_0190" 7012
"/Engine/EngineMaterials/Substrate/Glints2/dict_0007_0192" 7013
"/Engine/EngineMaterials/Substrate/Glints2/dict_0007_0193" 7014
"../../../Engine/Content/EngineMaterials/Substrate/Glints2/dict_0007_0182.uasset" 7015
"../../../Engine/Content/EngineMaterials/Substrate/Glints2/dict_0007_0185.uasset" 7016
"../../../Engine/Content/EngineMaterials/Substrate/Glints2/dict_0007_0187.uasset" 7017
"../../../Engine/Content/EngineMaterials/Substrate/Glints2/dict_0007_0178.uasset" 7018
"../../../Engine/Content/EngineMaterials/Substrate/Glints2/dict_0007_0183.uasset" 7019
"../../../Engine/Content/EngineMaterials/Substrate/Glints2/dict_0007_0180.uasset" 7020
"../../../Engine/Content/EngineMaterials/Substrate/Glints2/dict_0007_0179.uasset" 7021
"../../../Engine/Content/EngineMaterials/Substrate/Glints2/dict_0007_0184.uasset" 7022
"../../../Engine/Content/EngineMaterials/Substrate/Glints2/dict_0007_0186.uasset" 7023
"../../../Engine/Content/EngineMaterials/Substrate/Glints2/dict_0007_0181.uasset" 7024
"/Engine/EngineMaterials/Substrate/Glints2/dict_0007_0186" 7025
"/Engine/EngineMaterials/Substrate/Glints2/dict_0007_0187" 7026
"/Engine/EngineMaterials/Substrate/Glints2/dict_0007_0178" 7027
"/Engine/EngineMaterials/Substrate/Glints2/dict_0007_0179" 7028
"/Engine/EngineMaterials/Substrate/Glints2/dict_0007_0180" 7029
"/Engine/EngineMaterials/Substrate/Glints2/dict_0007_0181" 7030
"/Engine/EngineMaterials/Substrate/Glints2/dict_0007_0182" 7031
"/Engine/EngineMaterials/Substrate/Glints2/dict_0007_0183" 7032
"/Engine/EngineMaterials/Substrate/Glints2/dict_0007_0184" 7033
"/Engine/EngineMaterials/Substrate/Glints2/dict_0007_0185" 7034
"../../../Engine/Content/EngineMaterials/Substrate/Glints2/dict_0007_0175.uasset" 7035
"../../../Engine/Content/EngineMaterials/Substrate/Glints2/dict_0007_0173.uasset" 7036
"../../../Engine/Content/EngineMaterials/Substrate/Glints2/dict_0007_0176.uasset" 7037
"../../../Engine/Content/EngineMaterials/Substrate/Glints2/dict_0007_0172.uasset" 7038
"../../../Engine/Content/EngineMaterials/Substrate/Glints2/dict_0007_0169.uasset" 7039
"../../../Engine/Content/EngineMaterials/Substrate/Glints2/dict_0007_0170.uasset" 7040
"../../../Engine/Content/EngineMaterials/Substrate/Glints2/dict_0007_0174.uasset" 7041
"../../../Engine/Content/EngineMaterials/Substrate/Glints2/dict_0007_0168.uasset" 7042
"../../../Engine/Content/EngineMaterials/Substrate/Glints2/dict_0007_0177.uasset" 7043
"../../../Engine/Content/EngineMaterials/Substrate/Glints2/dict_0007_0171.uasset" 7044
"/Engine/EngineMaterials/Substrate/Glints2/dict_0007_0172" 7045
"/Engine/EngineMaterials/Substrate/Glints2/dict_0007_0176" 7046
"/Engine/EngineMaterials/Substrate/Glints2/dict_0007_0177" 7047
"/Engine/EngineMaterials/Substrate/Glints2/dict_0007_0173" 7048
"/Engine/EngineMaterials/Substrate/Glints2/dict_0007_0168" 7049
"/Engine/EngineMaterials/Substrate/Glints2/dict_0007_0174" 7050
"/Engine/EngineMaterials/Substrate/Glints2/dict_0007_0169" 7051
"/Engine/EngineMaterials/Substrate/Glints2/dict_0007_0175" 7052
"/Engine/EngineMaterials/Substrate/Glints2/dict_0007_0170" 7053
"/Engine/EngineMaterials/Substrate/Glints2/dict_0007_0171" 7054
"../../../Engine/Content/EngineMaterials/Substrate/Glints2/dict_0007_0165.uasset" 7055
"../../../Engine/Content/EngineMaterials/Substrate/Glints2/dict_0007_0167.uasset" 7056
"../../../Engine/Content/EngineMaterials/Substrate/Glints2/dict_0007_0166.uasset" 7057
"../../../Engine/Content/EngineMaterials/Substrate/Glints2/dict_0007_0163.uasset" 7058
"../../../Engine/Content/EngineMaterials/Substrate/Glints2/dict_0007_0161.uasset" 7059
"../../../Engine/Content/EngineMaterials/Substrate/Glints2/dict_0007_0162.uasset" 7060
"../../../Engine/Content/EngineMaterials/Substrate/Glints2/dict_0007_0159.uasset" 7061
"../../../Engine/Content/EngineMaterials/Substrate/Glints2/dict_0007_0164.uasset" 7062
"/Engine/EngineMaterials/Substrate/Glints2/dict_0007_0162" 7063
"/Engine/EngineMaterials/Substrate/Glints2/dict_0007_0166" 7064
"/Engine/EngineMaterials/Substrate/Glints2/dict_0007_0163" 7065
"/Engine/EngineMaterials/Substrate/Glints2/dict_0007_0167" 7066
"/Engine/EngineMaterials/Substrate/Glints2/dict_0007_0164" 7067
"/Engine/EngineMaterials/Substrate/Glints2/dict_0007_0159" 7068
"/Engine/EngineMaterials/Substrate/Glints2/dict_0007_0165" 7069
"/Engine/EngineMaterials/Substrate/Glints2/dict_0007_0161" 7070
"../../../Engine/Content/EngineMaterials/Substrate/Glints2/dict_0007_0158.uasset" 7071
"../../../Engine/Content/EngineMaterials/Substrate/Glints2/dict_0007_0160.uasset" 7072
"/Engine/EngineMaterials/Substrate/Glints2/dict_0007_0158" 7073
"/Engine/EngineMaterials/Substrate/Glints2/dict_0007_0160" 7074
"../../../Engine/Content/EngineMaterials/Substrate/Glints2/dict_0007_0157.uasset" 7075
"../../../Engine/Content/EngineMaterials/Substrate/Glints2/dict_0007_0155.uasset" 7076
"../../../Engine/Content/EngineMaterials/Substrate/Glints2/dict_0007_0150.uasset" 7077
"../../../Engine/Content/EngineMaterials/Substrate/Glints2/dict_0007_0151.uasset" 7078
"../../../Engine/Content/EngineMaterials/Substrate/Glints2/dict_0007_0152.uasset" 7079
"../../../Engine/Content/EngineMaterials/Substrate/Glints2/dict_0007_0149.uasset" 7080
"../../../Engine/Content/EngineMaterials/Substrate/Glints2/dict_0007_0156.uasset" 7081
"../../../Engine/Content/EngineMaterials/Substrate/Glints2/dict_0007_0154.uasset" 7082
"../../../Engine/Content/EngineMaterials/Substrate/Glints2/dict_0007_0148.uasset" 7083
"/Engine/EngineMaterials/Substrate/Glints2/dict_0007_0156" 7084
"/Engine/EngineMaterials/Substrate/Glints2/dict_0007_0148" 7085
"/Engine/EngineMaterials/Substrate/Glints2/dict_0007_0157" 7086
"/Engine/EngineMaterials/Substrate/Glints2/dict_0007_0149" 7087
"/Engine/EngineMaterials/Substrate/Glints2/dict_0007_0150" 7088
"/Engine/EngineMaterials/Substrate/Glints2/dict_0007_0151" 7089
"/Engine/EngineMaterials/Substrate/Glints2/dict_0007_0152" 7090
"/Engine/EngineMaterials/Substrate/Glints2/dict_0007_0154" 7091
"/Engine/EngineMaterials/Substrate/Glints2/dict_0007_0155" 7092
"../../../Engine/Content/EngineMaterials/Substrate/Glints2/dict_0007_0139.uasset" 7093
"../../../Engine/Content/EngineMaterials/Substrate/Glints2/dict_0007_0153.uasset" 7094
"../../../Engine/Content/EngineMaterials/Substrate/Glints2/dict_0007_0141.uasset" 7095
"../../../Engine/Content/EngineMaterials/Substrate/Glints2/dict_0007_0146.uasset" 7096
"../../../Engine/Content/EngineMaterials/Substrate/Glints2/dict_0007_0142.uasset" 7097
"../../../Engine/Content/EngineMaterials/Substrate/Glints2/dict_0007_0144.uasset" 7098
"../../../Engine/Content/EngineMaterials/Substrate/Glints2/dict_0007_0145.uasset" 7099
"/Engine/EngineMaterials/Substrate/Glints2/dict_0007_0146" 7100
"../../../Engine/Content/EngineMaterials/Substrate/Glints2/dict_0007_0140.uasset" 7101
"/Engine/EngineMaterials/Substrate/Glints2/dict_0007_0139" 7102
"../../../Engine/Content/EngineMaterials/Substrate/Glints2/dict_0007_0143.uasset" 7103
"/Engine/EngineMaterials/Substrate/Glints2/dict_0007_0141" 7104
"/Engine/EngineMaterials/Substrate/Glints2/dict_0007_0142" 7105
"/Engine/EngineMaterials/Substrate/Glints2/dict_0007_0144" 7106
"/Engine/EngineMaterials/Substrate/Glints2/dict_0007_0153" 7107
"../../../Engine/Content/EngineMaterials/Substrate/Glints2/dict_0007_0147.uasset" 7108
"/Engine/EngineMaterials/Substrate/Glints2/dict_0007_0145" 7109
"/Engine/EngineMaterials/Substrate/Glints2/dict_0007_0147" 7110
"/Engine/EngineMaterials/Substrate/Glints2/dict_0007_0140" 7111
"/Engine/EngineMaterials/Substrate/Glints2/dict_0007_0143" 7112
"../../../Engine/Content/EngineMaterials/Substrate/Glints2/dict_0007_0135.uasset" 7113
"../../../Engine/Content/EngineMaterials/Substrate/Glints2/dict_0007_0137.uasset" 7114
"../../../Engine/Content/EngineMaterials/Substrate/Glints2/dict_0007_0136.uasset" 7115
"../../../Engine/Content/EngineMaterials/Substrate/Glints2/dict_0007_0131.uasset" 7116
"/Engine/EngineMaterials/Substrate/Glints2/dict_0007_0136" 7117
"/Engine/EngineMaterials/Substrate/Glints2/dict_0007_0135" 7118
"../../../Engine/Content/EngineMaterials/Substrate/Glints2/dict_0007_0130.uasset" 7119
"/Engine/EngineMaterials/Substrate/Glints2/dict_0007_0137" 7120
"../../../Engine/Content/EngineMaterials/Substrate/Glints2/dict_0007_0129.uasset" 7121
"/Engine/EngineMaterials/Substrate/Glints2/dict_0007_0130" 7122
"../../../Engine/Content/EngineMaterials/Substrate/Glints2/dict_0007_0132.uasset" 7123
"/Engine/EngineMaterials/Substrate/Glints2/dict_0007_0131" 7124
"/Engine/EngineMaterials/Substrate/Glints2/dict_0007_0129" 7125
"/Engine/EngineMaterials/Substrate/Glints2/dict_0007_0132" 7126
"../../../Engine/Content/EngineMaterials/Substrate/Glints2/dict_0007_0134.uasset" 7127
"../../../Engine/Content/EngineMaterials/Substrate/Glints2/dict_0007_0133.uasset" 7128
"/Engine/EngineMaterials/Substrate/Glints2/dict_0007_0134" 7129
"/Engine/EngineMaterials/Substrate/Glints2/dict_0007_0133" 7130
"../../../Engine/Content/EngineMaterials/Substrate/Glints2/dict_0007_0138.uasset" 7131
"/Engine/EngineMaterials/Substrate/Glints2/dict_0007_0138" 7132
"../../../Engine/Content/EngineMaterials/Substrate/Glints2/dict_0007_0125.uasset" 7133
"../../../Engine/Content/EngineMaterials/Substrate/Glints2/dict_0007_0127.uasset" 7134
"../../../Engine/Content/EngineMaterials/Substrate/Glints2/dict_0007_0123.uasset" 7135
"../../../Engine/Content/EngineMaterials/Substrate/Glints2/dict_0007_0120.uasset" 7136
"/Engine/EngineMaterials/Substrate/Glints2/dict_0007_0120" 7137
"/Engine/EngineMaterials/Substrate/Glints2/dict_0007_0123" 7138
"../../../Engine/Content/EngineMaterials/Substrate/Glints2/dict_0007_0126.uasset" 7139
"../../../Engine/Content/EngineMaterials/Substrate/Glints2/dict_0007_0121.uasset" 7140
"/Engine/EngineMaterials/Substrate/Glints2/dict_0007_0127" 7141
"/Engine/EngineMaterials/Substrate/Glints2/dict_0007_0125" 7142
"../../../Engine/Content/EngineMaterials/Substrate/Glints2/dict_0007_0124.uasset" 7143
"../../../Engine/Content/EngineMaterials/Substrate/Glints2/dict_0007_0128.uasset" 7144
"/Engine/EngineMaterials/Substrate/Glints2/dict_0007_0128" 7145
"/Engine/EngineMaterials/Substrate/Glints2/dict_0007_0121" 7146
"/Engine/EngineMaterials/Substrate/Glints2/dict_0007_0126" 7147
"/Engine/EngineMaterials/Substrate/Glints2/dict_0007_0124" 7148
"../../../Engine/Content/EngineMaterials/Substrate/Glints2/dict_0007_0111.uasset" 7149
"../../../Engine/Content/EngineMaterials/Substrate/Glints2/dict_0007_0112.uasset" 7150
"../../../Engine/Content/EngineMaterials/Substrate/Glints2/dict_0007_0113.uasset" 7151
"../../../Engine/Content/EngineMaterials/Substrate/Glints2/dict_0007_0122.uasset" 7152
"../../../Engine/Content/EngineMaterials/Substrate/Glints2/dict_0007_0114.uasset" 7153
"../../../Engine/Content/EngineMaterials/Substrate/Glints2/dict_0007_0117.uasset" 7154
"../../../Engine/Content/EngineMaterials/Substrate/Glints2/dict_0007_0115.uasset" 7155
"../../../Engine/Content/EngineMaterials/Substrate/Glints2/dict_0007_0119.uasset" 7156
"/Engine/EngineMaterials/Substrate/Glints2/dict_0007_0117" 7157
"../../../Engine/Content/EngineMaterials/Substrate/Glints2/dict_0007_0118.uasset" 7158
"/Engine/EngineMaterials/Substrate/Glints2/dict_0007_0111" 7159
"/Engine/EngineMaterials/Substrate/Glints2/dict_0007_0119" 7160
"../../../Engine/Content/EngineMaterials/Substrate/Glints2/dict_0007_0116.uasset" 7161
"/Engine/EngineMaterials/Substrate/Glints2/dict_0007_0112" 7162
"/Engine/EngineMaterials/Substrate/Glints2/dict_0007_0113" 7163
"/Engine/EngineMaterials/Substrate/Glints2/dict_0007_0114" 7164
"/Engine/EngineMaterials/Substrate/Glints2/dict_0007_0122" 7165
"/Engine/EngineMaterials/Substrate/Glints2/dict_0007_0115" 7166
"/Engine/EngineMaterials/Substrate/Glints2/dict_0007_0118" 7167
"/Engine/EngineMaterials/Substrate/Glints2/dict_0007_0116" 7168
"../../../Engine/Content/EngineMaterials/Substrate/Glints2/dict_0007_0104.uasset" 7169
"../../../Engine/Content/EngineMaterials/Substrate/Glints2/dict_0007_0109.uasset" 7170
"../../../Engine/Content/EngineMaterials/Substrate/Glints2/dict_0007_0102.uasset" 7171
"../../../Engine/Content/EngineMaterials/Substrate/Glints2/dict_0007_0101.uasset" 7172
"/Engine/EngineMaterials/Substrate/Glints2/dict_0007_0102" 7173
"../../../Engine/Content/EngineMaterials/Substrate/Glints2/dict_0007_0105.uasset" 7174
"../../../Engine/Content/EngineMaterials/Substrate/Glints2/dict_0007_0107.uasset" 7175
"/Engine/EngineMaterials/Substrate/Glints2/dict_0007_0104" 7176
"/Engine/EngineMaterials/Substrate/Glints2/dict_0007_0109" 7177
"../../../Engine/Content/EngineMaterials/Substrate/Glints2/dict_0007_0110.uasset" 7178
"../../../Engine/Content/EngineMaterials/Substrate/Glints2/dict_0007_0106.uasset" 7179
"/Engine/EngineMaterials/Substrate/Glints2/dict_0007_0101" 7180
"/Engine/EngineMaterials/Substrate/Glints2/dict_0007_0105" 7181
"/Engine/EngineMaterials/Substrate/Glints2/dict_0007_0110" 7182
"/Engine/EngineMaterials/Substrate/Glints2/dict_0007_0107" 7183
"../../../Engine/Content/EngineMaterials/Substrate/Glints2/dict_0007_0108.uasset" 7184
"/Engine/EngineMaterials/Substrate/Glints2/dict_0007_0106" 7185
"/Engine/EngineMaterials/Substrate/Glints2/dict_0007_0108" 7186
"../../../Engine/Content/EngineMaterials/Substrate/Glints2/dict_0007_0094.uasset" 7187
"../../../Engine/Content/EngineMaterials/Substrate/Glints2/dict_0007_0095.uasset" 7188
"../../../Engine/Content/EngineMaterials/Substrate/Glints2/dict_0007_0096.uasset" 7189
"../../../Engine/Content/EngineMaterials/Substrate/Glints2/dict_0007_0097.uasset" 7190
"../../../Engine/Content/EngineMaterials/Substrate/Glints2/dict_0007_0100.uasset" 7191
"../../../Engine/Content/EngineMaterials/Substrate/Glints2/dict_0007_0099.uasset" 7192
"../../../Engine/Content/EngineMaterials/Substrate/Glints2/dict_0007_0092.uasset" 7193
"../../../Engine/Content/EngineMaterials/Substrate/Glints2/dict_0007_0098.uasset" 7194
"../../../Engine/Content/EngineMaterials/Substrate/Glints2/dict_0007_0093.uasset" 7195
"/Engine/EngineMaterials/Substrate/Glints2/dict_0007_0100" 7196
"/Engine/EngineMaterials/Substrate/Glints2/dict_0007_0097" 7197
"/Engine/EngineMaterials/Substrate/Glints2/dict_0007_0093" 7198
"/Engine/EngineMaterials/Substrate/Glints2/dict_0007_0094" 7199
"/Engine/EngineMaterials/Substrate/Glints2/dict_0007_0098" 7200
"/Engine/EngineMaterials/Substrate/Glints2/dict_0007_0092" 7201
"/Engine/EngineMaterials/Substrate/Glints2/dict_0007_0099" 7202
"/Engine/EngineMaterials/Substrate/Glints2/dict_0007_0095" 7203
"/Engine/EngineMaterials/Substrate/Glints2/dict_0007_0096" 7204
"../../../Engine/Content/EngineMaterials/Substrate/Glints2/dict_0007_0103.uasset" 7205
"../../../Engine/Content/EngineMaterials/Substrate/Glints2/dict_0007_0087.uasset" 7206
"../../../Engine/Content/EngineMaterials/Substrate/Glints2/dict_0007_0085.uasset" 7207
"../../../Engine/Content/EngineMaterials/Substrate/Glints2/dict_0007_0088.uasset" 7208
"../../../Engine/Content/EngineMaterials/Substrate/Glints2/dict_0007_0091.uasset" 7209
"../../../Engine/Content/EngineMaterials/Substrate/Glints2/dict_0007_0084.uasset" 7210
"../../../Engine/Content/EngineMaterials/Substrate/Glints2/dict_0007_0090.uasset" 7211
"../../../Engine/Content/EngineMaterials/Substrate/Glints2/dict_0007_0083.uasset" 7212
"/Engine/EngineMaterials/Substrate/Glints2/dict_0007_0103" 7213
"/Engine/EngineMaterials/Substrate/Glints2/dict_0007_0083" 7214
"/Engine/EngineMaterials/Substrate/Glints2/dict_0007_0084" 7215
"/Engine/EngineMaterials/Substrate/Glints2/dict_0007_0085" 7216
"/Engine/EngineMaterials/Substrate/Glints2/dict_0007_0090" 7217
"/Engine/EngineMaterials/Substrate/Glints2/dict_0007_0087" 7218
"/Engine/EngineMaterials/Substrate/Glints2/dict_0007_0091" 7219
"/Engine/EngineMaterials/Substrate/Glints2/dict_0007_0088" 7220
"../../../Engine/Content/EngineMaterials/Substrate/Glints2/dict_0007_0089.uasset" 7221
"../../../Engine/Content/EngineMaterials/Substrate/Glints2/dict_0007_0076.uasset" 7222
"../../../Engine/Content/EngineMaterials/Substrate/Glints2/dict_0007_0086.uasset" 7223
"../../../Engine/Content/EngineMaterials/Substrate/Glints2/dict_0007_0075.uasset" 7224
"../../../Engine/Content/EngineMaterials/Substrate/Glints2/dict_0007_0078.uasset" 7225
"../../../Engine/Content/EngineMaterials/Substrate/Glints2/dict_0007_0079.uasset" 7226
"../../../Engine/Content/EngineMaterials/Substrate/Glints2/dict_0007_0081.uasset" 7227
"../../../Engine/Content/EngineMaterials/Substrate/Glints2/dict_0007_0077.uasset" 7228
"/Engine/EngineMaterials/Substrate/Glints2/dict_0007_0089" 7229
"/Engine/EngineMaterials/Substrate/Glints2/dict_0007_0075" 7230
"/Engine/EngineMaterials/Substrate/Glints2/dict_0007_0081" 7231
"/Engine/EngineMaterials/Substrate/Glints2/dict_0007_0079" 7232
"/Engine/EngineMaterials/Substrate/Glints2/dict_0007_0076" 7233
"../../../Engine/Content/EngineMaterials/Substrate/Glints2/dict_0007_0082.uasset" 7234
"/Engine/EngineMaterials/Substrate/Glints2/dict_0007_0077" 7235
"/Engine/EngineMaterials/Substrate/Glints2/dict_0007_0086" 7236
"/Engine/EngineMaterials/Substrate/Glints2/dict_0007_0078" 7237
"/Engine/EngineMaterials/Substrate/Glints2/dict_0007_0082" 7238
"../../../Engine/Content/EngineMaterials/Substrate/Glints2/dict_0007_0080.uasset" 7239
"/Engine/EngineMaterials/Substrate/Glints2/dict_0007_0080" 7240
"../../../Engine/Content/EngineMaterials/Substrate/Glints2/dict_0007_0070.uasset" 7241
"../../../Engine/Content/EngineMaterials/Substrate/Glints2/dict_0007_0074.uasset" 7242
"../../../Engine/Content/EngineMaterials/Substrate/Glints2/dict_0007_0072.uasset" 7243
"../../../Engine/Content/EngineMaterials/Substrate/Glints2/dict_0007_0068.uasset" 7244
"../../../Engine/Content/EngineMaterials/Substrate/Glints2/dict_0007_0073.uasset" 7245
"../../../Engine/Content/EngineMaterials/Substrate/Glints2/dict_0007_0069.uasset" 7246
"../../../Engine/Content/EngineMaterials/Substrate/Glints2/dict_0007_0071.uasset" 7247
"../../../Engine/Content/EngineMaterials/Substrate/Glints2/dict_0007_0066.uasset" 7248
"../../../Engine/Content/EngineMaterials/Substrate/Glints2/dict_0007_0065.uasset" 7249
"/Engine/EngineMaterials/Substrate/Glints2/dict_0007_0071" 7250
"/Engine/EngineMaterials/Substrate/Glints2/dict_0007_0072" 7251
"/Engine/EngineMaterials/Substrate/Glints2/dict_0007_0073" 7252
"/Engine/EngineMaterials/Substrate/Glints2/dict_0007_0070" 7253
"/Engine/EngineMaterials/Substrate/Glints2/dict_0007_0065" 7254
"/Engine/EngineMaterials/Substrate/Glints2/dict_0007_0066" 7255
"/Engine/EngineMaterials/Substrate/Glints2/dict_0007_0068" 7256
"/Engine/EngineMaterials/Substrate/Glints2/dict_0007_0069" 7257
"/Engine/EngineMaterials/Substrate/Glints2/dict_0007_0074" 7258
"../../../Engine/Content/EngineMaterials/Substrate/Glints2/dict_0007_0067.uasset" 7259
"/Engine/EngineMaterials/Substrate/Glints2/dict_0007_0067" 7260
"../../../Engine/Content/EngineMaterials/Substrate/Glints2/dict_0007_0060.uasset" 7261
"../../../Engine/Content/EngineMaterials/Substrate/Glints2/dict_0007_0061.uasset" 7262
"/Engine/EngineMaterials/Substrate/Glints2/dict_0007_0061" 7263
"/Engine/EngineMaterials/Substrate/Glints2/dict_0007_0060" 7264
"../../../Engine/Content/EngineMaterials/Substrate/Glints2/dict_0007_0057.uasset" 7265
"../../../Engine/Content/EngineMaterials/Substrate/Glints2/dict_0007_0059.uasset" 7266
"../../../Engine/Content/EngineMaterials/Substrate/Glints2/dict_0007_0056.uasset" 7267
"../../../Engine/Content/EngineMaterials/Substrate/Glints2/dict_0007_0064.uasset" 7268
"../../../Engine/Content/EngineMaterials/Substrate/Glints2/dict_0007_0062.uasset" 7269
"../../../Engine/Content/EngineMaterials/Substrate/Glints2/dict_0007_0063.uasset" 7270
"../../../Engine/Content/EngineMaterials/Substrate/Glints2/dict_0007_0058.uasset" 7271
"/Engine/EngineMaterials/Substrate/Glints2/dict_0007_0062" 7272
"/Engine/EngineMaterials/Substrate/Glints2/dict_0007_0056" 7273
"/Engine/EngineMaterials/Substrate/Glints2/dict_0007_0063" 7274
"/Engine/EngineMaterials/Substrate/Glints2/dict_0007_0057" 7275
"/Engine/EngineMaterials/Substrate/Glints2/dict_0007_0058" 7276
"/Engine/EngineMaterials/Substrate/Glints2/dict_0007_0064" 7277
"/Engine/EngineMaterials/Substrate/Glints2/dict_0007_0059" 7278
"../../../Engine/Content/EngineMaterials/Substrate/Glints2/dict_0007_0054.uasset" 7279
"../../../Engine/Content/EngineMaterials/Substrate/Glints2/dict_0007_0046.uasset" 7280
"../../../Engine/Content/EngineMaterials/Substrate/Glints2/dict_0007_0052.uasset" 7281
"../../../Engine/Content/EngineMaterials/Substrate/Glints2/dict_0007_0049.uasset" 7282
"../../../Engine/Content/EngineMaterials/Substrate/Glints2/dict_0007_0050.uasset" 7283
"../../../Engine/Content/EngineMaterials/Substrate/Glints2/dict_0007_0055.uasset" 7284
"../../../Engine/Content/EngineMaterials/Substrate/Glints2/dict_0007_0048.uasset" 7285
"../../../Engine/Content/EngineMaterials/Substrate/Glints2/dict_0007_0047.uasset" 7286
"../../../Engine/Content/EngineMaterials/Substrate/Glints2/dict_0007_0053.uasset" 7287
"/Engine/EngineMaterials/Substrate/Glints2/dict_0007_0046" 7288
"/Engine/EngineMaterials/Substrate/Glints2/dict_0007_0047" 7289
"/Engine/EngineMaterials/Substrate/Glints2/dict_0007_0053" 7290
"/Engine/EngineMaterials/Substrate/Glints2/dict_0007_0048" 7291
"/Engine/EngineMaterials/Substrate/Glints2/dict_0007_0054" 7292
"/Engine/EngineMaterials/Substrate/Glints2/dict_0007_0049" 7293
"/Engine/EngineMaterials/Substrate/Glints2/dict_0007_0055" 7294
"/Engine/EngineMaterials/Substrate/Glints2/dict_0007_0050" 7295
"/Engine/EngineMaterials/Substrate/Glints2/dict_0007_0052" 7296
"../../../Engine/Content/EngineMaterials/Substrate/Glints2/dict_0007_0042.uasset" 7297
"../../../Engine/Content/EngineMaterials/Substrate/Glints2/dict_0007_0043.uasset" 7298
"../../../Engine/Content/EngineMaterials/Substrate/Glints2/dict_0007_0041.uasset" 7299
"../../../Engine/Content/EngineMaterials/Substrate/Glints2/dict_0007_0051.uasset" 7300
"../../../Engine/Content/EngineMaterials/Substrate/Glints2/dict_0007_0040.uasset" 7301
"../../../Engine/Content/EngineMaterials/Substrate/Glints2/dict_0007_0038.uasset" 7302
"/Engine/EngineMaterials/Substrate/Glints2/dict_0007_0051" 7303
"../../../Engine/Content/EngineMaterials/Substrate/Glints2/dict_0007_0039.uasset" 7304
"../../../Engine/Content/EngineMaterials/Substrate/Glints2/dict_0007_0044.uasset" 7305
"/Engine/EngineMaterials/Substrate/Glints2/dict_0007_0038" 7306
"/Engine/EngineMaterials/Substrate/Glints2/dict_0007_0043" 7307
"/Engine/EngineMaterials/Substrate/Glints2/dict_0007_0040" 7308
"/Engine/EngineMaterials/Substrate/Glints2/dict_0007_0041" 7309
"/Engine/EngineMaterials/Substrate/Glints2/dict_0007_0042" 7310
"/Engine/EngineMaterials/Substrate/Glints2/dict_0007_0044" 7311
"/Engine/EngineMaterials/Substrate/Glints2/dict_0007_0039" 7312
"../../../Engine/Content/EngineMaterials/Substrate/Glints2/dict_0007_0036.uasset" 7313
"../../../Engine/Content/EngineMaterials/Substrate/Glints2/dict_0007_0032.uasset" 7314
"../../../Engine/Content/EngineMaterials/Substrate/Glints2/dict_0007_0030.uasset" 7315
"../../../Engine/Content/EngineMaterials/Substrate/Glints2/dict_0007_0045.uasset" 7316
"../../../Engine/Content/EngineMaterials/Substrate/Glints2/dict_0007_0034.uasset" 7317
"../../../Engine/Content/EngineMaterials/Substrate/Glints2/dict_0007_0031.uasset" 7318
"../../../Engine/Content/EngineMaterials/Substrate/Glints2/dict_0007_0029.uasset" 7319
"../../../Engine/Content/EngineMaterials/Substrate/Glints2/dict_0007_0033.uasset" 7320
"../../../Engine/Content/EngineMaterials/Substrate/Glints2/dict_0007_0035.uasset" 7321
"/Engine/EngineMaterials/Substrate/Glints2/dict_0007_0045" 7322
"/Engine/EngineMaterials/Substrate/Glints2/dict_0007_0031" 7323
"/Engine/EngineMaterials/Substrate/Glints2/dict_0007_0034" 7324
"/Engine/EngineMaterials/Substrate/Glints2/dict_0007_0035" 7325
"/Engine/EngineMaterials/Substrate/Glints2/dict_0007_0036" 7326
"/Engine/EngineMaterials/Substrate/Glints2/dict_0007_0029" 7327
"/Engine/EngineMaterials/Substrate/Glints2/dict_0007_0030" 7328
"/Engine/EngineMaterials/Substrate/Glints2/dict_0007_0032" 7329
"/Engine/EngineMaterials/Substrate/Glints2/dict_0007_0033" 7330
"../../../Engine/Content/EngineMaterials/Substrate/Glints2/dict_0007_0022.uasset" 7331
"../../../Engine/Content/EngineMaterials/Substrate/Glints2/dict_0007_0020.uasset" 7332
"../../../Engine/Content/EngineMaterials/Substrate/Glints2/dict_0007_0027.uasset" 7333
"../../../Engine/Content/EngineMaterials/Substrate/Glints2/dict_0007_0037.uasset" 7334
"../../../Engine/Content/EngineMaterials/Substrate/Glints2/dict_0007_0024.uasset" 7335
"../../../Engine/Content/EngineMaterials/Substrate/Glints2/dict_0007_0023.uasset" 7336
"../../../Engine/Content/EngineMaterials/Substrate/Glints2/dict_0007_0021.uasset" 7337
"../../../Engine/Content/EngineMaterials/Substrate/Glints2/dict_0007_0028.uasset" 7338
"../../../Engine/Content/EngineMaterials/Substrate/Glints2/dict_0007_0025.uasset" 7339
"/Engine/EngineMaterials/Substrate/Glints2/dict_0007_0024" 7340
"/Engine/EngineMaterials/Substrate/Glints2/dict_0007_0037" 7341
"/Engine/EngineMaterials/Substrate/Glints2/dict_0007_0020" 7342
"/Engine/EngineMaterials/Substrate/Glints2/dict_0007_0021" 7343
"/Engine/EngineMaterials/Substrate/Glints2/dict_0007_0025" 7344
"/Engine/EngineMaterials/Substrate/Glints2/dict_0007_0022" 7345
"/Engine/EngineMaterials/Substrate/Glints2/dict_0007_0027" 7346
"/Engine/EngineMaterials/Substrate/Glints2/dict_0007_0028" 7347
"/Engine/EngineMaterials/Substrate/Glints2/dict_0007_0023" 7348
"../../../Engine/Content/EngineMaterials/Substrate/Glints2/dict_0007_0015.uasset" 7349
"../../../Engine/Content/EngineMaterials/Substrate/Glints2/dict_0007_0017.uasset" 7350
"../../../Engine/Content/EngineMaterials/Substrate/Glints2/dict_0007_0016.uasset" 7351
"../../../Engine/Content/EngineMaterials/Substrate/Glints2/dict_0007_0014.uasset" 7352
"../../../Engine/Content/EngineMaterials/Substrate/Glints2/dict_0007_0011.uasset" 7353
"../../../Engine/Content/EngineMaterials/Substrate/Glints2/dict_0007_0026.uasset" 7354
"/Engine/EngineMaterials/Substrate/Glints2/dict_0007_0015" 7355
"../../../Engine/Content/EngineMaterials/Substrate/Glints2/dict_0007_0013.uasset" 7356
"../../../Engine/Content/EngineMaterials/Substrate/Glints2/dict_0007_0018.uasset" 7357
"/Engine/EngineMaterials/Substrate/Glints2/dict_0007_0016" 7358
"/Engine/EngineMaterials/Substrate/Glints2/dict_0007_0017" 7359
"/Engine/EngineMaterials/Substrate/Glints2/dict_0007_0018" 7360
"/Engine/EngineMaterials/Substrate/Glints2/dict_0007_0026" 7361
"/Engine/EngineMaterials/Substrate/Glints2/dict_0007_0011" 7362
"/Engine/EngineMaterials/Substrate/Glints2/dict_0007_0013" 7363
"/Engine/EngineMaterials/Substrate/Glints2/dict_0007_0014" 7364
"../../../Engine/Content/EngineMaterials/Substrate/Glints2/dict_0007_0019.uasset" 7365
"../../../Engine/Content/EngineMaterials/Substrate/Glints2/dict_0007_0012.uasset" 7366
"/Engine/EngineMaterials/Substrate/Glints2/dict_0007_0019" 7367
"/Engine/EngineMaterials/Substrate/Glints2/dict_0007_0012" 7368
"../../../Engine/Content/EngineMaterials/Substrate/Glints2/dict_0007_0007.uasset" 7369
"../../../Engine/Content/EngineMaterials/Substrate/Glints2/dict_0007_0001.uasset" 7370
"../../../Engine/Content/EngineMaterials/Substrate/Glints2/dict_0007_0010.uasset" 7371
"../../../Engine/Content/EngineMaterials/Substrate/Glints2/dict_0007_0002.uasset" 7372
"../../../Engine/Content/EngineMaterials/Substrate/Glints2/dict_0007_0006.uasset" 7373
"../../../Engine/Content/EngineMaterials/Substrate/Glints2/dict_0007_0005.uasset" 7374
"../../../Engine/Content/EngineMaterials/Substrate/Glints2/dict_0007_0004.uasset" 7375
"/Engine/EngineMaterials/Substrate/Glints2/dict_0007_0001" 7376
"/Engine/EngineMaterials/Substrate/Glints2/dict_0007_0002" 7377
"/Engine/EngineMaterials/Substrate/Glints2/dict_0007_0007" 7378
"/Engine/EngineMaterials/Substrate/Glints2/dict_0007_0004" 7379
"/Engine/EngineMaterials/Substrate/Glints2/dict_0007_0005" 7380
"/Engine/EngineMaterials/Substrate/Glints2/dict_0007_0010" 7381
"/Engine/EngineMaterials/Substrate/Glints2/dict_0007_0006" 7382
"../../../Engine/Content/EngineMaterials/Substrate/Glints2/dict_0007_0003.uasset" 7383
"/Engine/EngineMaterials/Substrate/Glints2/dict_0007_0003" 7384
"../../../Engine/Content/EngineMaterials/Substrate/Glints2/dict_0006_0251.uasset" 7385
"../../../Engine/Content/EngineMaterials/Substrate/Glints2/dict_0006_0253.uasset" 7386
"../../../Engine/Content/EngineMaterials/Substrate/Glints2/dict_0006_0250.uasset" 7387
"../../../Engine/Content/EngineMaterials/Substrate/Glints2/dict_0007_0009.uasset" 7388
"../../../Engine/Content/EngineMaterials/Substrate/Glints2/dict_0007_0000.uasset" 7389
"../../../Engine/Content/EngineMaterials/Substrate/Glints2/dict_0007_0008.uasset" 7390
"../../../Engine/Content/EngineMaterials/Substrate/Glints2/dict_0006_0254.uasset" 7391
"../../../Engine/Content/EngineMaterials/Substrate/Glints2/dict_0006_0252.uasset" 7392
"../../../Engine/Content/EngineMaterials/Substrate/Glints2/dict_0006_0255.uasset" 7393
"/Engine/EngineMaterials/Substrate/Glints2/dict_0006_0254" 7394
"/Engine/EngineMaterials/Substrate/Glints2/dict_0006_0255" 7395
"/Engine/EngineMaterials/Substrate/Glints2/dict_0007_0000" 7396
"/Engine/EngineMaterials/Substrate/Glints2/dict_0006_0250" 7397
"/Engine/EngineMaterials/Substrate/Glints2/dict_0007_0009" 7398
"/Engine/EngineMaterials/Substrate/Glints2/dict_0006_0251" 7399
"/Engine/EngineMaterials/Substrate/Glints2/dict_0006_0252" 7400
"/Engine/EngineMaterials/Substrate/Glints2/dict_0006_0253" 7401
"/Engine/EngineMaterials/Substrate/Glints2/dict_0007_0008" 7402
"../../../Engine/Content/EngineMaterials/Substrate/Glints2/dict_0006_0242.uasset" 7403
"../../../Engine/Content/EngineMaterials/Substrate/Glints2/dict_0006_0249.uasset" 7404
"../../../Engine/Content/EngineMaterials/Substrate/Glints2/dict_0006_0243.uasset" 7405
"../../../Engine/Content/EngineMaterials/Substrate/Glints2/dict_0006_0248.uasset" 7406
"../../../Engine/Content/EngineMaterials/Substrate/Glints2/dict_0006_0245.uasset" 7407
"../../../Engine/Content/EngineMaterials/Substrate/Glints2/dict_0006_0247.uasset" 7408
"../../../Engine/Content/EngineMaterials/Substrate/Glints2/dict_0006_0240.uasset" 7409
"../../../Engine/Content/EngineMaterials/Substrate/Glints2/dict_0006_0244.uasset" 7410
"/Engine/EngineMaterials/Substrate/Glints2/dict_0006_0242" 7411
"/Engine/EngineMaterials/Substrate/Glints2/dict_0006_0245" 7412
"/Engine/EngineMaterials/Substrate/Glints2/dict_0006_0243" 7413
"/Engine/EngineMaterials/Substrate/Glints2/dict_0006_0244" 7414
"../../../Engine/Content/EngineMaterials/Substrate/Glints2/dict_0006_0246.uasset" 7415
"../../../Engine/Content/EngineMaterials/Substrate/Glints2/dict_0006_0241.uasset" 7416
"/Engine/EngineMaterials/Substrate/Glints2/dict_0006_0247" 7417
"/Engine/EngineMaterials/Substrate/Glints2/dict_0006_0248" 7418
"/Engine/EngineMaterials/Substrate/Glints2/dict_0006_0249" 7419
"/Engine/EngineMaterials/Substrate/Glints2/dict_0006_0240" 7420
"/Engine/EngineMaterials/Substrate/Glints2/dict_0006_0246" 7421
"/Engine/EngineMaterials/Substrate/Glints2/dict_0006_0241" 7422
"../../../Engine/Content/EngineMaterials/Substrate/Glints2/dict_0006_0239.uasset" 7423
"../../../Engine/Content/EngineMaterials/Substrate/Glints2/dict_0006_0237.uasset" 7424
"/Engine/EngineMaterials/Substrate/Glints2/dict_0006_0239" 7425
"../../../Engine/Content/EngineMaterials/Substrate/Glints2/dict_0006_0238.uasset" 7426
"../../../Engine/Content/EngineMaterials/Substrate/Glints2/dict_0006_0233.uasset" 7427
"/Engine/EngineMaterials/Substrate/Glints2/dict_0006_0237" 7428
"../../../Engine/Content/EngineMaterials/Substrate/Glints2/dict_0006_0230.uasset" 7429
"/Engine/EngineMaterials/Substrate/Glints2/dict_0006_0238" 7430
"/Engine/EngineMaterials/Substrate/Glints2/dict_0006_0233" 7431
"/Engine/EngineMaterials/Substrate/Glints2/dict_0006_0230" 7432
"../../../Engine/Content/EngineMaterials/Substrate/Glints2/dict_0006_0236.uasset" 7433
"../../../Engine/Content/EngineMaterials/Substrate/Glints2/dict_0006_0231.uasset" 7434
"../../../Engine/Content/EngineMaterials/Substrate/Glints2/dict_0006_0232.uasset" 7435
"../../../Engine/Content/EngineMaterials/Substrate/Glints2/dict_0006_0234.uasset" 7436
"../../../Engine/Content/EngineMaterials/Substrate/Glints2/dict_0006_0235.uasset" 7437
"/Engine/EngineMaterials/Substrate/Glints2/dict_0006_0235" 7438
"/Engine/EngineMaterials/Substrate/Glints2/dict_0006_0231" 7439
"/Engine/EngineMaterials/Substrate/Glints2/dict_0006_0232" 7440
"/Engine/EngineMaterials/Substrate/Glints2/dict_0006_0234" 7441
"/Engine/EngineMaterials/Substrate/Glints2/dict_0006_0236" 7442
"../../../Engine/Content/EngineMaterials/Substrate/Glints2/dict_0006_0223.uasset" 7443
"../../../Engine/Content/EngineMaterials/Substrate/Glints2/dict_0006_0222.uasset" 7444
"../../../Engine/Content/EngineMaterials/Substrate/Glints2/dict_0006_0225.uasset" 7445
"../../../Engine/Content/EngineMaterials/Substrate/Glints2/dict_0006_0221.uasset" 7446
"../../../Engine/Content/EngineMaterials/Substrate/Glints2/dict_0006_0220.uasset" 7447
"../../../Engine/Content/EngineMaterials/Substrate/Glints2/dict_0006_0226.uasset" 7448
"../../../Engine/Content/EngineMaterials/Substrate/Glints2/dict_0006_0227.uasset" 7449
"../../../Engine/Content/EngineMaterials/Substrate/Glints2/dict_0006_0224.uasset" 7450
"../../../Engine/Content/EngineMaterials/Substrate/Glints2/dict_0006_0228.uasset" 7451
"/Engine/EngineMaterials/Substrate/Glints2/dict_0006_0220" 7452
"/Engine/EngineMaterials/Substrate/Glints2/dict_0006_0228" 7453
"/Engine/EngineMaterials/Substrate/Glints2/dict_0006_0221" 7454
"/Engine/EngineMaterials/Substrate/Glints2/dict_0006_0222" 7455
"/Engine/EngineMaterials/Substrate/Glints2/dict_0006_0223" 7456
"/Engine/EngineMaterials/Substrate/Glints2/dict_0006_0224" 7457
"/Engine/EngineMaterials/Substrate/Glints2/dict_0006_0225" 7458
"/Engine/EngineMaterials/Substrate/Glints2/dict_0006_0227" 7459
"/Engine/EngineMaterials/Substrate/Glints2/dict_0006_0226" 7460
"../../../Engine/Content/EngineMaterials/Substrate/Glints2/dict_0006_0229.uasset" 7461
"../../../Engine/Content/EngineMaterials/Substrate/Glints2/dict_0006_0219.uasset" 7462
"/Engine/EngineMaterials/Substrate/Glints2/dict_0006_0219" 7463
"../../../Engine/Content/EngineMaterials/Substrate/Glints2/dict_0006_0217.uasset" 7464
"/Engine/EngineMaterials/Substrate/Glints2/dict_0006_0229" 7465
"/Engine/EngineMaterials/Substrate/Glints2/dict_0006_0217" 7466
"../../../Engine/Content/EngineMaterials/Substrate/Glints2/dict_0006_0214.uasset" 7467
"../../../Engine/Content/EngineMaterials/Substrate/Glints2/dict_0006_0218.uasset" 7468
"../../../Engine/Content/EngineMaterials/Substrate/Glints2/dict_0006_0213.uasset" 7469
"../../../Engine/Content/EngineMaterials/Substrate/Glints2/dict_0006_0212.uasset" 7470
"../../../Engine/Content/EngineMaterials/Substrate/Glints2/dict_0006_0211.uasset" 7471
"../../../Engine/Content/EngineMaterials/Substrate/Glints2/dict_0006_0216.uasset" 7472
"/Engine/EngineMaterials/Substrate/Glints2/dict_0006_0218" 7473
"/Engine/EngineMaterials/Substrate/Glints2/dict_0006_0211" 7474
"/Engine/EngineMaterials/Substrate/Glints2/dict_0006_0212" 7475
"/Engine/EngineMaterials/Substrate/Glints2/dict_0006_0213" 7476
"/Engine/EngineMaterials/Substrate/Glints2/dict_0006_0214" 7477
"/Engine/EngineMaterials/Substrate/Glints2/dict_0006_0216" 7478
"../../../Engine/Content/EngineMaterials/Substrate/Glints2/dict_0006_0202.uasset" 7479
"../../../Engine/Content/EngineMaterials/Substrate/Glints2/dict_0006_0215.uasset" 7480
"/Engine/EngineMaterials/Substrate/Glints2/dict_0006_0202" 7481
"../../../Engine/Content/EngineMaterials/Substrate/Glints2/dict_0006_0203.uasset" 7482
"/Engine/EngineMaterials/Substrate/Glints2/dict_0006_0203" 7483
"/Engine/EngineMaterials/Substrate/Glints2/dict_0006_0215" 7484
"../../../Engine/Content/EngineMaterials/Substrate/Glints2/dict_0006_0208.uasset" 7485
"../../../Engine/Content/EngineMaterials/Substrate/Glints2/dict_0006_0210.uasset" 7486
"../../../Engine/Content/EngineMaterials/Substrate/Glints2/dict_0006_0205.uasset" 7487
"../../../Engine/Content/EngineMaterials/Substrate/Glints2/dict_0006_0204.uasset" 7488
"../../../Engine/Content/EngineMaterials/Substrate/Glints2/dict_0006_0207.uasset" 7489
"../../../Engine/Content/EngineMaterials/Substrate/Glints2/dict_0006_0209.uasset" 7490
"../../../Engine/Content/EngineMaterials/Substrate/Glints2/dict_0006_0206.uasset" 7491
"/Engine/EngineMaterials/Substrate/Glints2/dict_0006_0210" 7492
"/Engine/EngineMaterials/Substrate/Glints2/dict_0006_0208" 7493
"/Engine/EngineMaterials/Substrate/Glints2/dict_0006_0204" 7494
"/Engine/EngineMaterials/Substrate/Glints2/dict_0006_0205" 7495
"/Engine/EngineMaterials/Substrate/Glints2/dict_0006_0206" 7496
"/Engine/EngineMaterials/Substrate/Glints2/dict_0006_0207" 7497
"/Engine/EngineMaterials/Substrate/Glints2/dict_0006_0209" 7498
"../../../Engine/Content/EngineMaterials/Substrate/Glints2/dict_0006_0195.uasset" 7499
"../../../Engine/Content/EngineMaterials/Substrate/Glints2/dict_0006_0194.uasset" 7500
"../../../Engine/Content/EngineMaterials/Substrate/Glints2/dict_0006_0196.uasset" 7501
"../../../Engine/Content/EngineMaterials/Substrate/Glints2/dict_0006_0193.uasset" 7502
"../../../Engine/Content/EngineMaterials/Substrate/Glints2/dict_0006_0199.uasset" 7503
"../../../Engine/Content/EngineMaterials/Substrate/Glints2/dict_0006_0197.uasset" 7504
"../../../Engine/Content/EngineMaterials/Substrate/Glints2/dict_0006_0201.uasset" 7505
"../../../Engine/Content/EngineMaterials/Substrate/Glints2/dict_0006_0198.uasset" 7506
"../../../Engine/Content/EngineMaterials/Substrate/Glints2/dict_0006_0200.uasset" 7507
"/Engine/EngineMaterials/Substrate/Glints2/dict_0006_0198" 7508
"/Engine/EngineMaterials/Substrate/Glints2/dict_0006_0193" 7509
"/Engine/EngineMaterials/Substrate/Glints2/dict_0006_0194" 7510
"/Engine/EngineMaterials/Substrate/Glints2/dict_0006_0195" 7511
"/Engine/EngineMaterials/Substrate/Glints2/dict_0006_0196" 7512
"/Engine/EngineMaterials/Substrate/Glints2/dict_0006_0199" 7513
"/Engine/EngineMaterials/Substrate/Glints2/dict_0006_0200" 7514
"/Engine/EngineMaterials/Substrate/Glints2/dict_0006_0197" 7515
"/Engine/EngineMaterials/Substrate/Glints2/dict_0006_0201" 7516
"../../../Engine/Content/EngineMaterials/Substrate/Glints2/dict_0006_0190.uasset" 7517
"../../../Engine/Content/EngineMaterials/Substrate/Glints2/dict_0006_0188.uasset" 7518
"../../../Engine/Content/EngineMaterials/Substrate/Glints2/dict_0006_0186.uasset" 7519
"../../../Engine/Content/EngineMaterials/Substrate/Glints2/dict_0006_0183.uasset" 7520
"../../../Engine/Content/EngineMaterials/Substrate/Glints2/dict_0006_0184.uasset" 7521
"../../../Engine/Content/EngineMaterials/Substrate/Glints2/dict_0006_0185.uasset" 7522
"../../../Engine/Content/EngineMaterials/Substrate/Glints2/dict_0006_0191.uasset" 7523
"../../../Engine/Content/EngineMaterials/Substrate/Glints2/dict_0006_0187.uasset" 7524
"../../../Engine/Content/EngineMaterials/Substrate/Glints2/dict_0006_0192.uasset" 7525
"/Engine/EngineMaterials/Substrate/Glints2/dict_0006_0187" 7526
"../../../Engine/Content/EngineMaterials/Substrate/Glints2/dict_0006_0189.uasset" 7527
"/Engine/EngineMaterials/Substrate/Glints2/dict_0006_0190" 7528
"/Engine/EngineMaterials/Substrate/Glints2/dict_0006_0183" 7529
"/Engine/EngineMaterials/Substrate/Glints2/dict_0006_0188" 7530
"/Engine/EngineMaterials/Substrate/Glints2/dict_0006_0184" 7531
"/Engine/EngineMaterials/Substrate/Glints2/dict_0006_0185" 7532
"/Engine/EngineMaterials/Substrate/Glints2/dict_0006_0191" 7533
"/Engine/EngineMaterials/Substrate/Glints2/dict_0006_0192" 7534
"/Engine/EngineMaterials/Substrate/Glints2/dict_0006_0186" 7535
"/Engine/EngineMaterials/Substrate/Glints2/dict_0006_0189" 7536
"../../../Engine/Content/EngineMaterials/Substrate/Glints2/dict_0006_0177.uasset" 7537
"../../../Engine/Content/EngineMaterials/Substrate/Glints2/dict_0006_0176.uasset" 7538
"/Engine/EngineMaterials/Substrate/Glints2/dict_0006_0177" 7539
"/Engine/EngineMaterials/Substrate/Glints2/dict_0006_0176" 7540
"../../../Engine/Content/EngineMaterials/Substrate/Glints2/dict_0006_0179.uasset" 7541
"../../../Engine/Content/EngineMaterials/Substrate/Glints2/dict_0006_0174.uasset" 7542
"/Engine/EngineMaterials/Substrate/Glints2/dict_0006_0179" 7543
"../../../Engine/Content/EngineMaterials/Substrate/Glints2/dict_0006_0178.uasset" 7544
"/Engine/EngineMaterials/Substrate/Glints2/dict_0006_0174" 7545
"/Engine/EngineMaterials/Substrate/Glints2/dict_0006_0178" 7546
"../../../Engine/Content/EngineMaterials/Substrate/Glints2/dict_0006_0180.uasset" 7547
"../../../Engine/Content/EngineMaterials/Substrate/Glints2/dict_0006_0181.uasset" 7548
"../../../Engine/Content/EngineMaterials/Substrate/Glints2/dict_0006_0173.uasset" 7549
"../../../Engine/Content/EngineMaterials/Substrate/Glints2/dict_0006_0175.uasset" 7550
"../../../Engine/Content/EngineMaterials/Substrate/Glints2/dict_0006_0182.uasset" 7551
"/Engine/EngineMaterials/Substrate/Glints2/dict_0006_0180" 7552
"/Engine/EngineMaterials/Substrate/Glints2/dict_0006_0181" 7553
"/Engine/EngineMaterials/Substrate/Glints2/dict_0006_0182" 7554
"/Engine/EngineMaterials/Substrate/Glints2/dict_0006_0173" 7555
"/Engine/EngineMaterials/Substrate/Glints2/dict_0006_0175" 7556
"../../../Engine/Content/EngineMaterials/Substrate/Glints2/dict_0006_0171.uasset" 7557
"../../../Engine/Content/EngineMaterials/Substrate/Glints2/dict_0006_0163.uasset" 7558
"../../../Engine/Content/EngineMaterials/Substrate/Glints2/dict_0006_0164.uasset" 7559
"../../../Engine/Content/EngineMaterials/Substrate/Glints2/dict_0006_0168.uasset" 7560
"../../../Engine/Content/EngineMaterials/Substrate/Glints2/dict_0006_0166.uasset" 7561
"/Engine/EngineMaterials/Substrate/Glints2/dict_0006_0171" 7562
"../../../Engine/Content/EngineMaterials/Substrate/Glints2/dict_0006_0167.uasset" 7563
"/Engine/EngineMaterials/Substrate/Glints2/dict_0006_0163" 7564
"../../../Engine/Content/EngineMaterials/Substrate/Glints2/dict_0006_0170.uasset" 7565
"/Engine/EngineMaterials/Substrate/Glints2/dict_0006_0164" 7566
"/Engine/EngineMaterials/Substrate/Glints2/dict_0006_0168" 7567
"/Engine/EngineMaterials/Substrate/Glints2/dict_0006_0170" 7568
"/Engine/EngineMaterials/Substrate/Glints2/dict_0006_0166" 7569
"/Engine/EngineMaterials/Substrate/Glints2/dict_0006_0167" 7570
"../../../Engine/Content/EngineMaterials/Substrate/Glints2/dict_0006_0165.uasset" 7571
"../../../Engine/Content/EngineMaterials/Substrate/Glints2/dict_0006_0169.uasset" 7572
"../../../Engine/Content/EngineMaterials/Substrate/Glints2/dict_0006_0159.uasset" 7573
"../../../Engine/Content/EngineMaterials/Substrate/Glints2/dict_0006_0157.uasset" 7574
"../../../Engine/Content/EngineMaterials/Substrate/Glints2/dict_0006_0158.uasset" 7575
"../../../Engine/Content/EngineMaterials/Substrate/Glints2/dict_0006_0161.uasset" 7576
"../../../Engine/Content/EngineMaterials/Substrate/Glints2/dict_0006_0160.uasset" 7577
"../../../Engine/Content/EngineMaterials/Substrate/Glints2/dict_0006_0156.uasset" 7578
"../../../Engine/Content/EngineMaterials/Substrate/Glints2/dict_0006_0172.uasset" 7579
"/Engine/EngineMaterials/Substrate/Glints2/dict_0006_0172" 7580
"/Engine/EngineMaterials/Substrate/Glints2/dict_0006_0161" 7581
"/Engine/EngineMaterials/Substrate/Glints2/dict_0006_0156" 7582
"/Engine/EngineMaterials/Substrate/Glints2/dict_0006_0157" 7583
"/Engine/EngineMaterials/Substrate/Glints2/dict_0006_0158" 7584
"/Engine/EngineMaterials/Substrate/Glints2/dict_0006_0159" 7585
"/Engine/EngineMaterials/Substrate/Glints2/dict_0006_0165" 7586
"/Engine/EngineMaterials/Substrate/Glints2/dict_0006_0169" 7587
"/Engine/EngineMaterials/Substrate/Glints2/dict_0006_0160" 7588
"../../../Engine/Content/EngineMaterials/Substrate/Glints2/dict_0006_0155.uasset" 7589
"../../../Engine/Content/EngineMaterials/Substrate/Glints2/dict_0006_0152.uasset" 7590
"../../../Engine/Content/EngineMaterials/Substrate/Glints2/dict_0006_0150.uasset" 7591
"../../../Engine/Content/EngineMaterials/Substrate/Glints2/dict_0006_0153.uasset" 7592
"../../../Engine/Content/EngineMaterials/Substrate/Glints2/dict_0006_0151.uasset" 7593
"../../../Engine/Content/EngineMaterials/Substrate/Glints2/dict_0006_0148.uasset" 7594
"../../../Engine/Content/EngineMaterials/Substrate/Glints2/dict_0006_0147.uasset" 7595
"../../../Engine/Content/EngineMaterials/Substrate/Glints2/dict_0006_0149.uasset" 7596
"../../../Engine/Content/EngineMaterials/Substrate/Glints2/dict_0006_0154.uasset" 7597
"/Engine/EngineMaterials/Substrate/Glints2/dict_0006_0152" 7598
"/Engine/EngineMaterials/Substrate/Glints2/dict_0006_0151" 7599
"/Engine/EngineMaterials/Substrate/Glints2/dict_0006_0153" 7600
"/Engine/EngineMaterials/Substrate/Glints2/dict_0006_0154" 7601
"/Engine/EngineMaterials/Substrate/Glints2/dict_0006_0155" 7602
"/Engine/EngineMaterials/Substrate/Glints2/dict_0006_0150" 7603
"/Engine/EngineMaterials/Substrate/Glints2/dict_0006_0147" 7604
"/Engine/EngineMaterials/Substrate/Glints2/dict_0006_0148" 7605
"/Engine/EngineMaterials/Substrate/Glints2/dict_0006_0149" 7606
"../../../Engine/Content/EngineMaterials/Substrate/Glints2/dict_0006_0162.uasset" 7607
"../../../Engine/Content/EngineMaterials/Substrate/Glints2/dict_0006_0139.uasset" 7608
"../../../Engine/Content/EngineMaterials/Substrate/Glints2/dict_0006_0141.uasset" 7609
"../../../Engine/Content/EngineMaterials/Substrate/Glints2/dict_0006_0145.uasset" 7610
"../../../Engine/Content/EngineMaterials/Substrate/Glints2/dict_0006_0144.uasset" 7611
"../../../Engine/Content/EngineMaterials/Substrate/Glints2/dict_0006_0142.uasset" 7612
"../../../Engine/Content/EngineMaterials/Substrate/Glints2/dict_0006_0140.uasset" 7613
"../../../Engine/Content/EngineMaterials/Substrate/Glints2/dict_0006_0138.uasset" 7614
"../../../Engine/Content/EngineMaterials/Substrate/Glints2/dict_0006_0143.uasset" 7615
"/Engine/EngineMaterials/Substrate/Glints2/dict_0006_0141" 7616
"/Engine/EngineMaterials/Substrate/Glints2/dict_0006_0142" 7617
"/Engine/EngineMaterials/Substrate/Glints2/dict_0006_0143" 7618
"/Engine/EngineMaterials/Substrate/Glints2/dict_0006_0144" 7619
"/Engine/EngineMaterials/Substrate/Glints2/dict_0006_0162" 7620
"/Engine/EngineMaterials/Substrate/Glints2/dict_0006_0138" 7621
"/Engine/EngineMaterials/Substrate/Glints2/dict_0006_0139" 7622
"/Engine/EngineMaterials/Substrate/Glints2/dict_0006_0140" 7623
"/Engine/EngineMaterials/Substrate/Glints2/dict_0006_0145" 7624
"../../../Engine/Content/EngineMaterials/Substrate/Glints2/dict_0006_0146.uasset" 7625
"/Engine/EngineMaterials/Substrate/Glints2/dict_0006_0146" 7626
"../../../Engine/Content/EngineMaterials/Substrate/Glints2/dict_0006_0132.uasset" 7627
"../../../Engine/Content/EngineMaterials/Substrate/Glints2/dict_0006_0136.uasset" 7628
"../../../Engine/Content/EngineMaterials/Substrate/Glints2/dict_0006_0133.uasset" 7629
"../../../Engine/Content/EngineMaterials/Substrate/Glints2/dict_0006_0130.uasset" 7630
"../../../Engine/Content/EngineMaterials/Substrate/Glints2/dict_0006_0134.uasset" 7631
"../../../Engine/Content/EngineMaterials/Substrate/Glints2/dict_0006_0129.uasset" 7632
"../../../Engine/Content/EngineMaterials/Substrate/Glints2/dict_0006_0135.uasset" 7633
"/Engine/EngineMaterials/Substrate/Glints2/dict_0006_0134" 7634
"/Engine/EngineMaterials/Substrate/Glints2/dict_0006_0129" 7635
"/Engine/EngineMaterials/Substrate/Glints2/dict_0006_0130" 7636
"/Engine/EngineMaterials/Substrate/Glints2/dict_0006_0135" 7637
"/Engine/EngineMaterials/Substrate/Glints2/dict_0006_0136" 7638
"/Engine/EngineMaterials/Substrate/Glints2/dict_0006_0132" 7639
"/Engine/EngineMaterials/Substrate/Glints2/dict_0006_0133" 7640
"../../../Engine/Content/EngineMaterials/Substrate/Glints2/dict_0006_0126.uasset" 7641
"../../../Engine/Content/EngineMaterials/Substrate/Glints2/dict_0006_0125.uasset" 7642
"../../../Engine/Content/EngineMaterials/Substrate/Glints2/dict_0006_0131.uasset" 7643
"../../../Engine/Content/EngineMaterials/Substrate/Glints2/dict_0006_0137.uasset" 7644
"/Engine/EngineMaterials/Substrate/Glints2/dict_0006_0137" 7645
"../../../Engine/Content/EngineMaterials/Substrate/Glints2/dict_0006_0128.uasset" 7646
"../../../Engine/Content/EngineMaterials/Substrate/Glints2/dict_0006_0127.uasset" 7647
"../../../Engine/Content/EngineMaterials/Substrate/Glints2/dict_0006_0123.uasset" 7648
"../../../Engine/Content/EngineMaterials/Substrate/Glints2/dict_0006_0122.uasset" 7649
"/Engine/EngineMaterials/Substrate/Glints2/dict_0006_0125" 7650
"/Engine/EngineMaterials/Substrate/Glints2/dict_0006_0126" 7651
"/Engine/EngineMaterials/Substrate/Glints2/dict_0006_0131" 7652
"../../../Engine/Content/EngineMaterials/Substrate/Glints2/dict_0006_0121.uasset" 7653
"/Engine/EngineMaterials/Substrate/Glints2/dict_0006_0121" 7654
"/Engine/EngineMaterials/Substrate/Glints2/dict_0006_0127" 7655
"/Engine/EngineMaterials/Substrate/Glints2/dict_0006_0128" 7656
"/Engine/EngineMaterials/Substrate/Glints2/dict_0006_0122" 7657
"/Engine/EngineMaterials/Substrate/Glints2/dict_0006_0123" 7658
"../../../Engine/Content/EngineMaterials/Substrate/Glints2/dict_0006_0124.uasset" 7659
"../../../Engine/Content/EngineMaterials/Substrate/Glints2/dict_0006_0114.uasset" 7660
"../../../Engine/Content/EngineMaterials/Substrate/Glints2/dict_0006_0118.uasset" 7661
"../../../Engine/Content/EngineMaterials/Substrate/Glints2/dict_0006_0116.uasset" 7662
"../../../Engine/Content/EngineMaterials/Substrate/Glints2/dict_0006_0119.uasset" 7663
"../../../Engine/Content/EngineMaterials/Substrate/Glints2/dict_0006_0112.uasset" 7664
"../../../Engine/Content/EngineMaterials/Substrate/Glints2/dict_0006_0115.uasset" 7665
"../../../Engine/Content/EngineMaterials/Substrate/Glints2/dict_0006_0120.uasset" 7666
"../../../Engine/Content/EngineMaterials/Substrate/Glints2/dict_0006_0117.uasset" 7667
"/Engine/EngineMaterials/Substrate/Glints2/dict_0006_0116" 7668
"../../../Engine/Content/EngineMaterials/Substrate/Glints2/dict_0006_0113.uasset" 7669
"/Engine/EngineMaterials/Substrate/Glints2/dict_0006_0117" 7670
"/Engine/EngineMaterials/Substrate/Glints2/dict_0006_0118" 7671
"/Engine/EngineMaterials/Substrate/Glints2/dict_0006_0119" 7672
"/Engine/EngineMaterials/Substrate/Glints2/dict_0006_0120" 7673
"/Engine/EngineMaterials/Substrate/Glints2/dict_0006_0112" 7674
"/Engine/EngineMaterials/Substrate/Glints2/dict_0006_0114" 7675
"/Engine/EngineMaterials/Substrate/Glints2/dict_0006_0115" 7676
"/Engine/EngineMaterials/Substrate/Glints2/dict_0006_0124" 7677
"/Engine/EngineMaterials/Substrate/Glints2/dict_0006_0113" 7678
"../../../Engine/Content/EngineMaterials/Substrate/Glints2/dict_0006_0106.uasset" 7679
"../../../Engine/Content/EngineMaterials/Substrate/Glints2/dict_0006_0103.uasset" 7680
"/Engine/EngineMaterials/Substrate/Glints2/dict_0006_0106" 7681
"../../../Engine/Content/EngineMaterials/Substrate/Glints2/dict_0006_0104.uasset" 7682
"../../../Engine/Content/EngineMaterials/Substrate/Glints2/dict_0006_0102.uasset" 7683
"../../../Engine/Content/EngineMaterials/Substrate/Glints2/dict_0006_0108.uasset" 7684
"../../../Engine/Content/EngineMaterials/Substrate/Glints2/dict_0006_0110.uasset" 7685
"../../../Engine/Content/EngineMaterials/Substrate/Glints2/dict_0006_0109.uasset" 7686
"../../../Engine/Content/EngineMaterials/Substrate/Glints2/dict_0006_0107.uasset" 7687
"../../../Engine/Content/EngineMaterials/Substrate/Glints2/dict_0006_0111.uasset" 7688
"/Engine/EngineMaterials/Substrate/Glints2/dict_0006_0108" 7689
"../../../Engine/Content/EngineMaterials/Substrate/Glints2/dict_0006_0105.uasset" 7690
"/Engine/EngineMaterials/Substrate/Glints2/dict_0006_0110" 7691
"/Engine/EngineMaterials/Substrate/Glints2/dict_0006_0102" 7692
"/Engine/EngineMaterials/Substrate/Glints2/dict_0006_0103" 7693
"/Engine/EngineMaterials/Substrate/Glints2/dict_0006_0104" 7694
"/Engine/EngineMaterials/Substrate/Glints2/dict_0006_0107" 7695
"/Engine/EngineMaterials/Substrate/Glints2/dict_0006_0109" 7696
"/Engine/EngineMaterials/Substrate/Glints2/dict_0006_0111" 7697
"/Engine/EngineMaterials/Substrate/Glints2/dict_0006_0105" 7698
"../../../Engine/Content/EngineMaterials/Substrate/Glints2/dict_0006_0095.uasset" 7699
"../../../Engine/Content/EngineMaterials/Substrate/Glints2/dict_0006_0094.uasset" 7700
"../../../Engine/Content/EngineMaterials/Substrate/Glints2/dict_0006_0098.uasset" 7701
"../../../Engine/Content/EngineMaterials/Substrate/Glints2/dict_0006_0097.uasset" 7702
"../../../Engine/Content/EngineMaterials/Substrate/Glints2/dict_0006_0092.uasset" 7703
"../../../Engine/Content/EngineMaterials/Substrate/Glints2/dict_0006_0099.uasset" 7704
"../../../Engine/Content/EngineMaterials/Substrate/Glints2/dict_0006_0096.uasset" 7705
"../../../Engine/Content/EngineMaterials/Substrate/Glints2/dict_0006_0100.uasset" 7706
"../../../Engine/Content/EngineMaterials/Substrate/Glints2/dict_0006_0101.uasset" 7707
"../../../Engine/Content/EngineMaterials/Substrate/Glints2/dict_0006_0093.uasset" 7708
"/Engine/EngineMaterials/Substrate/Glints2/dict_0006_0099" 7709
"/Engine/EngineMaterials/Substrate/Glints2/dict_0006_0095" 7710
"/Engine/EngineMaterials/Substrate/Glints2/dict_0006_0096" 7711
"/Engine/EngineMaterials/Substrate/Glints2/dict_0006_0097" 7712
"/Engine/EngineMaterials/Substrate/Glints2/dict_0006_0092" 7713
"/Engine/EngineMaterials/Substrate/Glints2/dict_0006_0100" 7714
"/Engine/EngineMaterials/Substrate/Glints2/dict_0006_0101" 7715
"/Engine/EngineMaterials/Substrate/Glints2/dict_0006_0098" 7716
"/Engine/EngineMaterials/Substrate/Glints2/dict_0006_0093" 7717
"/Engine/EngineMaterials/Substrate/Glints2/dict_0006_0094" 7718
"../../../Engine/Content/EngineMaterials/Substrate/Glints2/dict_0006_0083.uasset" 7719
"../../../Engine/Content/EngineMaterials/Substrate/Glints2/dict_0006_0088.uasset" 7720
"../../../Engine/Content/EngineMaterials/Substrate/Glints2/dict_0006_0086.uasset" 7721
"../../../Engine/Content/EngineMaterials/Substrate/Glints2/dict_0006_0084.uasset" 7722
"../../../Engine/Content/EngineMaterials/Substrate/Glints2/dict_0006_0091.uasset" 7723
"../../../Engine/Content/EngineMaterials/Substrate/Glints2/dict_0006_0085.uasset" 7724
"/Engine/EngineMaterials/Substrate/Glints2/dict_0006_0083" 7725
"/Engine/EngineMaterials/Substrate/Glints2/dict_0006_0084" 7726
"/Engine/EngineMaterials/Substrate/Glints2/dict_0006_0085" 7727
"/Engine/EngineMaterials/Substrate/Glints2/dict_0006_0091" 7728
"/Engine/EngineMaterials/Substrate/Glints2/dict_0006_0086" 7729
"/Engine/EngineMaterials/Substrate/Glints2/dict_0006_0088" 7730
"../../../Engine/Content/EngineMaterials/Substrate/Glints2/dict_0006_0078.uasset" 7731
"../../../Engine/Content/EngineMaterials/Substrate/Glints2/dict_0006_0077.uasset" 7732
"../../../Engine/Content/EngineMaterials/Substrate/Glints2/dict_0006_0087.uasset" 7733
"../../../Engine/Content/EngineMaterials/Substrate/Glints2/dict_0006_0082.uasset" 7734
"../../../Engine/Content/EngineMaterials/Substrate/Glints2/dict_0006_0081.uasset" 7735
"../../../Engine/Content/EngineMaterials/Substrate/Glints2/dict_0006_0089.uasset" 7736
"../../../Engine/Content/EngineMaterials/Substrate/Glints2/dict_0006_0076.uasset" 7737
"../../../Engine/Content/EngineMaterials/Substrate/Glints2/dict_0006_0090.uasset" 7738
"../../../Engine/Content/EngineMaterials/Substrate/Glints2/dict_0006_0080.uasset" 7739
"../../../Engine/Content/EngineMaterials/Substrate/Glints2/dict_0006_0079.uasset" 7740
"/Engine/EngineMaterials/Substrate/Glints2/dict_0006_0081" 7741
"/Engine/EngineMaterials/Substrate/Glints2/dict_0006_0082" 7742
"/Engine/EngineMaterials/Substrate/Glints2/dict_0006_0090" 7743
"/Engine/EngineMaterials/Substrate/Glints2/dict_0006_0079" 7744
"/Engine/EngineMaterials/Substrate/Glints2/dict_0006_0080" 7745
"/Engine/EngineMaterials/Substrate/Glints2/dict_0006_0076" 7746
"/Engine/EngineMaterials/Substrate/Glints2/dict_0006_0077" 7747
"/Engine/EngineMaterials/Substrate/Glints2/dict_0006_0087" 7748
"/Engine/EngineMaterials/Substrate/Glints2/dict_0006_0078" 7749
"/Engine/EngineMaterials/Substrate/Glints2/dict_0006_0089" 7750
"../../../Engine/Content/EngineMaterials/Substrate/Glints2/dict_0006_0070.uasset" 7751
"../../../Engine/Content/EngineMaterials/Substrate/Glints2/dict_0006_0071.uasset" 7752
"../../../Engine/Content/EngineMaterials/Substrate/Glints2/dict_0006_0069.uasset" 7753
"../../../Engine/Content/EngineMaterials/Substrate/Glints2/dict_0006_0068.uasset" 7754
"../../../Engine/Content/EngineMaterials/Substrate/Glints2/dict_0006_0074.uasset" 7755
"/Engine/EngineMaterials/Substrate/Glints2/dict_0006_0070" 7756
"../../../Engine/Content/EngineMaterials/Substrate/Glints2/dict_0006_0066.uasset" 7757
"/Engine/EngineMaterials/Substrate/Glints2/dict_0006_0071" 7758
"../../../Engine/Content/EngineMaterials/Substrate/Glints2/dict_0006_0067.uasset" 7759
"../../../Engine/Content/EngineMaterials/Substrate/Glints2/dict_0006_0073.uasset" 7760
"/Engine/EngineMaterials/Substrate/Glints2/dict_0006_0068" 7761
"/Engine/EngineMaterials/Substrate/Glints2/dict_0006_0074" 7762
"/Engine/EngineMaterials/Substrate/Glints2/dict_0006_0066" 7763
"/Engine/EngineMaterials/Substrate/Glints2/dict_0006_0067" 7764
"/Engine/EngineMaterials/Substrate/Glints2/dict_0006_0069" 7765
"/Engine/EngineMaterials/Substrate/Glints2/dict_0006_0073" 7766
"../../../Engine/Content/EngineMaterials/Substrate/Glints2/dict_0006_0075.uasset" 7767
"../../../Engine/Content/EngineMaterials/Substrate/Glints2/dict_0006_0062.uasset" 7768
"../../../Engine/Content/EngineMaterials/Substrate/Glints2/dict_0006_0072.uasset" 7769
"../../../Engine/Content/EngineMaterials/Substrate/Glints2/dict_0006_0060.uasset" 7770
"../../../Engine/Content/EngineMaterials/Substrate/Glints2/dict_0006_0063.uasset" 7771
"../../../Engine/Content/EngineMaterials/Substrate/Glints2/dict_0006_0061.uasset" 7772
"../../../Engine/Content/EngineMaterials/Substrate/Glints2/dict_0006_0065.uasset" 7773
"../../../Engine/Content/EngineMaterials/Substrate/Glints2/dict_0006_0059.uasset" 7774
"/Engine/EngineMaterials/Substrate/Glints2/dict_0006_0060" 7775
"/Engine/EngineMaterials/Substrate/Glints2/dict_0006_0061" 7776
"/Engine/EngineMaterials/Substrate/Glints2/dict_0006_0062" 7777
"/Engine/EngineMaterials/Substrate/Glints2/dict_0006_0063" 7778
"/Engine/EngineMaterials/Substrate/Glints2/dict_0006_0065" 7779
"/Engine/EngineMaterials/Substrate/Glints2/dict_0006_0075" 7780
"/Engine/EngineMaterials/Substrate/Glints2/dict_0006_0072" 7781
"/Engine/EngineMaterials/Substrate/Glints2/dict_0006_0059" 7782
"../../../Engine/Content/EngineMaterials/Substrate/Glints2/dict_0006_0057.uasset" 7783
"../../../Engine/Content/EngineMaterials/Substrate/Glints2/dict_0006_0064.uasset" 7784
"../../../Engine/Content/EngineMaterials/Substrate/Glints2/dict_0006_0052.uasset" 7785
"../../../Engine/Content/EngineMaterials/Substrate/Glints2/dict_0006_0054.uasset" 7786
"../../../Engine/Content/EngineMaterials/Substrate/Glints2/dict_0006_0056.uasset" 7787
"../../../Engine/Content/EngineMaterials/Substrate/Glints2/dict_0006_0050.uasset" 7788
"../../../Engine/Content/EngineMaterials/Substrate/Glints2/dict_0006_0055.uasset" 7789
"../../../Engine/Content/EngineMaterials/Substrate/Glints2/dict_0006_0058.uasset" 7790
"/Engine/EngineMaterials/Substrate/Glints2/dict_0006_0054" 7791
"../../../Engine/Content/EngineMaterials/Substrate/Glints2/dict_0006_0053.uasset" 7792
"/Engine/EngineMaterials/Substrate/Glints2/dict_0006_0055" 7793
"/Engine/EngineMaterials/Substrate/Glints2/dict_0006_0056" 7794
"/Engine/EngineMaterials/Substrate/Glints2/dict_0006_0057" 7795
"/Engine/EngineMaterials/Substrate/Glints2/dict_0006_0064" 7796
"/Engine/EngineMaterials/Substrate/Glints2/dict_0006_0058" 7797
"/Engine/EngineMaterials/Substrate/Glints2/dict_0006_0050" 7798
"/Engine/EngineMaterials/Substrate/Glints2/dict_0006_0052" 7799
"/Engine/EngineMaterials/Substrate/Glints2/dict_0006_0053" 7800
"../../../Engine/Content/EngineMaterials/Substrate/Glints2/dict_0006_0051.uasset" 7801
"../../../Engine/Content/EngineMaterials/Substrate/Glints2/dict_0006_0047.uasset" 7802
"../../../Engine/Content/EngineMaterials/Substrate/Glints2/dict_0006_0048.uasset" 7803
"../../../Engine/Content/EngineMaterials/Substrate/Glints2/dict_0006_0044.uasset" 7804
"../../../Engine/Content/EngineMaterials/Substrate/Glints2/dict_0006_0046.uasset" 7805
"../../../Engine/Content/EngineMaterials/Substrate/Glints2/dict_0006_0043.uasset" 7806
"../../../Engine/Content/EngineMaterials/Substrate/Glints2/dict_0006_0045.uasset" 7807
"../../../Engine/Content/EngineMaterials/Substrate/Glints2/dict_0006_0042.uasset" 7808
"../../../Engine/Content/EngineMaterials/Substrate/Glints2/dict_0006_0049.uasset" 7809
"../../../Engine/Content/EngineMaterials/Substrate/Glints2/dict_0006_0041.uasset" 7810
"../../../Engine/Content/EngineMaterials/Substrate/Glints2/dict_0006_0035.uasset" 7811
"../../../Engine/Content/EngineMaterials/Substrate/Glints2/dict_0006_0038.uasset" 7812
"../../../Engine/Content/EngineMaterials/Substrate/Glints2/dict_0006_0039.uasset" 7813
"../../../Engine/Content/EngineMaterials/Substrate/Glints2/dict_0006_0040.uasset" 7814
"../../../Engine/Content/EngineMaterials/Substrate/Glints2/dict_0006_0036.uasset" 7815
"../../../Engine/Content/EngineMaterials/Substrate/Glints2/dict_0006_0034.uasset" 7816
"../../../Engine/Content/EngineMaterials/Substrate/Glints2/dict_0006_0032.uasset" 7817
"../../../Engine/Content/EngineMaterials/Substrate/Glints2/dict_0006_0037.uasset" 7818
"../../../Engine/Content/EngineMaterials/Substrate/Glints2/dict_0006_0031.uasset" 7819
"../../../Engine/Content/EngineMaterials/Substrate/Glints2/dict_0006_0033.uasset" 7820
"../../../Engine/Content/EngineMaterials/Substrate/Glints2/dict_0006_0029.uasset" 7821
"../../../Engine/Content/EngineMaterials/Substrate/Glints2/dict_0006_0021.uasset" 7822
"../../../Engine/Content/EngineMaterials/Substrate/Glints2/dict_0006_0025.uasset" 7823
"../../../Engine/Content/EngineMaterials/Substrate/Glints2/dict_0006_0030.uasset" 7824
"../../../Engine/Content/EngineMaterials/Substrate/Glints2/dict_0006_0028.uasset" 7825
"../../../Engine/Content/EngineMaterials/Substrate/Glints2/dict_0006_0024.uasset" 7826
"../../../Engine/Content/EngineMaterials/Substrate/Glints2/dict_0006_0026.uasset" 7827
"../../../Engine/Content/EngineMaterials/Substrate/Glints2/dict_0006_0027.uasset" 7828
"../../../Engine/Content/EngineMaterials/Substrate/Glints2/dict_0006_0022.uasset" 7829
"../../../Engine/Content/EngineMaterials/Substrate/Glints2/dict_0006_0023.uasset" 7830
"../../../Engine/Content/EngineMaterials/Substrate/Glints2/dict_0006_0019.uasset" 7831
"../../../Engine/Content/EngineMaterials/Substrate/Glints2/dict_0006_0020.uasset" 7832
"C:/Users/cjoyn/OneDrive/Documents/Unreal Projects/CIS488UnrealProject/TheMarbelousAscent/DerivedDataCache/VT/TEXTURE_7C16439390E24F1F9468894FB4D4BC55_VTCHUNKD2DAB16BFF152507817E734DBB935160EA97A322" 7833
"C:/Users/cjoyn/OneDrive/Documents/Unreal Projects/CIS488UnrealProject/TheMarbelousAscent/DerivedDataCache/VT/TEXTURE_7C16439390E24F1F9468894FB4D4BC55_VTCHUNK84C05FFC339C0CEFE446DED1628C0AFB5362331E" 7834
"C:/Users/cjoyn/OneDrive/Documents/Unreal Projects/CIS488UnrealProject/TheMarbelousAscent/DerivedDataCache/VT/TEXTURE_7C16439390E24F1F9468894FB4D4BC55_VTCHUNK38740DBD4108040D6985AA56705D97D46F27920C" 7835
"C:/Users/cjoyn/OneDrive/Documents/Unreal Projects/CIS488UnrealProject/TheMarbelousAscent/DerivedDataCache/VT/TEXTURE_7C16439390E24F1F9468894FB4D4BC55_VTCHUNK02D4C3BCAD7DFA48AB32B8281FB06B8B83DB6275" 7836
"C:/Users/cjoyn/OneDrive/Documents/Unreal Projects/CIS488UnrealProject/TheMarbelousAscent/DerivedDataCache/VT/TEXTURE_7C16439390E24F1F9468894FB4D4BC55_VTCHUNKC0393DE8C5B4673D99D1BECB92AA8C1F72FEB491" 7837
"/Engine/EngineMaterials/Substrate/Glints2/dict_0006_0041" 7838
"/Engine/EngineMaterials/Substrate/Glints2/dict_0006_0044" 7839
"/Engine/EngineMaterials/Substrate/Glints2/dict_0006_0045" 7840
"/Engine/EngineMaterials/Substrate/Glints2/dict_0006_0028" 7841
"/Engine/EngineMaterials/Substrate/Glints2/dict_0006_0036" 7842
"/Engine/EngineMaterials/Substrate/Glints2/dict_0006_0042" 7843
"/Engine/EngineMaterials/Substrate/Glints2/dict_0006_0020" 7844
"/Engine/EngineMaterials/Substrate/Glints2/dict_0006_0021" 7845
"/Engine/EngineMaterials/Substrate/Glints2/dict_0006_0022" 7846
"/Engine/EngineMaterials/Substrate/Glints2/dict_0006_0046" 7847
"/Engine/EngineMaterials/Substrate/Glints2/dict_0006_0029" 7848
"/Engine/EngineMaterials/Substrate/Glints2/dict_0006_0030" 7849
"/Engine/EngineMaterials/Substrate/Glints2/dict_0006_0031" 7850
"/Engine/EngineMaterials/Substrate/Glints2/dict_0006_0023" 7851
"/Engine/EngineMaterials/Substrate/Glints2/dict_0006_0047" 7852
"/Engine/EngineMaterials/Substrate/Glints2/dict_0006_0024" 7853
"/Engine/EngineMaterials/Substrate/Glints2/dict_0006_0032" 7854
"/Engine/EngineMaterials/Substrate/Glints2/dict_0006_0037" 7855
"/Engine/EngineMaterials/Substrate/Glints2/dict_0006_0033" 7856
"/Engine/EngineMaterials/Substrate/Glints2/dict_0006_0034" 7857
"/Engine/EngineMaterials/Substrate/Glints2/dict_0006_0025" 7858
"/Engine/EngineMaterials/Substrate/Glints2/dict_0006_0048" 7859
"/Engine/EngineMaterials/Substrate/Glints2/dict_0006_0038" 7860
"/Engine/EngineMaterials/Substrate/Glints2/dict_0006_0049" 7861
"/Engine/EngineMaterials/Substrate/Glints2/dict_0006_0026" 7862
"/Engine/EngineMaterials/Substrate/Glints2/dict_0006_0043" 7863
"/Engine/EngineMaterials/Substrate/Glints2/dict_0006_0051" 7864
"/Engine/EngineMaterials/Substrate/Glints2/dict_0006_0035" 7865
"/Engine/EngineMaterials/Substrate/Glints2/dict_0006_0027" 7866
"/Engine/EngineMaterials/Substrate/Glints2/dict_0006_0039" 7867
"/Engine/EngineMaterials/Substrate/Glints2/dict_0006_0040" 7868
"/Engine/EngineMaterials/Substrate/Glints2/dict_0006_0019" 7869
"../../../Engine/Content/EngineMaterials/Substrate/Glints2/dict_0006_0011.uasset" 7870
"../../../Engine/Content/EngineMaterials/Substrate/Glints2/dict_0006_0014.uasset" 7871
"../../../Engine/Content/EngineMaterials/Substrate/Glints2/dict_0006_0015.uasset" 7872
"../../../Engine/Content/EngineMaterials/Substrate/Glints2/dict_0006_0013.uasset" 7873
"../../../Engine/Content/EngineMaterials/Substrate/Glints2/dict_0006_0017.uasset" 7874
"../../../Engine/Content/EngineMaterials/Substrate/Glints2/dict_0006_0010.uasset" 7875
"/Engine/EngineMaterials/Substrate/Glints2/dict_0006_0011" 7876
"/Engine/EngineMaterials/Substrate/Glints2/dict_0006_0014" 7877
"/Engine/EngineMaterials/Substrate/Glints2/dict_0006_0015" 7878
"/Engine/EngineMaterials/Substrate/Glints2/dict_0006_0010" 7879
"/Engine/EngineMaterials/Substrate/Glints2/dict_0006_0013" 7880
"/Engine/EngineMaterials/Substrate/Glints2/dict_0006_0017" 7881
"../../../Engine/Content/EngineMaterials/Substrate/Glints2/dict_0006_0016.uasset" 7882
"../../../Engine/Content/EngineMaterials/Substrate/Glints2/dict_0006_0009.uasset" 7883
"../../../Engine/Content/EngineMaterials/Substrate/Glints2/dict_0006_0012.uasset" 7884
"../../../Engine/Content/EngineMaterials/Substrate/Glints2/dict_0006_0018.uasset" 7885
"../../../Engine/Content/EngineMaterials/Substrate/Glints2/dict_0006_0003.uasset" 7886
"../../../Engine/Content/EngineMaterials/Substrate/Glints2/dict_0006_0007.uasset" 7887
"../../../Engine/Content/EngineMaterials/Substrate/Glints2/dict_0006_0004.uasset" 7888
"../../../Engine/Content/EngineMaterials/Substrate/Glints2/dict_0006_0006.uasset" 7889
"/Engine/EngineMaterials/Substrate/Glints2/dict_0006_0003" 7890
"/Engine/EngineMaterials/Substrate/Glints2/dict_0006_0004" 7891
"/Engine/EngineMaterials/Substrate/Glints2/dict_0006_0006" 7892
"/Engine/EngineMaterials/Substrate/Glints2/dict_0006_0007" 7893
"../../../Engine/Content/EngineMaterials/Substrate/Glints2/dict_0005_0253.uasset" 7894
"../../../Engine/Content/EngineMaterials/Substrate/Glints2/dict_0006_0005.uasset" 7895
"/Engine/EngineMaterials/Substrate/Glints2/dict_0006_0009" 7896
"../../../Engine/Content/EngineMaterials/Substrate/Glints2/dict_0006_0008.uasset" 7897
"/Engine/EngineMaterials/Substrate/Glints2/dict_0006_0012" 7898
"../../../Engine/Content/EngineMaterials/Substrate/Glints2/dict_0005_0255.uasset" 7899
"/Engine/EngineMaterials/Substrate/Glints2/dict_0006_0016" 7900
"/Engine/EngineMaterials/Substrate/Glints2/dict_0006_0018" 7901
"/Engine/EngineMaterials/Substrate/Glints2/dict_0005_0253" 7902
"/Engine/EngineMaterials/Substrate/Glints2/dict_0005_0255" 7903
"/Engine/EngineMaterials/Substrate/Glints2/dict_0006_0005" 7904
"/Engine/EngineMaterials/Substrate/Glints2/dict_0006_0008" 7905
"../../../Engine/Content/EngineMaterials/Substrate/Glints2/dict_0006_0001.uasset" 7906
"../../../Engine/Content/EngineMaterials/Substrate/Glints2/dict_0005_0254.uasset" 7907
"../../../Engine/Content/EngineMaterials/Substrate/Glints2/dict_0005_0249.uasset" 7908
"../../../Engine/Content/EngineMaterials/Substrate/Glints2/dict_0005_0251.uasset" 7909
"../../../Engine/Content/EngineMaterials/Substrate/Glints2/dict_0006_0002.uasset" 7910
"../../../Engine/Content/EngineMaterials/Substrate/Glints2/dict_0006_0000.uasset" 7911
"../../../Engine/Content/EngineMaterials/Substrate/Glints2/dict_0005_0250.uasset" 7912
"../../../Engine/Content/EngineMaterials/Substrate/Glints2/dict_0005_0248.uasset" 7913
"/Engine/EngineMaterials/Substrate/Glints2/dict_0005_0248" 7914
"../../../Engine/Content/EngineMaterials/Substrate/Glints2/dict_0005_0252.uasset" 7915
"/Engine/EngineMaterials/Substrate/Glints2/dict_0005_0249" 7916
"../../../Engine/Content/EngineMaterials/Substrate/Glints2/dict_0005_0245.uasset" 7917
"/Engine/EngineMaterials/Substrate/Glints2/dict_0005_0250" 7918
"/Engine/EngineMaterials/Substrate/Glints2/dict_0005_0251" 7919
"/Engine/EngineMaterials/Substrate/Glints2/dict_0005_0254" 7920
"/Engine/EngineMaterials/Substrate/Glints2/dict_0006_0000" 7921
"/Engine/EngineMaterials/Substrate/Glints2/dict_0006_0001" 7922
"../../../Engine/Content/EngineMaterials/Substrate/Glints2/dict_0005_0244.uasset" 7923
"/Engine/EngineMaterials/Substrate/Glints2/dict_0006_0002" 7924
"/Engine/EngineMaterials/Substrate/Glints2/dict_0005_0244" 7925
"../../../Engine/Content/EngineMaterials/Substrate/Glints2/dict_0005_0243.uasset" 7926
"/Engine/EngineMaterials/Substrate/Glints2/dict_0005_0245" 7927
"/Engine/EngineMaterials/Substrate/Glints2/dict_0005_0252" 7928
"../../../Engine/Content/EngineMaterials/Substrate/Glints2/dict_0005_0239.uasset" 7929
"/Engine/EngineMaterials/Substrate/Glints2/dict_0005_0243" 7930
"/Engine/EngineMaterials/Substrate/Glints2/dict_0005_0239" 7931
"../../../Engine/Content/EngineMaterials/Substrate/Glints2/dict_0005_0240.uasset" 7932
"/Engine/EngineMaterials/Substrate/Glints2/dict_0005_0240" 7933
"../../../Engine/Content/EngineMaterials/Substrate/Glints2/dict_0005_0241.uasset" 7934
"../../../Engine/Content/EngineMaterials/Substrate/Glints2/dict_0005_0236.uasset" 7935
"../../../Engine/Content/EngineMaterials/Substrate/Glints2/dict_0005_0238.uasset" 7936
"../../../Engine/Content/EngineMaterials/Substrate/Glints2/dict_0005_0235.uasset" 7937
"../../../Engine/Content/EngineMaterials/Substrate/Glints2/dict_0005_0237.uasset" 7938
"../../../Engine/Content/EngineMaterials/Substrate/Glints2/dict_0005_0234.uasset" 7939
"../../../Engine/Content/EngineMaterials/Substrate/Glints2/dict_0005_0233.uasset" 7940
"/Engine/EngineMaterials/Substrate/Glints2/dict_0005_0233" 7941
"../../../Engine/Content/EngineMaterials/Substrate/Glints2/dict_0005_0246.uasset" 7942
"../../../Engine/Content/EngineMaterials/Substrate/Glints2/dict_0005_0242.uasset" 7943
"/Engine/EngineMaterials/Substrate/Glints2/dict_0005_0237" 7944
"/Engine/EngineMaterials/Substrate/Glints2/dict_0005_0234" 7945
"/Engine/EngineMaterials/Substrate/Glints2/dict_0005_0238" 7946
"/Engine/EngineMaterials/Substrate/Glints2/dict_0005_0241" 7947
"/Engine/EngineMaterials/Substrate/Glints2/dict_0005_0235" 7948
"/Engine/EngineMaterials/Substrate/Glints2/dict_0005_0236" 7949
"/Engine/EngineMaterials/Substrate/Glints2/dict_0005_0246" 7950
"/Engine/EngineMaterials/Substrate/Glints2/dict_0005_0242" 7951
"../../../Engine/Content/EngineMaterials/Substrate/Glints2/dict_0005_0232.uasset" 7952
"../../../Engine/Content/EngineMaterials/Substrate/Glints2/dict_0005_0229.uasset" 7953
"../../../Engine/Content/EngineMaterials/Substrate/Glints2/dict_0005_0231.uasset" 7954
"../../../Engine/Content/EngineMaterials/Substrate/Glints2/dict_0005_0230.uasset" 7955
"../../../Engine/Content/EngineMaterials/Substrate/Glints2/dict_0005_0226.uasset" 7956
"../../../Engine/Content/EngineMaterials/Substrate/Glints2/dict_0005_0227.uasset" 7957
"../../../Engine/Content/EngineMaterials/Substrate/Glints2/dict_0005_0247.uasset" 7958
"../../../Engine/Content/EngineMaterials/Substrate/Glints2/dict_0005_0228.uasset" 7959
"../../../Engine/Content/EngineMaterials/Substrate/Glints2/dict_0005_0223.uasset" 7960
"../../../Engine/Content/EngineMaterials/Substrate/Glints2/dict_0005_0221.uasset" 7961
"/Engine/EngineMaterials/Substrate/Glints2/dict_0005_0247" 7962
"../../../Engine/Content/EngineMaterials/Substrate/Glints2/dict_0005_0219.uasset" 7963
"../../../Engine/Content/EngineMaterials/Substrate/Glints2/dict_0005_0218.uasset" 7964
"../../../Engine/Content/EngineMaterials/Substrate/Glints2/dict_0005_0222.uasset" 7965
"/Engine/EngineMaterials/Substrate/Glints2/dict_0005_0221" 7966
"../../../Engine/Content/EngineMaterials/Substrate/Glints2/dict_0005_0224.uasset" 7967
"../../../Engine/Content/EngineMaterials/Substrate/Glints2/dict_0005_0220.uasset" 7968
"/Engine/EngineMaterials/Substrate/Glints2/dict_0005_0226" 7969
"/Engine/EngineMaterials/Substrate/Glints2/dict_0005_0223" 7970
"/Engine/EngineMaterials/Substrate/Glints2/dict_0005_0229" 7971
"/Engine/EngineMaterials/Substrate/Glints2/dict_0005_0230" 7972
"../../../Engine/Content/EngineMaterials/Substrate/Glints2/dict_0005_0216.uasset" 7973
"/Engine/EngineMaterials/Substrate/Glints2/dict_0005_0227" 7974
"/Engine/EngineMaterials/Substrate/Glints2/dict_0005_0231" 7975
"/Engine/EngineMaterials/Substrate/Glints2/dict_0005_0232" 7976
"/Engine/EngineMaterials/Substrate/Glints2/dict_0005_0228" 7977
"/Engine/EngineMaterials/Substrate/Glints2/dict_0005_0218" 7978
"/Engine/EngineMaterials/Substrate/Glints2/dict_0005_0219" 7979
"../../../Engine/Content/EngineMaterials/Substrate/Glints2/dict_0005_0217.uasset" 7980
"/Engine/EngineMaterials/Substrate/Glints2/dict_0005_0220" 7981
"/Engine/EngineMaterials/Substrate/Glints2/dict_0005_0216" 7982
"/Engine/EngineMaterials/Substrate/Glints2/dict_0005_0222" 7983
"../../../Engine/Content/EngineMaterials/Substrate/Glints2/dict_0005_0215.uasset" 7984
"/Engine/EngineMaterials/Substrate/Glints2/dict_0005_0224" 7985
"/Engine/EngineMaterials/Substrate/Glints2/dict_0005_0215" 7986
"/Engine/EngineMaterials/Substrate/Glints2/dict_0005_0217" 7987
"../../../Engine/Content/EngineMaterials/Substrate/Glints2/dict_0005_0213.uasset" 7988
"../../../Engine/Content/EngineMaterials/Substrate/Glints2/dict_0005_0210.uasset" 7989
"../../../Engine/Content/EngineMaterials/Substrate/Glints2/dict_0005_0211.uasset" 7990
"../../../Engine/Content/EngineMaterials/Substrate/Glints2/dict_0005_0214.uasset" 7991
"../../../Engine/Content/EngineMaterials/Substrate/Glints2/dict_0005_0212.uasset" 7992
"../../../Engine/Content/EngineMaterials/Substrate/Glints2/dict_0005_0225.uasset" 7993
"../../../Engine/Content/EngineMaterials/Substrate/Glints2/dict_0005_0208.uasset" 7994
"../../../Engine/Content/EngineMaterials/Substrate/Glints2/dict_0005_0209.uasset" 7995
"../../../Engine/Content/EngineMaterials/Substrate/Glints2/dict_0005_0207.uasset" 7996
"/Engine/EngineMaterials/Substrate/Glints2/dict_0005_0212" 7997
"/Engine/EngineMaterials/Substrate/Glints2/dict_0005_0214" 7998
"/Engine/EngineMaterials/Substrate/Glints2/dict_0005_0225" 7999
"../../../Engine/Content/EngineMaterials/Substrate/Glints2/dict_0005_0204.uasset" 8000
"../../../Engine/Content/EngineMaterials/Substrate/Glints2/dict_0005_0201.uasset" 8001
"../../../Engine/Content/EngineMaterials/Substrate/Glints2/dict_0005_0205.uasset" 8002
"/Engine/EngineMaterials/Substrate/Glints2/dict_0005_0211" 8003
"../../../Engine/Content/EngineMaterials/Substrate/Glints2/dict_0005_0198.uasset" 8004
"/Engine/EngineMaterials/Substrate/Glints2/dict_0005_0207" 8005
"../../../Engine/Content/EngineMaterials/Substrate/Glints2/dict_0005_0203.uasset" 8006
"/Engine/EngineMaterials/Substrate/Glints2/dict_0005_0208" 8007
"/Engine/EngineMaterials/Substrate/Glints2/dict_0005_0209" 8008
"/Engine/EngineMaterials/Substrate/Glints2/dict_0005_0213" 8009
"/Engine/EngineMaterials/Substrate/Glints2/dict_0005_0210" 8010
"/Engine/EngineMaterials/Substrate/Glints2/dict_0005_0198" 8011
"/Engine/EngineMaterials/Substrate/Glints2/dict_0005_0201" 8012
"../../../Engine/Content/EngineMaterials/Substrate/Glints2/dict_0005_0206.uasset" 8013
"/Engine/EngineMaterials/Substrate/Glints2/dict_0005_0204" 8014
"/Engine/EngineMaterials/Substrate/Glints2/dict_0005_0205" 8015
"../../../Engine/Content/EngineMaterials/Substrate/Glints2/dict_0005_0197.uasset" 8016
"/Engine/EngineMaterials/Substrate/Glints2/dict_0005_0203" 8017
"/Engine/EngineMaterials/Substrate/Glints2/dict_0005_0197" 8018
"/Engine/EngineMaterials/Substrate/Glints2/dict_0005_0206" 8019
"../../../Engine/Content/EngineMaterials/Substrate/Glints2/dict_0005_0199.uasset" 8020
"../../../Engine/Content/EngineMaterials/Substrate/Glints2/dict_0005_0196.uasset" 8021
"../../../Engine/Content/EngineMaterials/Substrate/Glints2/dict_0005_0194.uasset" 8022
"../../../Engine/Content/EngineMaterials/Substrate/Glints2/dict_0005_0202.uasset" 8023
"../../../Engine/Content/EngineMaterials/Substrate/Glints2/dict_0005_0195.uasset" 8024
"/Engine/EngineMaterials/Substrate/Glints2/dict_0005_0202" 8025
"/Engine/EngineMaterials/Substrate/Glints2/dict_0005_0194" 8026
"/Engine/EngineMaterials/Substrate/Glints2/dict_0005_0195" 8027
"/Engine/EngineMaterials/Substrate/Glints2/dict_0005_0196" 8028
"/Engine/EngineMaterials/Substrate/Glints2/dict_0005_0199" 8029
"../../../Engine/Content/EngineMaterials/Substrate/Glints2/dict_0005_0187.uasset" 8030
"../../../Engine/Content/EngineMaterials/Substrate/Glints2/dict_0005_0191.uasset" 8031
"../../../Engine/Content/EngineMaterials/Substrate/Glints2/dict_0005_0190.uasset" 8032
"../../../Engine/Content/EngineMaterials/Substrate/Glints2/dict_0005_0188.uasset" 8033
"../../../Engine/Content/EngineMaterials/Substrate/Glints2/dict_0005_0189.uasset" 8034
"../../../Engine/Content/EngineMaterials/Substrate/Glints2/dict_0005_0192.uasset" 8035
"../../../Engine/Content/EngineMaterials/Substrate/Glints2/dict_0005_0185.uasset" 8036
"../../../Engine/Content/EngineMaterials/Substrate/Glints2/dict_0005_0200.uasset" 8037
"../../../Engine/Content/EngineMaterials/Substrate/Glints2/dict_0005_0193.uasset" 8038
"/Engine/EngineMaterials/Substrate/Glints2/dict_0005_0192" 8039
"/Engine/EngineMaterials/Substrate/Glints2/dict_0005_0185" 8040
"/Engine/EngineMaterials/Substrate/Glints2/dict_0005_0187" 8041
"/Engine/EngineMaterials/Substrate/Glints2/dict_0005_0188" 8042
"../../../Engine/Content/EngineMaterials/Substrate/Glints2/dict_0005_0181.uasset" 8043
"../../../Engine/Content/EngineMaterials/Substrate/Glints2/dict_0005_0183.uasset" 8044
"/Engine/EngineMaterials/Substrate/Glints2/dict_0005_0189" 8045
"../../../Engine/Content/EngineMaterials/Substrate/Glints2/dict_0005_0178.uasset" 8046
"../../../Engine/Content/EngineMaterials/Substrate/Glints2/dict_0005_0184.uasset" 8047
"/Engine/EngineMaterials/Substrate/Glints2/dict_0005_0193" 8048
"/Engine/EngineMaterials/Substrate/Glints2/dict_0005_0190" 8049
"../../../Engine/Content/EngineMaterials/Substrate/Glints2/dict_0005_0182.uasset" 8050
"/Engine/EngineMaterials/Substrate/Glints2/dict_0005_0191" 8051
"../../../Engine/Content/EngineMaterials/Substrate/Glints2/dict_0005_0179.uasset" 8052
"/Engine/EngineMaterials/Substrate/Glints2/dict_0005_0200" 8053
"/Engine/EngineMaterials/Substrate/Glints2/dict_0005_0184" 8054
"/Engine/EngineMaterials/Substrate/Glints2/dict_0005_0178" 8055
"/Engine/EngineMaterials/Substrate/Glints2/dict_0005_0179" 8056
"/Engine/EngineMaterials/Substrate/Glints2/dict_0005_0181" 8057
"/Engine/EngineMaterials/Substrate/Glints2/dict_0005_0182" 8058
"/Engine/EngineMaterials/Substrate/Glints2/dict_0005_0183" 8059
"../../../Engine/Content/EngineMaterials/Substrate/Glints2/dict_0005_0180.uasset" 8060
"../../../Engine/Content/EngineMaterials/Substrate/Glints2/dict_0005_0172.uasset" 8061
"../../../Engine/Content/EngineMaterials/Substrate/Glints2/dict_0005_0173.uasset" 8062
"../../../Engine/Content/EngineMaterials/Substrate/Glints2/dict_0005_0174.uasset" 8063
"../../../Engine/Content/EngineMaterials/Substrate/Glints2/dict_0005_0170.uasset" 8064
"../../../Engine/Content/EngineMaterials/Substrate/Glints2/dict_0005_0186.uasset" 8065
"../../../Engine/Content/EngineMaterials/Substrate/Glints2/dict_0005_0175.uasset" 8066
"/Engine/EngineMaterials/Substrate/Glints2/dict_0005_0175" 8067
"/Engine/EngineMaterials/Substrate/Glints2/dict_0005_0186" 8068
"/Engine/EngineMaterials/Substrate/Glints2/dict_0005_0170" 8069
"/Engine/EngineMaterials/Substrate/Glints2/dict_0005_0172" 8070
"../../../Engine/Content/EngineMaterials/Substrate/Glints2/dict_0005_0169.uasset" 8071
"/Engine/EngineMaterials/Substrate/Glints2/dict_0005_0173" 8072
"/Engine/EngineMaterials/Substrate/Glints2/dict_0005_0180" 8073
"../../../Engine/Content/EngineMaterials/Substrate/Glints2/dict_0005_0168.uasset" 8074
"../../../Engine/Content/EngineMaterials/Substrate/Glints2/dict_0005_0166.uasset" 8075
"../../../Engine/Content/EngineMaterials/Substrate/Glints2/dict_0005_0171.uasset" 8076
"../../../Engine/Content/EngineMaterials/Substrate/Glints2/dict_0005_0177.uasset" 8077
"/Engine/EngineMaterials/Substrate/Glints2/dict_0005_0174" 8078
"../../../Engine/Content/EngineMaterials/Substrate/Glints2/dict_0005_0167.uasset" 8079
"/Engine/EngineMaterials/Substrate/Glints2/dict_0005_0177" 8080
"/Engine/EngineMaterials/Substrate/Glints2/dict_0005_0166" 8081
"/Engine/EngineMaterials/Substrate/Glints2/dict_0005_0168" 8082
"/Engine/EngineMaterials/Substrate/Glints2/dict_0005_0171" 8083
"../../../Engine/Content/EngineMaterials/Substrate/Glints2/dict_0005_0163.uasset" 8084
"/Engine/EngineMaterials/Substrate/Glints2/dict_0005_0169" 8085
"/Engine/EngineMaterials/Substrate/Glints2/dict_0005_0163" 8086
"/Engine/EngineMaterials/Substrate/Glints2/dict_0005_0167" 8087
"../../../Engine/Content/EngineMaterials/Substrate/Glints2/dict_0005_0165.uasset" 8088
"../../../Engine/Content/EngineMaterials/Substrate/Glints2/dict_0005_0160.uasset" 8089
"../../../Engine/Content/EngineMaterials/Substrate/Glints2/dict_0005_0161.uasset" 8090
"../../../Engine/Content/EngineMaterials/Substrate/Glints2/dict_0005_0162.uasset" 8091
"../../../Engine/Content/EngineMaterials/Substrate/Glints2/dict_0005_0159.uasset" 8092
"../../../Engine/Content/EngineMaterials/Substrate/Glints2/dict_0005_0156.uasset" 8093
"../../../Engine/Content/EngineMaterials/Substrate/Glints2/dict_0005_0157.uasset" 8094
"../../../Engine/Content/EngineMaterials/Substrate/Glints2/dict_0005_0158.uasset" 8095
"../../../Engine/Content/EngineMaterials/Substrate/Glints2/dict_0005_0176.uasset" 8096
"../../../Engine/Content/EngineMaterials/Substrate/Glints2/dict_0005_0164.uasset" 8097
"/Engine/EngineMaterials/Substrate/Glints2/dict_0005_0176" 8098
"../../../Engine/Content/EngineMaterials/Substrate/Glints2/dict_0005_0154.uasset" 8099
"../../../Engine/Content/EngineMaterials/Substrate/Glints2/dict_0005_0152.uasset" 8100
"../../../Engine/Content/EngineMaterials/Substrate/Glints2/dict_0005_0153.uasset" 8101
"/Engine/EngineMaterials/Substrate/Glints2/dict_0005_0156" 8102
"../../../Engine/Content/EngineMaterials/Substrate/Glints2/dict_0005_0155.uasset" 8103
"../../../Engine/Content/EngineMaterials/Substrate/Glints2/dict_0005_0151.uasset" 8104
"/Engine/EngineMaterials/Substrate/Glints2/dict_0005_0157" 8105
"/Engine/EngineMaterials/Substrate/Glints2/dict_0005_0158" 8106
"/Engine/EngineMaterials/Substrate/Glints2/dict_0005_0159" 8107
"/Engine/EngineMaterials/Substrate/Glints2/dict_0005_0164" 8108
"/Engine/EngineMaterials/Substrate/Glints2/dict_0005_0160" 8109
"/Engine/EngineMaterials/Substrate/Glints2/dict_0005_0165" 8110
"/Engine/EngineMaterials/Substrate/Glints2/dict_0005_0161" 8111
"/Engine/EngineMaterials/Substrate/Glints2/dict_0005_0162" 8112
"../../../Engine/Content/EngineMaterials/Substrate/Glints2/dict_0005_0148.uasset" 8113
"/Engine/EngineMaterials/Substrate/Glints2/dict_0005_0154" 8114
"/Engine/EngineMaterials/Substrate/Glints2/dict_0005_0155" 8115
"../../../Engine/Content/EngineMaterials/Substrate/Glints2/dict_0005_0149.uasset" 8116
"/Engine/EngineMaterials/Substrate/Glints2/dict_0005_0151" 8117
"../../../Engine/Content/EngineMaterials/Substrate/Glints2/dict_0005_0150.uasset" 8118
"/Engine/EngineMaterials/Substrate/Glints2/dict_0005_0152" 8119
"../../../Engine/Content/EngineMaterials/Substrate/Glints2/dict_0005_0147.uasset" 8120
"/Engine/EngineMaterials/Substrate/Glints2/dict_0005_0153" 8121
"../../../Engine/Content/EngineMaterials/Substrate/Glints2/dict_0005_0145.uasset" 8122
"/Engine/EngineMaterials/Substrate/Glints2/dict_0005_0148" 8123
"/Engine/EngineMaterials/Substrate/Glints2/dict_0005_0145" 8124
"../../../Engine/Content/EngineMaterials/Substrate/Glints2/dict_0005_0143.uasset" 8125
"/Engine/EngineMaterials/Substrate/Glints2/dict_0005_0149" 8126
"/Engine/EngineMaterials/Substrate/Glints2/dict_0005_0150" 8127
"/Engine/EngineMaterials/Substrate/Glints2/dict_0005_0147" 8128
"../../../Engine/Content/EngineMaterials/Substrate/Glints2/dict_0005_0142.uasset" 8129
"../../../Engine/Content/EngineMaterials/Substrate/Glints2/dict_0005_0141.uasset" 8130
"/Engine/EngineMaterials/Substrate/Glints2/dict_0005_0142" 8131
"/Engine/EngineMaterials/Substrate/Glints2/dict_0005_0143" 8132
"/Engine/EngineMaterials/Substrate/Glints2/dict_0005_0141" 8133
"../../../Engine/Content/EngineMaterials/Substrate/Glints2/dict_0005_0138.uasset" 8134
"/Engine/EngineMaterials/Substrate/Glints2/dict_0005_0138" 8135
"../../../Engine/Content/EngineMaterials/Substrate/Glints2/dict_0005_0144.uasset" 8136
"../../../Engine/Content/EngineMaterials/Substrate/Glints2/dict_0005_0136.uasset" 8137
"../../../Engine/Content/EngineMaterials/Substrate/Glints2/dict_0005_0140.uasset" 8138
"../../../Engine/Content/EngineMaterials/Substrate/Glints2/dict_0005_0135.uasset" 8139
"../../../Engine/Content/EngineMaterials/Substrate/Glints2/dict_0005_0133.uasset" 8140
"../../../Engine/Content/EngineMaterials/Substrate/Glints2/dict_0005_0134.uasset" 8141
"../../../Engine/Content/EngineMaterials/Substrate/Glints2/dict_0005_0137.uasset" 8142
"/Engine/EngineMaterials/Substrate/Glints2/dict_0005_0134" 8143
"/Engine/EngineMaterials/Substrate/Glints2/dict_0005_0136" 8144
"../../../Engine/Content/EngineMaterials/Substrate/Glints2/dict_0005_0139.uasset" 8145
"../../../Engine/Content/EngineMaterials/Substrate/Glints2/dict_0005_0131.uasset" 8146
"../../../Engine/Content/EngineMaterials/Substrate/Glints2/dict_0005_0126.uasset" 8147
"/Engine/EngineMaterials/Substrate/Glints2/dict_0005_0137" 8148
"../../../Engine/Content/EngineMaterials/Substrate/Glints2/dict_0005_0132.uasset" 8149
"../../../Engine/Content/EngineMaterials/Substrate/Glints2/dict_0005_0130.uasset" 8150
"/Engine/EngineMaterials/Substrate/Glints2/dict_0005_0135" 8151
"../../../Engine/Content/EngineMaterials/Substrate/Glints2/dict_0005_0127.uasset" 8152
"/Engine/EngineMaterials/Substrate/Glints2/dict_0005_0133" 8153
"/Engine/EngineMaterials/Substrate/Glints2/dict_0005_0144" 8154
"/Engine/EngineMaterials/Substrate/Glints2/dict_0005_0140" 8155
"/Engine/EngineMaterials/Substrate/Glints2/dict_0005_0126" 8156
"/Engine/EngineMaterials/Substrate/Glints2/dict_0005_0127" 8157
"../../../Engine/Content/EngineMaterials/Substrate/Glints2/dict_0005_0128.uasset" 8158
"../../../Engine/Content/EngineMaterials/Substrate/Glints2/dict_0005_0129.uasset" 8159
"/Engine/EngineMaterials/Substrate/Glints2/dict_0005_0130" 8160
"/Engine/EngineMaterials/Substrate/Glints2/dict_0005_0131" 8161
"../../../Engine/Content/EngineMaterials/Substrate/Glints2/dict_0005_0123.uasset" 8162
"/Engine/EngineMaterials/Substrate/Glints2/dict_0005_0132" 8163
"../../../Engine/Content/EngineMaterials/Substrate/Glints2/dict_0005_0125.uasset" 8164
"../../../Engine/Content/EngineMaterials/Substrate/Glints2/dict_0005_0120.uasset" 8165
"../../../Engine/Content/EngineMaterials/Substrate/Glints2/dict_0005_0122.uasset" 8166
"/Engine/EngineMaterials/Substrate/Glints2/dict_0005_0139" 8167
"/Engine/EngineMaterials/Substrate/Glints2/dict_0005_0120" 8168
"../../../Engine/Content/EngineMaterials/Substrate/Glints2/dict_0005_0121.uasset" 8169
"/Engine/EngineMaterials/Substrate/Glints2/dict_0005_0125" 8170
"/Engine/EngineMaterials/Substrate/Glints2/dict_0005_0128" 8171
"/Engine/EngineMaterials/Substrate/Glints2/dict_0005_0129" 8172
"/Engine/EngineMaterials/Substrate/Glints2/dict_0005_0122" 8173
"/Engine/EngineMaterials/Substrate/Glints2/dict_0005_0123" 8174
"/Engine/EngineMaterials/Substrate/Glints2/dict_0005_0121" 8175
"../../../Engine/Content/EngineMaterials/Substrate/Glints2/dict_0005_0118.uasset" 8176
"../../../Engine/Content/EngineMaterials/Substrate/Glints2/dict_0005_0117.uasset" 8177
"../../../Engine/Content/EngineMaterials/Substrate/Glints2/dict_0005_0114.uasset" 8178
"../../../Engine/Content/EngineMaterials/Substrate/Glints2/dict_0005_0115.uasset" 8179
"../../../Engine/Content/EngineMaterials/Substrate/Glints2/dict_0005_0119.uasset" 8180
"../../../Engine/Content/EngineMaterials/Substrate/Glints2/dict_0005_0124.uasset" 8181
"../../../Engine/Content/EngineMaterials/Substrate/Glints2/dict_0005_0146.uasset" 8182
"../../../Engine/Content/EngineMaterials/Substrate/Glints2/dict_0005_0113.uasset" 8183
"../../../Engine/Content/EngineMaterials/Substrate/Glints2/dict_0005_0116.uasset" 8184
"../../../Engine/Content/EngineMaterials/Substrate/Glints2/dict_0005_0112.uasset" 8185
"../../../Engine/Content/EngineMaterials/Substrate/Glints2/dict_0005_0110.uasset" 8186
"/Engine/EngineMaterials/Substrate/Glints2/dict_0005_0124" 8187
"/Engine/EngineMaterials/Substrate/Glints2/dict_0005_0114" 8188
"/Engine/EngineMaterials/Substrate/Glints2/dict_0005_0119" 8189
"../../../Engine/Content/EngineMaterials/Substrate/Glints2/dict_0005_0111.uasset" 8190
"/Engine/EngineMaterials/Substrate/Glints2/dict_0005_0112" 8191
"../../../Engine/Content/EngineMaterials/Substrate/Glints2/dict_0005_0108.uasset" 8192
"../../../Engine/Content/EngineMaterials/Substrate/Glints2/dict_0005_0109.uasset" 8193
"/Engine/EngineMaterials/Substrate/Glints2/dict_0005_0110" 8194
"/Engine/EngineMaterials/Substrate/Glints2/dict_0005_0113" 8195
"/Engine/EngineMaterials/Substrate/Glints2/dict_0005_0115" 8196
"/Engine/EngineMaterials/Substrate/Glints2/dict_0005_0116" 8197
"/Engine/EngineMaterials/Substrate/Glints2/dict_0005_0117" 8198
"/Engine/EngineMaterials/Substrate/Glints2/dict_0005_0146" 8199
"../../../Engine/Content/EngineMaterials/Substrate/Glints2/dict_0005_0104.uasset" 8200
"/Engine/EngineMaterials/Substrate/Glints2/dict_0005_0118" 8201
"../../../Engine/Content/EngineMaterials/Substrate/Glints2/dict_0005_0106.uasset" 8202
"/Engine/EngineMaterials/Substrate/Glints2/dict_0005_0111" 8203
"../../../Engine/Content/EngineMaterials/Substrate/Glints2/dict_0005_0103.uasset" 8204
"/Engine/EngineMaterials/Substrate/Glints2/dict_0005_0104" 8205
"/Engine/EngineMaterials/Substrate/Glints2/dict_0005_0106" 8206
"/Engine/EngineMaterials/Substrate/Glints2/dict_0005_0108" 8207
"/Engine/EngineMaterials/Substrate/Glints2/dict_0005_0109" 8208
"/Engine/EngineMaterials/Substrate/Glints2/dict_0005_0103" 8209
"../../../Engine/Content/EngineMaterials/Substrate/Glints2/dict_0005_0105.uasset" 8210
"../../../Engine/Content/EngineMaterials/Substrate/Glints2/dict_0005_0102.uasset" 8211
"../../../Engine/Content/EngineMaterials/Substrate/Glints2/dict_0005_0098.uasset" 8212
"../../../Engine/Content/EngineMaterials/Substrate/Glints2/dict_0005_0099.uasset" 8213
"../../../Engine/Content/EngineMaterials/Substrate/Glints2/dict_0005_0107.uasset" 8214
"../../../Engine/Content/EngineMaterials/Substrate/Glints2/dict_0005_0101.uasset" 8215
"../../../Engine/Content/EngineMaterials/Substrate/Glints2/dict_0005_0095.uasset" 8216
"../../../Engine/Content/EngineMaterials/Substrate/Glints2/dict_0005_0100.uasset" 8217
"/Engine/EngineMaterials/Substrate/Glints2/dict_0005_0098" 8218
"../../../Engine/Content/EngineMaterials/Substrate/Glints2/dict_0005_0097.uasset" 8219
"/Engine/EngineMaterials/Substrate/Glints2/dict_0005_0099" 8220
"../../../Engine/Content/EngineMaterials/Substrate/Glints2/dict_0005_0090.uasset" 8221
"../../../Engine/Content/EngineMaterials/Substrate/Glints2/dict_0005_0094.uasset" 8222
"/Engine/EngineMaterials/Substrate/Glints2/dict_0005_0100" 8223
"/Engine/EngineMaterials/Substrate/Glints2/dict_0005_0101" 8224
"/Engine/EngineMaterials/Substrate/Glints2/dict_0005_0105" 8225
"../../../Engine/Content/EngineMaterials/Substrate/Glints2/dict_0005_0092.uasset" 8226
"/Engine/EngineMaterials/Substrate/Glints2/dict_0005_0107" 8227
"../../../Engine/Content/EngineMaterials/Substrate/Glints2/dict_0005_0091.uasset" 8228
"/Engine/EngineMaterials/Substrate/Glints2/dict_0005_0102" 8229
"/Engine/EngineMaterials/Substrate/Glints2/dict_0005_0095" 8230
"/Engine/EngineMaterials/Substrate/Glints2/dict_0005_0091" 8231
"/Engine/EngineMaterials/Substrate/Glints2/dict_0005_0092" 8232
"/Engine/EngineMaterials/Substrate/Glints2/dict_0005_0097" 8233
"/Engine/EngineMaterials/Substrate/Glints2/dict_0005_0094" 8234
"/Engine/EngineMaterials/Substrate/Glints2/dict_0005_0090" 8235
"../../../Engine/Content/EngineMaterials/Substrate/Glints2/dict_0005_0093.uasset" 8236
"../../../Engine/Content/EngineMaterials/Substrate/Glints2/dict_0005_0096.uasset" 8237
"../../../Engine/Content/EngineMaterials/Substrate/Glints2/dict_0005_0087.uasset" 8238
"../../../Engine/Content/EngineMaterials/Substrate/Glints2/dict_0005_0088.uasset" 8239
"../../../Engine/Content/EngineMaterials/Substrate/Glints2/dict_0005_0089.uasset" 8240
"../../../Engine/Content/EngineMaterials/Substrate/Glints2/dict_0005_0084.uasset" 8241
"../../../Engine/Content/EngineMaterials/Substrate/Glints2/dict_0005_0086.uasset" 8242
"../../../Engine/Content/EngineMaterials/Substrate/Glints2/dict_0005_0082.uasset" 8243
"../../../Engine/Content/EngineMaterials/Substrate/Glints2/dict_0005_0083.uasset" 8244
"/Engine/EngineMaterials/Substrate/Glints2/dict_0005_0082" 8245
"/Engine/EngineMaterials/Substrate/Glints2/dict_0005_0093" 8246
"../../../Engine/Content/EngineMaterials/Substrate/Glints2/dict_0005_0081.uasset" 8247
"/Engine/EngineMaterials/Substrate/Glints2/dict_0005_0083" 8248
"/Engine/EngineMaterials/Substrate/Glints2/dict_0005_0084" 8249
"/Engine/EngineMaterials/Substrate/Glints2/dict_0005_0086" 8250
"/Engine/EngineMaterials/Substrate/Glints2/dict_0005_0087" 8251
"/Engine/EngineMaterials/Substrate/Glints2/dict_0005_0088" 8252
"/Engine/EngineMaterials/Substrate/Glints2/dict_0005_0089" 8253
"/Engine/EngineMaterials/Substrate/Glints2/dict_0005_0096" 8254
"/Engine/EngineMaterials/Substrate/Glints2/dict_0005_0081" 8255
"../../../Engine/Content/EngineMaterials/Substrate/Glints2/dict_0005_0080.uasset" 8256
"../../../Engine/Content/EngineMaterials/Substrate/Glints2/dict_0005_0085.uasset" 8257
"../../../Engine/Content/EngineMaterials/Substrate/Glints2/dict_0005_0079.uasset" 8258
"../../../Engine/Content/EngineMaterials/Substrate/Glints2/dict_0005_0073.uasset" 8259
"../../../Engine/Content/EngineMaterials/Substrate/Glints2/dict_0005_0077.uasset" 8260
"../../../Engine/Content/EngineMaterials/Substrate/Glints2/dict_0005_0078.uasset" 8261
"../../../Engine/Content/EngineMaterials/Substrate/Glints2/dict_0005_0074.uasset" 8262
"../../../Engine/Content/EngineMaterials/Substrate/Glints2/dict_0005_0076.uasset" 8263
"../../../Engine/Content/EngineMaterials/Substrate/Glints2/dict_0005_0075.uasset" 8264
"../../../Engine/Content/EngineMaterials/Substrate/Glints2/dict_0005_0072.uasset" 8265
"../../../Engine/Content/EngineMaterials/Substrate/Glints2/dict_0005_0071.uasset" 8266
"../../../Engine/Content/EngineMaterials/Substrate/Glints2/dict_0005_0063.uasset" 8267
"../../../Engine/Content/EngineMaterials/Substrate/Glints2/dict_0005_0070.uasset" 8268
"../../../Engine/Content/EngineMaterials/Substrate/Glints2/dict_0005_0069.uasset" 8269
"../../../Engine/Content/EngineMaterials/Substrate/Glints2/dict_0005_0068.uasset" 8270
"../../../Engine/Content/EngineMaterials/Substrate/Glints2/dict_0005_0065.uasset" 8271
"../../../Engine/Content/EngineMaterials/Substrate/Glints2/dict_0005_0067.uasset" 8272
"../../../Engine/Content/EngineMaterials/Substrate/Glints2/dict_0005_0066.uasset" 8273
"../../../Engine/Content/EngineMaterials/Substrate/Glints2/dict_0005_0062.uasset" 8274
"../../../Engine/Content/EngineMaterials/Substrate/Glints2/dict_0005_0064.uasset" 8275
"../../../Engine/Content/EngineMaterials/Substrate/Glints2/dict_0005_0056.uasset" 8276
"../../../Engine/Content/EngineMaterials/Substrate/Glints2/dict_0005_0058.uasset" 8277
"../../../Engine/Content/EngineMaterials/Substrate/Glints2/dict_0005_0059.uasset" 8278
"../../../Engine/Content/EngineMaterials/Substrate/Glints2/dict_0005_0057.uasset" 8279
"../../../Engine/Content/EngineMaterials/Substrate/Glints2/dict_0005_0061.uasset" 8280
"../../../Engine/Content/EngineMaterials/Substrate/Glints2/dict_0005_0060.uasset" 8281
"../../../Engine/Content/EngineMaterials/Substrate/Glints2/dict_0005_0054.uasset" 8282
"../../../Engine/Content/EngineMaterials/Substrate/Glints2/dict_0005_0055.uasset" 8283
"../../../Engine/Content/EngineMaterials/Substrate/Glints2/dict_0005_0053.uasset" 8284
"../../../Engine/Content/EngineMaterials/Substrate/Glints2/dict_0005_0050.uasset" 8285
"../../../Engine/Content/EngineMaterials/Substrate/Glints2/dict_0005_0052.uasset" 8286
"../../../Engine/Content/EngineMaterials/Substrate/Glints2/dict_0005_0051.uasset" 8287
"/Engine/EngineMaterials/Substrate/Glints2/dict_0005_0074" 8288
"/Engine/EngineMaterials/Substrate/Glints2/dict_0005_0079" 8289
"/Engine/EngineMaterials/Substrate/Glints2/dict_0005_0080" 8290
"/Engine/EngineMaterials/Substrate/Glints2/dict_0005_0073" 8291
"/Engine/EngineMaterials/Substrate/Glints2/dict_0005_0050" 8292
"/Engine/EngineMaterials/Substrate/Glints2/dict_0005_0060" 8293
"/Engine/EngineMaterials/Substrate/Glints2/dict_0005_0051" 8294
"/Engine/EngineMaterials/Substrate/Glints2/dict_0005_0061" 8295
"/Engine/EngineMaterials/Substrate/Glints2/dict_0005_0062" 8296
"/Engine/EngineMaterials/Substrate/Glints2/dict_0005_0065" 8297
"/Engine/EngineMaterials/Substrate/Glints2/dict_0005_0075" 8298
"/Engine/EngineMaterials/Substrate/Glints2/dict_0005_0052" 8299
"/Engine/EngineMaterials/Substrate/Glints2/dict_0005_0063" 8300
"/Engine/EngineMaterials/Substrate/Glints2/dict_0005_0066" 8301
"/Engine/EngineMaterials/Substrate/Glints2/dict_0005_0067" 8302
"/Engine/EngineMaterials/Substrate/Glints2/dict_0005_0068" 8303
"/Engine/EngineMaterials/Substrate/Glints2/dict_0005_0069" 8304
"/Engine/EngineMaterials/Substrate/Glints2/dict_0005_0053" 8305
"/Engine/EngineMaterials/Substrate/Glints2/dict_0005_0054" 8306
"/Engine/EngineMaterials/Substrate/Glints2/dict_0005_0076" 8307
"/Engine/EngineMaterials/Substrate/Glints2/dict_0005_0070" 8308
"/Engine/EngineMaterials/Substrate/Glints2/dict_0005_0071" 8309
"/Engine/EngineMaterials/Substrate/Glints2/dict_0005_0077" 8310
"/Engine/EngineMaterials/Substrate/Glints2/dict_0005_0085" 8311
"/Engine/EngineMaterials/Substrate/Glints2/dict_0005_0055" 8312
"/Engine/EngineMaterials/Substrate/Glints2/dict_0005_0078" 8313
"/Engine/EngineMaterials/Substrate/Glints2/dict_0005_0056" 8314
"/Engine/EngineMaterials/Substrate/Glints2/dict_0005_0057" 8315
"/Engine/EngineMaterials/Substrate/Glints2/dict_0005_0058" 8316
"/Engine/EngineMaterials/Substrate/Glints2/dict_0005_0064" 8317
"/Engine/EngineMaterials/Substrate/Glints2/dict_0005_0072" 8318
"/Engine/EngineMaterials/Substrate/Glints2/dict_0005_0059" 8319
"../../../Engine/Content/EngineMaterials/Substrate/Glints2/dict_0005_0044.uasset" 8320
"../../../Engine/Content/EngineMaterials/Substrate/Glints2/dict_0005_0048.uasset" 8321
"../../../Engine/Content/EngineMaterials/Substrate/Glints2/dict_0005_0046.uasset" 8322
"../../../Engine/Content/EngineMaterials/Substrate/Glints2/dict_0005_0042.uasset" 8323
"../../../Engine/Content/EngineMaterials/Substrate/Glints2/dict_0005_0047.uasset" 8324
"../../../Engine/Content/EngineMaterials/Substrate/Glints2/dict_0005_0043.uasset" 8325
"../../../Engine/Content/EngineMaterials/Substrate/Glints2/dict_0005_0041.uasset" 8326
"/Engine/EngineMaterials/Substrate/Glints2/dict_0005_0042" 8327
"/Engine/EngineMaterials/Substrate/Glints2/dict_0005_0044" 8328
"/Engine/EngineMaterials/Substrate/Glints2/dict_0005_0046" 8329
"/Engine/EngineMaterials/Substrate/Glints2/dict_0005_0047" 8330
"../../../Engine/Content/EngineMaterials/Substrate/Glints2/dict_0005_0045.uasset" 8331
"../../../Engine/Content/EngineMaterials/Substrate/Glints2/dict_0005_0049.uasset" 8332
"/Engine/EngineMaterials/Substrate/Glints2/dict_0005_0048" 8333
"/Engine/EngineMaterials/Substrate/Glints2/dict_0005_0041" 8334
"/Engine/EngineMaterials/Substrate/Glints2/dict_0005_0043" 8335
"/Engine/EngineMaterials/Substrate/Glints2/dict_0005_0045" 8336
"/Engine/EngineMaterials/Substrate/Glints2/dict_0005_0049" 8337
"../../../Engine/Content/EngineMaterials/Substrate/Glints2/dict_0005_0040.uasset" 8338
"../../../Engine/Content/EngineMaterials/Substrate/Glints2/dict_0005_0039.uasset" 8339
"../../../Engine/Content/EngineMaterials/Substrate/Glints2/dict_0005_0038.uasset" 8340
"../../../Engine/Content/EngineMaterials/Substrate/Glints2/dict_0005_0034.uasset" 8341
"../../../Engine/Content/EngineMaterials/Substrate/Glints2/dict_0005_0035.uasset" 8342
"../../../Engine/Content/EngineMaterials/Substrate/Glints2/dict_0005_0037.uasset" 8343
"../../../Engine/Content/EngineMaterials/Substrate/Glints2/dict_0005_0031.uasset" 8344
"../../../Engine/Content/EngineMaterials/Substrate/Glints2/dict_0005_0029.uasset" 8345
"../../../Engine/Content/EngineMaterials/Substrate/Glints2/dict_0005_0033.uasset" 8346
"../../../Engine/Content/EngineMaterials/Substrate/Glints2/dict_0005_0028.uasset" 8347
"/Engine/EngineMaterials/Substrate/Glints2/dict_0005_0029" 8348
"/Engine/EngineMaterials/Substrate/Glints2/dict_0005_0031" 8349
"../../../Engine/Content/EngineMaterials/Substrate/Glints2/dict_0005_0030.uasset" 8350
"/Engine/EngineMaterials/Substrate/Glints2/dict_0005_0033" 8351
"/Engine/EngineMaterials/Substrate/Glints2/dict_0005_0034" 8352
"../../../Engine/Content/EngineMaterials/Substrate/Glints2/dict_0005_0032.uasset" 8353
"/Engine/EngineMaterials/Substrate/Glints2/dict_0005_0035" 8354
"/Engine/EngineMaterials/Substrate/Glints2/dict_0005_0037" 8355
"/Engine/EngineMaterials/Substrate/Glints2/dict_0005_0038" 8356
"../../../Engine/Content/EngineMaterials/Substrate/Glints2/dict_0005_0036.uasset" 8357
"../../../Engine/Content/EngineMaterials/Substrate/Glints2/dict_0005_0026.uasset" 8358
"/Engine/EngineMaterials/Substrate/Glints2/dict_0005_0039" 8359
"../../../Engine/Content/EngineMaterials/Substrate/Glints2/dict_0005_0027.uasset" 8360
"/Engine/EngineMaterials/Substrate/Glints2/dict_0005_0040" 8361
"/Engine/EngineMaterials/Substrate/Glints2/dict_0005_0026" 8362
"/Engine/EngineMaterials/Substrate/Glints2/dict_0005_0027" 8363
"/Engine/EngineMaterials/Substrate/Glints2/dict_0005_0028" 8364
"/Engine/EngineMaterials/Substrate/Glints2/dict_0005_0030" 8365
"/Engine/EngineMaterials/Substrate/Glints2/dict_0005_0032" 8366
"/Engine/EngineMaterials/Substrate/Glints2/dict_0005_0036" 8367
"../../../Engine/Content/EngineMaterials/Substrate/Glints2/dict_0005_0021.uasset" 8368
"../../../Engine/Content/EngineMaterials/Substrate/Glints2/dict_0005_0022.uasset" 8369
"../../../Engine/Content/EngineMaterials/Substrate/Glints2/dict_0005_0023.uasset" 8370
"../../../Engine/Content/EngineMaterials/Substrate/Glints2/dict_0005_0017.uasset" 8371
"../../../Engine/Content/EngineMaterials/Substrate/Glints2/dict_0005_0020.uasset" 8372
"../../../Engine/Content/EngineMaterials/Substrate/Glints2/dict_0005_0025.uasset" 8373
"../../../Engine/Content/EngineMaterials/Substrate/Glints2/dict_0005_0014.uasset" 8374
"../../../Engine/Content/EngineMaterials/Substrate/Glints2/dict_0005_0024.uasset" 8375
"../../../Engine/Content/EngineMaterials/Substrate/Glints2/dict_0005_0015.uasset" 8376
"../../../Engine/Content/EngineMaterials/Substrate/Glints2/dict_0005_0018.uasset" 8377
"/Engine/EngineMaterials/Substrate/Glints2/dict_0005_0018" 8378
"../../../Engine/Content/EngineMaterials/Substrate/Glints2/dict_0005_0019.uasset" 8379
"/Engine/EngineMaterials/Substrate/Glints2/dict_0005_0020" 8380
"../../../Engine/Content/EngineMaterials/Substrate/Glints2/dict_0005_0013.uasset" 8381
"../../../Engine/Content/EngineMaterials/Substrate/Glints2/dict_0005_0016.uasset" 8382
"/Engine/EngineMaterials/Substrate/Glints2/dict_0005_0021" 8383
"/Engine/EngineMaterials/Substrate/Glints2/dict_0005_0022" 8384
"/Engine/EngineMaterials/Substrate/Glints2/dict_0005_0023" 8385
"/Engine/EngineMaterials/Substrate/Glints2/dict_0005_0024" 8386
"/Engine/EngineMaterials/Substrate/Glints2/dict_0005_0025" 8387
"/Engine/EngineMaterials/Substrate/Glints2/dict_0005_0014" 8388
"/Engine/EngineMaterials/Substrate/Glints2/dict_0005_0015" 8389
"/Engine/EngineMaterials/Substrate/Glints2/dict_0005_0017" 8390
"../../../Engine/Content/EngineMaterials/Substrate/Glints2/dict_0005_0009.uasset" 8391
"/Engine/EngineMaterials/Substrate/Glints2/dict_0005_0019" 8392
"../../../Engine/Content/EngineMaterials/Substrate/Glints2/dict_0005_0012.uasset" 8393
"../../../Engine/Content/EngineMaterials/Substrate/Glints2/dict_0005_0011.uasset" 8394
"../../../Engine/Content/EngineMaterials/Substrate/Glints2/dict_0005_0008.uasset" 8395
"/Engine/EngineMaterials/Substrate/Glints2/dict_0005_0013" 8396
"/Engine/EngineMaterials/Substrate/Glints2/dict_0005_0016" 8397
"/Engine/EngineMaterials/Substrate/Glints2/dict_0005_0008" 8398
"/Engine/EngineMaterials/Substrate/Glints2/dict_0005_0009" 8399
"/Engine/EngineMaterials/Substrate/Glints2/dict_0005_0011" 8400
"/Engine/EngineMaterials/Substrate/Glints2/dict_0005_0012" 8401
"../../../Engine/Content/EngineMaterials/Substrate/Glints2/dict_0005_0006.uasset" 8402
"/Engine/EngineMaterials/Substrate/Glints2/dict_0005_0006" 8403
"../../../Engine/Content/EngineMaterials/Substrate/Glints2/dict_0005_0003.uasset" 8404
"../../../Engine/Content/EngineMaterials/Substrate/Glints2/dict_0005_0010.uasset" 8405
"../../../Engine/Content/EngineMaterials/Substrate/Glints2/dict_0005_0007.uasset" 8406
"../../../Engine/Content/EngineMaterials/Substrate/Glints2/dict_0005_0001.uasset" 8407
"../../../Engine/Content/EngineMaterials/Substrate/Glints2/dict_0004_0255.uasset" 8408
"../../../Engine/Content/EngineMaterials/Substrate/Glints2/dict_0005_0004.uasset" 8409
"../../../Engine/Content/EngineMaterials/Substrate/Glints2/dict_0005_0002.uasset" 8410
"../../../Engine/Content/EngineMaterials/Substrate/Glints2/dict_0004_0254.uasset" 8411
"../../../Engine/Content/EngineMaterials/Substrate/Glints2/dict_0005_0000.uasset" 8412
"../../../Engine/Content/EngineMaterials/Substrate/Glints2/dict_0004_0251.uasset" 8413
"../../../Engine/Content/EngineMaterials/Substrate/Glints2/dict_0004_0247.uasset" 8414
"../../../Engine/Content/EngineMaterials/Substrate/Glints2/dict_0004_0246.uasset" 8415
"../../../Engine/Content/EngineMaterials/Substrate/Glints2/dict_0004_0253.uasset" 8416
"../../../Engine/Content/EngineMaterials/Substrate/Glints2/dict_0004_0252.uasset" 8417
"../../../Engine/Content/EngineMaterials/Substrate/Glints2/dict_0004_0245.uasset" 8418
"../../../Engine/Content/EngineMaterials/Substrate/Glints2/dict_0004_0249.uasset" 8419
"../../../Engine/Content/EngineMaterials/Substrate/Glints2/dict_0004_0248.uasset" 8420
"../../../Engine/Content/EngineMaterials/Substrate/Glints2/dict_0004_0243.uasset" 8421
"../../../Engine/Content/EngineMaterials/Substrate/Glints2/dict_0004_0244.uasset" 8422
"../../../Engine/Content/EngineMaterials/Substrate/Glints2/dict_0005_0005.uasset" 8423
"../../../Engine/Content/EngineMaterials/Substrate/Glints2/dict_0004_0242.uasset" 8424
"../../../Engine/Content/EngineMaterials/Substrate/Glints2/dict_0004_0240.uasset" 8425
"../../../Engine/Content/EngineMaterials/Substrate/Glints2/dict_0004_0238.uasset" 8426
"../../../Engine/Content/EngineMaterials/Substrate/Glints2/dict_0004_0250.uasset" 8427
"../../../Engine/Content/EngineMaterials/Substrate/Glints2/dict_0004_0241.uasset" 8428
"../../../Engine/Content/EngineMaterials/Substrate/Glints2/dict_0004_0236.uasset" 8429
"../../../Engine/Content/EngineMaterials/Substrate/Glints2/dict_0004_0239.uasset" 8430
"../../../Engine/Content/EngineMaterials/Substrate/Glints2/dict_0004_0232.uasset" 8431
"../../../Engine/Content/EngineMaterials/Substrate/Glints2/dict_0004_0233.uasset" 8432
"../../../Engine/Content/EngineMaterials/Substrate/Glints2/dict_0004_0235.uasset" 8433
"../../../Engine/Content/EngineMaterials/Substrate/Glints2/dict_0004_0237.uasset" 8434
"../../../Engine/Content/EngineMaterials/Substrate/Glints2/dict_0004_0234.uasset" 8435
"/Game/Materials/Marble" 8436
"/Engine/EngineMaterials/Substrate/Glints2/dict_0004_0240" 8437
"/Engine/EngineMaterials/Substrate/Glints2/dict_0004_0237" 8438
"/Engine/EngineMaterials/Substrate/Glints2/dict_0004_0241" 8439
"/Engine/EngineMaterials/Substrate/Glints2/dict_0004_0242" 8440
"/Engine/EngineMaterials/Substrate/Glints2/dict_0004_0243" 8441
"/Engine/EngineMaterials/Substrate/Glints2/dict_0004_0244" 8442
"/Engine/EngineMaterials/Substrate/Glints2/dict_0004_0245" 8443
"/Engine/EngineMaterials/Substrate/Glints2/dict_0004_0246" 8444
"/Engine/EngineMaterials/Substrate/Glints2/dict_0004_0250" 8445
"/Engine/EngineMaterials/Substrate/Glints2/dict_0004_0251" 8446
"/Engine/EngineMaterials/Substrate/Glints2/dict_0004_0252" 8447
"/Engine/EngineMaterials/Substrate/Glints2/dict_0005_0000" 8448
"/Engine/EngineMaterials/Substrate/Glints2/dict_0004_0253" 8449
"/Engine/EngineMaterials/Substrate/Glints2/dict_0005_0001" 8450
"/Engine/EngineMaterials/Substrate/Glints2/dict_0004_0254" 8451
"/Engine/EngineMaterials/Substrate/Glints2/dict_0005_0002" 8452
"/Engine/EngineMaterials/Substrate/Glints2/dict_0005_0003" 8453
"/Engine/EngineMaterials/Substrate/Glints2/dict_0005_0004" 8454
"/Engine/EngineMaterials/Substrate/Glints2/dict_0004_0255" 8455
"/Engine/EngineMaterials/Substrate/Glints2/dict_0005_0005" 8456
"/Engine/EngineMaterials/Substrate/Glints2/dict_0004_0232" 8457
"/Engine/EngineMaterials/Substrate/Glints2/dict_0005_0007" 8458
"/Engine/EngineMaterials/Substrate/Glints2/dict_0004_0233" 8459
"/Engine/EngineMaterials/Substrate/Glints2/dict_0004_0234" 8460
"/Engine/EngineMaterials/Substrate/Glints2/dict_0004_0238" 8461
"/Engine/EngineMaterials/Substrate/Glints2/dict_0005_0010" 8462
"/Engine/EngineMaterials/Substrate/Glints2/dict_0004_0247" 8463
"/Engine/EngineMaterials/Substrate/Glints2/dict_0004_0235" 8464
"/Engine/EngineMaterials/Substrate/Glints2/dict_0004_0248" 8465
"/Engine/EngineMaterials/Substrate/Glints2/dict_0004_0239" 8466
"/Engine/EngineMaterials/Substrate/Glints2/dict_0004_0249" 8467
"/Engine/EngineMaterials/Substrate/Glints2/dict_0004_0236" 8468
"../../../Engine/Content/EngineMaterials/Substrate/Glints2/dict_0004_0231.uasset" 8469
"../../../Engine/Content/EngineMaterials/Substrate/Glints2/dict_0004_0230.uasset" 8470
"/Engine/EngineMaterials/Substrate/Glints2/dict_0004_0230" 8471
"/Engine/EngineMaterials/Substrate/Glints2/dict_0004_0231" 8472
"../../../Engine/Content/EngineMaterials/Substrate/Glints2/dict_0004_0229.uasset" 8473
"../../../Engine/Content/EngineMaterials/Substrate/Glints2/dict_0004_0228.uasset" 8474
"../../../Engine/Content/EngineMaterials/Substrate/Glints2/dict_0004_0227.uasset" 8475
"/Engine/EngineMaterials/Substrate/Glints2/dict_0004_0227" 8476
"/Engine/EngineMaterials/Substrate/Glints2/dict_0004_0228" 8477
"/Engine/EngineMaterials/Substrate/Glints2/dict_0004_0229" 8478
"../../../Engine/Content/EngineMaterials/Substrate/Glints2/dict_0004_0226.uasset" 8479
"../../../Engine/Content/EngineMaterials/Substrate/Glints2/dict_0004_0225.uasset" 8480
"../../../Engine/Content/EngineMaterials/Substrate/Glints2/dict_0004_0224.uasset" 8481
"/Engine/EngineMaterials/Substrate/Glints2/dict_0004_0224" 8482
"/Engine/EngineMaterials/Substrate/Glints2/dict_0004_0225" 8483
"/Engine/EngineMaterials/Substrate/Glints2/dict_0004_0226" 8484
"../../../Engine/Content/EngineMaterials/Substrate/Glints2/dict_0004_0223.uasset" 8485
"../../../Engine/Content/EngineMaterials/Substrate/Glints2/dict_0004_0222.uasset" 8486
"../../../Engine/Content/EngineMaterials/Substrate/Glints2/dict_0004_0220.uasset" 8487
"../../../Engine/Content/EngineMaterials/Substrate/Glints2/dict_0004_0221.uasset" 8488
"/Engine/EngineMaterials/Substrate/Glints2/dict_0004_0220" 8489
"/Engine/EngineMaterials/Substrate/Glints2/dict_0004_0221" 8490
"/Engine/EngineMaterials/Substrate/Glints2/dict_0004_0222" 8491
"/Engine/EngineMaterials/Substrate/Glints2/dict_0004_0223" 8492
"../../../Engine/Content/EngineMaterials/Substrate/Glints2/dict_0004_0219.uasset" 8493
"../../../Engine/Content/EngineMaterials/Substrate/Glints2/dict_0004_0217.uasset" 8494
"../../../Engine/Content/EngineMaterials/Substrate/Glints2/dict_0004_0216.uasset" 8495
"../../../Engine/Content/EngineMaterials/Substrate/Glints2/dict_0004_0218.uasset" 8496
"../../../Engine/Content/EngineMaterials/Substrate/Glints2/dict_0004_0215.uasset" 8497
"/Engine/EngineMaterials/Substrate/Glints2/dict_0004_0215" 8498
"/Engine/EngineMaterials/Substrate/Glints2/dict_0004_0216" 8499
"/Engine/EngineMaterials/Substrate/Glints2/dict_0004_0217" 8500
"/Engine/EngineMaterials/Substrate/Glints2/dict_0004_0218" 8501
"/Engine/EngineMaterials/Substrate/Glints2/dict_0004_0219" 8502
"../../../Engine/Content/EngineMaterials/Substrate/Glints2/dict_0004_0214.uasset" 8503
"../../../Engine/Content/EngineMaterials/Substrate/Glints2/dict_0004_0213.uasset" 8504
"../../../Engine/Content/EngineMaterials/Substrate/Glints2/dict_0004_0210.uasset" 8505
"../../../Engine/Content/EngineMaterials/Substrate/Glints2/dict_0004_0211.uasset" 8506
"../../../Engine/Content/EngineMaterials/Substrate/Glints2/dict_0004_0206.uasset" 8507
"../../../Engine/Content/EngineMaterials/Substrate/Glints2/dict_0004_0208.uasset" 8508
"../../../Engine/Content/EngineMaterials/Substrate/Glints2/dict_0004_0209.uasset" 8509
"../../../Engine/Content/EngineMaterials/Substrate/Glints2/dict_0004_0205.uasset" 8510
"../../../Engine/Content/EngineMaterials/Substrate/Glints2/dict_0004_0207.uasset" 8511
"../../../Engine/Content/EngineMaterials/Substrate/Glints2/dict_0004_0212.uasset" 8512
"/Engine/EngineMaterials/Substrate/Glints2/dict_0004_0205" 8513
"/Engine/EngineMaterials/Substrate/Glints2/dict_0004_0206" 8514
"/Engine/EngineMaterials/Substrate/Glints2/dict_0004_0207" 8515
"/Engine/EngineMaterials/Substrate/Glints2/dict_0004_0208" 8516
"/Engine/EngineMaterials/Substrate/Glints2/dict_0004_0209" 8517
"/Engine/EngineMaterials/Substrate/Glints2/dict_0004_0210" 8518
"/Engine/EngineMaterials/Substrate/Glints2/dict_0004_0211" 8519
"../../../Engine/Content/EngineMaterials/Substrate/Glints2/dict_0004_0204.uasset" 8520
"/Engine/EngineMaterials/Substrate/Glints2/dict_0004_0213" 8521
"/Engine/EngineMaterials/Substrate/Glints2/dict_0004_0214" 8522
"/Engine/EngineMaterials/Substrate/Glints2/dict_0004_0204" 8523
"/Engine/EngineMaterials/Substrate/Glints2/dict_0004_0212" 8524
"../../../Engine/Content/EngineMaterials/Substrate/Glints2/dict_0004_0201.uasset" 8525
"../../../Engine/Content/EngineMaterials/Substrate/Glints2/dict_0004_0199.uasset" 8526
"../../../Engine/Content/EngineMaterials/Substrate/Glints2/dict_0004_0202.uasset" 8527
"../../../Engine/Content/EngineMaterials/Substrate/Glints2/dict_0004_0196.uasset" 8528
"../../../Engine/Content/EngineMaterials/Substrate/Glints2/dict_0004_0197.uasset" 8529
"../../../Engine/Content/EngineMaterials/Substrate/Glints2/dict_0004_0198.uasset" 8530
"../../../Engine/Content/EngineMaterials/Substrate/Glints2/dict_0004_0203.uasset" 8531
"../../../Engine/Content/EngineMaterials/Substrate/Glints2/dict_0004_0200.uasset" 8532
"../../../Engine/Content/EngineMaterials/Substrate/Glints2/dict_0004_0191.uasset" 8533
"../../../Engine/Content/EngineMaterials/Substrate/Glints2/dict_0004_0192.uasset" 8534
"../../../Engine/Content/EngineMaterials/Substrate/Glints2/dict_0004_0188.uasset" 8535
"/Engine/EngineMaterials/Substrate/Glints2/dict_0004_0200" 8536
"../../../Engine/Content/EngineMaterials/Substrate/Glints2/dict_0004_0195.uasset" 8537
"../../../Engine/Content/EngineMaterials/Substrate/Glints2/dict_0004_0193.uasset" 8538
"../../../Engine/Content/EngineMaterials/Substrate/Glints2/dict_0004_0194.uasset" 8539
"/Engine/EngineMaterials/Substrate/Glints2/dict_0004_0201" 8540
"/Engine/EngineMaterials/Substrate/Glints2/dict_0004_0202" 8541
"/Engine/EngineMaterials/Substrate/Glints2/dict_0004_0203" 8542
"/Engine/EngineMaterials/Substrate/Glints2/dict_0004_0188" 8543
"/Engine/EngineMaterials/Substrate/Glints2/dict_0004_0191" 8544
"/Engine/EngineMaterials/Substrate/Glints2/dict_0004_0192" 8545
"/Engine/EngineMaterials/Substrate/Glints2/dict_0004_0196" 8546
"/Engine/EngineMaterials/Substrate/Glints2/dict_0004_0197" 8547
"../../../Engine/Content/EngineMaterials/Substrate/Glints2/dict_0004_0190.uasset" 8548
"/Engine/EngineMaterials/Substrate/Glints2/dict_0004_0198" 8549
"/Engine/EngineMaterials/Substrate/Glints2/dict_0004_0199" 8550
"/Engine/EngineMaterials/Substrate/Glints2/dict_0004_0190" 8551
"../../../Engine/Content/EngineMaterials/Substrate/Glints2/dict_0004_0186.uasset" 8552
"/Engine/EngineMaterials/Substrate/Glints2/dict_0004_0193" 8553
"../../../Engine/Content/EngineMaterials/Substrate/Glints2/dict_0004_0189.uasset" 8554
"/Engine/EngineMaterials/Substrate/Glints2/dict_0004_0194" 8555
"/Engine/EngineMaterials/Substrate/Glints2/dict_0004_0195" 8556
"/Engine/EngineMaterials/Substrate/Glints2/dict_0004_0186" 8557
"/Engine/EngineMaterials/Substrate/Glints2/dict_0004_0189" 8558
"../../../Engine/Content/EngineMaterials/Substrate/Glints2/dict_0004_0182.uasset" 8559
"../../../Engine/Content/EngineMaterials/Substrate/Glints2/dict_0004_0187.uasset" 8560
"../../../Engine/Content/EngineMaterials/Substrate/Glints2/dict_0004_0184.uasset" 8561
"../../../Engine/Content/EngineMaterials/Substrate/Glints2/dict_0004_0183.uasset" 8562
"../../../Engine/Content/EngineMaterials/Substrate/Glints2/dict_0004_0185.uasset" 8563
"../../../Engine/Content/EngineMaterials/Substrate/Glints2/dict_0004_0180.uasset" 8564
"../../../Engine/Content/EngineMaterials/Substrate/Glints2/dict_0004_0178.uasset" 8565
"/Engine/EngineMaterials/Substrate/Glints2/dict_0004_0180" 8566
"../../../Engine/Content/EngineMaterials/Substrate/Glints2/dict_0004_0177.uasset" 8567
"/Engine/EngineMaterials/Substrate/Glints2/dict_0004_0182" 8568
"/Engine/EngineMaterials/Substrate/Glints2/dict_0004_0183" 8569
"/Engine/EngineMaterials/Substrate/Glints2/dict_0004_0184" 8570
"/Engine/EngineMaterials/Substrate/Glints2/dict_0004_0185" 8571
"/Engine/EngineMaterials/Substrate/Glints2/dict_0004_0187" 8572
"/Engine/EngineMaterials/Substrate/Glints2/dict_0004_0177" 8573
"/Engine/EngineMaterials/Substrate/Glints2/dict_0004_0178" 8574
"../../../Engine/Content/EngineMaterials/Substrate/Glints2/dict_0004_0172.uasset" 8575
"../../../Engine/Content/EngineMaterials/Substrate/Glints2/dict_0004_0173.uasset" 8576
"../../../Engine/Content/EngineMaterials/Substrate/Glints2/dict_0004_0176.uasset" 8577
"../../../Engine/Content/EngineMaterials/Substrate/Glints2/dict_0004_0175.uasset" 8578
"../../../Engine/Content/EngineMaterials/Substrate/Glints2/dict_0004_0181.uasset" 8579
"../../../Engine/Content/EngineMaterials/Substrate/Glints2/dict_0004_0171.uasset" 8580
"../../../Engine/Content/EngineMaterials/Substrate/Glints2/dict_0004_0174.uasset" 8581
"../../../Engine/Content/EngineMaterials/Substrate/Glints2/dict_0004_0179.uasset" 8582
"/Engine/EngineMaterials/Substrate/Glints2/dict_0004_0172" 8583
"/Engine/EngineMaterials/Substrate/Glints2/dict_0004_0174" 8584
"/Engine/EngineMaterials/Substrate/Glints2/dict_0004_0175" 8585
"/Engine/EngineMaterials/Substrate/Glints2/dict_0004_0176" 8586
"/Engine/EngineMaterials/Substrate/Glints2/dict_0004_0179" 8587
"/Engine/EngineMaterials/Substrate/Glints2/dict_0004_0173" 8588
"/Engine/EngineMaterials/Substrate/Glints2/dict_0004_0181" 8589
"../../../Engine/Content/EngineMaterials/Substrate/Glints2/dict_0004_0165.uasset" 8590
"../../../Engine/Content/EngineMaterials/Substrate/Glints2/dict_0004_0163.uasset" 8591
"../../../Engine/Content/EngineMaterials/Substrate/Glints2/dict_0004_0169.uasset" 8592
"/Engine/EngineMaterials/Substrate/Glints2/dict_0004_0171" 8593
"../../../Engine/Content/EngineMaterials/Substrate/Glints2/dict_0004_0162.uasset" 8594
"/Engine/EngineMaterials/Substrate/Glints2/dict_0004_0162" 8595
"/Engine/EngineMaterials/Substrate/Glints2/dict_0004_0163" 8596
"../../../Engine/Content/EngineMaterials/Substrate/Glints2/dict_0004_0167.uasset" 8597
"/Engine/EngineMaterials/Substrate/Glints2/dict_0004_0165" 8598
"../../../Engine/Content/EngineMaterials/Substrate/Glints2/dict_0004_0170.uasset" 8599
"/Engine/EngineMaterials/Substrate/Glints2/dict_0004_0169" 8600
"../../../Engine/Content/EngineMaterials/Substrate/Glints2/dict_0004_0168.uasset" 8601
"/Engine/EngineMaterials/Substrate/Glints2/dict_0004_0167" 8602
"/Engine/EngineMaterials/Substrate/Glints2/dict_0004_0168" 8603
"/Engine/EngineMaterials/Substrate/Glints2/dict_0004_0170" 8604
"../../../Engine/Content/EngineMaterials/Substrate/Glints2/dict_0004_0166.uasset" 8605
"../../../Engine/Content/EngineMaterials/Substrate/Glints2/dict_0004_0161.uasset" 8606
"../../../Engine/Content/EngineMaterials/Substrate/Glints2/dict_0004_0164.uasset" 8607
"/Engine/EngineMaterials/Substrate/Glints2/dict_0004_0161" 8608
"/Engine/EngineMaterials/Substrate/Glints2/dict_0004_0164" 8609
"/Engine/EngineMaterials/Substrate/Glints2/dict_0004_0166" 8610
"../../../Engine/Content/EngineMaterials/Substrate/Glints2/dict_0004_0160.uasset" 8611
"../../../Engine/Content/EngineMaterials/Substrate/Glints2/dict_0004_0153.uasset" 8612
"../../../Engine/Content/EngineMaterials/Substrate/Glints2/dict_0004_0155.uasset" 8613
"../../../Engine/Content/EngineMaterials/Substrate/Glints2/dict_0004_0154.uasset" 8614
"../../../Engine/Content/EngineMaterials/Substrate/Glints2/dict_0004_0156.uasset" 8615
"../../../Engine/Content/EngineMaterials/Substrate/Glints2/dict_0004_0157.uasset" 8616
"../../../Engine/Content/EngineMaterials/Substrate/Glints2/dict_0004_0158.uasset" 8617
"../../../Engine/Content/EngineMaterials/Substrate/Glints2/dict_0004_0159.uasset" 8618
"/Engine/EngineMaterials/Substrate/Glints2/dict_0004_0153" 8619
"/Engine/EngineMaterials/Substrate/Glints2/dict_0004_0155" 8620
"/Engine/EngineMaterials/Substrate/Glints2/dict_0004_0154" 8621
"/Engine/EngineMaterials/Substrate/Glints2/dict_0004_0156" 8622
"/Engine/EngineMaterials/Substrate/Glints2/dict_0004_0157" 8623
"/Engine/EngineMaterials/Substrate/Glints2/dict_0004_0158" 8624
"/Engine/EngineMaterials/Substrate/Glints2/dict_0004_0159" 8625
"/Engine/EngineMaterials/Substrate/Glints2/dict_0004_0160" 8626
"../../../Engine/Content/EngineMaterials/Substrate/Glints2/dict_0004_0151.uasset" 8627
"../../../Engine/Content/EngineMaterials/Substrate/Glints2/dict_0004_0150.uasset" 8628
"../../../Engine/Content/EngineMaterials/Substrate/Glints2/dict_0004_0149.uasset" 8629
"../../../Engine/Content/EngineMaterials/Substrate/Glints2/dict_0004_0145.uasset" 8630
"../../../Engine/Content/EngineMaterials/Substrate/Glints2/dict_0004_0143.uasset" 8631
"../../../Engine/Content/EngineMaterials/Substrate/Glints2/dict_0004_0152.uasset" 8632
"../../../Engine/Content/EngineMaterials/Substrate/Glints2/dict_0004_0146.uasset" 8633
"/Engine/EngineMaterials/Substrate/Glints2/dict_0004_0143" 8634
"/Engine/EngineMaterials/Substrate/Glints2/dict_0004_0149" 8635
"/Engine/EngineMaterials/Substrate/Glints2/dict_0004_0145" 8636
"/Engine/EngineMaterials/Substrate/Glints2/dict_0004_0150" 8637
"/Engine/EngineMaterials/Substrate/Glints2/dict_0004_0151" 8638
"../../../Engine/Content/EngineMaterials/Substrate/Glints2/dict_0004_0141.uasset" 8639
"../../../Engine/Content/EngineMaterials/Substrate/Glints2/dict_0004_0140.uasset" 8640
"/Engine/EngineMaterials/Substrate/Glints2/dict_0004_0152" 8641
"../../../Engine/Content/EngineMaterials/Substrate/Glints2/dict_0004_0142.uasset" 8642
"/Engine/EngineMaterials/Substrate/Glints2/dict_0004_0146" 8643
"../../../Engine/Content/EngineMaterials/Substrate/Glints2/dict_0004_0144.uasset" 8644
"/Engine/EngineMaterials/Substrate/Glints2/dict_0004_0140" 8645
"/Engine/EngineMaterials/Substrate/Glints2/dict_0004_0141" 8646
"/Engine/EngineMaterials/Substrate/Glints2/dict_0004_0142" 8647
"/Engine/EngineMaterials/Substrate/Glints2/dict_0004_0144" 8648
"../../../Engine/Content/EngineMaterials/Substrate/Glints2/dict_0004_0138.uasset" 8649
"/Engine/EngineMaterials/Substrate/Glints2/dict_0004_0138" 8650
"../../../Engine/Content/EngineMaterials/Substrate/Glints2/dict_0004_0148.uasset" 8651
"../../../Engine/Content/EngineMaterials/Substrate/Glints2/dict_0004_0147.uasset" 8652
"../../../Engine/Content/EngineMaterials/Substrate/Glints2/dict_0004_0135.uasset" 8653
"../../../Engine/Content/EngineMaterials/Substrate/Glints2/dict_0004_0134.uasset" 8654
"../../../Engine/Content/EngineMaterials/Substrate/Glints2/dict_0004_0137.uasset" 8655
"../../../Engine/Content/EngineMaterials/Substrate/Glints2/dict_0004_0133.uasset" 8656
"../../../Engine/Content/EngineMaterials/Substrate/Glints2/dict_0004_0136.uasset" 8657
"../../../Engine/Content/EngineMaterials/Substrate/Glints2/dict_0004_0132.uasset" 8658
"../../../Engine/Content/EngineMaterials/Substrate/Glints2/dict_0004_0131.uasset" 8659
"../../../Engine/Content/EngineMaterials/Substrate/Glints2/dict_0004_0139.uasset" 8660
"/Engine/EngineMaterials/Substrate/Glints2/dict_0004_0135" 8661
"/Engine/EngineMaterials/Substrate/Glints2/dict_0004_0136" 8662
"../../../Engine/Content/EngineMaterials/Substrate/Glints2/dict_0004_0128.uasset" 8663
"../../../Engine/Content/EngineMaterials/Substrate/Glints2/dict_0004_0129.uasset" 8664
"../../../Engine/Content/EngineMaterials/Substrate/Glints2/dict_0004_0127.uasset" 8665
"/Engine/EngineMaterials/Substrate/Glints2/dict_0004_0139" 8666
"/Engine/EngineMaterials/Substrate/Glints2/dict_0004_0147" 8667
"/Engine/EngineMaterials/Substrate/Glints2/dict_0004_0148" 8668
"/Engine/EngineMaterials/Substrate/Glints2/dict_0004_0137" 8669
"/Engine/EngineMaterials/Substrate/Glints2/dict_0004_0131" 8670
"/Engine/EngineMaterials/Substrate/Glints2/dict_0004_0132" 8671
"/Engine/EngineMaterials/Substrate/Glints2/dict_0004_0133" 8672
"/Engine/EngineMaterials/Substrate/Glints2/dict_0004_0134" 8673
"../../../Engine/Content/EngineMaterials/Substrate/Glints2/dict_0004_0125.uasset" 8674
"/Engine/EngineMaterials/Substrate/Glints2/dict_0004_0129" 8675
"../../../Engine/Content/EngineMaterials/Substrate/Glints2/dict_0004_0123.uasset" 8676
"/Engine/EngineMaterials/Substrate/Glints2/dict_0004_0125" 8677
"/Engine/EngineMaterials/Substrate/Glints2/dict_0004_0127" 8678
"/Engine/EngineMaterials/Substrate/Glints2/dict_0004_0128" 8679
"../../../Engine/Content/EngineMaterials/Substrate/Glints2/dict_0004_0126.uasset" 8680
"../../../Engine/Content/EngineMaterials/Substrate/Glints2/dict_0004_0130.uasset" 8681
"/Engine/EngineMaterials/Substrate/Glints2/dict_0004_0130" 8682
"/Engine/EngineMaterials/Substrate/Glints2/dict_0004_0123" 8683
"/Engine/EngineMaterials/Substrate/Glints2/dict_0004_0126" 8684
"../../../Engine/Content/EngineMaterials/Substrate/Glints2/dict_0004_0124.uasset" 8685
"../../../Engine/Content/EngineMaterials/Substrate/Glints2/dict_0004_0119.uasset" 8686
"../../../Engine/Content/EngineMaterials/Substrate/Glints2/dict_0004_0121.uasset" 8687
"../../../Engine/Content/EngineMaterials/Substrate/Glints2/dict_0004_0120.uasset" 8688
"../../../Engine/Content/EngineMaterials/Substrate/Glints2/dict_0004_0122.uasset" 8689
"/Engine/EngineMaterials/Substrate/Glints2/dict_0004_0119" 8690
"/Engine/EngineMaterials/Substrate/Glints2/dict_0004_0121" 8691
"/Engine/EngineMaterials/Substrate/Glints2/dict_0004_0122" 8692
"/Engine/EngineMaterials/Substrate/Glints2/dict_0004_0124" 8693
"/Engine/EngineMaterials/Substrate/Glints2/dict_0004_0120" 8694
"../../../Engine/Content/EngineMaterials/Substrate/Glints2/dict_0004_0110.uasset" 8695
"../../../Engine/Content/EngineMaterials/Substrate/Glints2/dict_0004_0112.uasset" 8696
"../../../Engine/Content/EngineMaterials/Substrate/Glints2/dict_0004_0118.uasset" 8697
"../../../Engine/Content/EngineMaterials/Substrate/Glints2/dict_0004_0117.uasset" 8698
"../../../Engine/Content/EngineMaterials/Substrate/Glints2/dict_0004_0115.uasset" 8699
"../../../Engine/Content/EngineMaterials/Substrate/Glints2/dict_0004_0114.uasset" 8700
"/Engine/EngineMaterials/Substrate/Glints2/dict_0004_0112" 8701
"../../../Engine/Content/EngineMaterials/Substrate/Glints2/dict_0004_0113.uasset" 8702
"/Engine/EngineMaterials/Substrate/Glints2/dict_0004_0114" 8703
"/Engine/EngineMaterials/Substrate/Glints2/dict_0004_0115" 8704
"/Engine/EngineMaterials/Substrate/Glints2/dict_0004_0110" 8705
"../../../Engine/Content/EngineMaterials/Substrate/Glints2/dict_0004_0116.uasset" 8706
"../../../Engine/Content/EngineMaterials/Substrate/Glints2/dict_0004_0108.uasset" 8707
"/Engine/EngineMaterials/Substrate/Glints2/dict_0004_0117" 8708
"../../../Engine/Content/EngineMaterials/Substrate/Glints2/dict_0004_0107.uasset" 8709
"/Engine/EngineMaterials/Substrate/Glints2/dict_0004_0118" 8710
"/Engine/EngineMaterials/Substrate/Glints2/dict_0004_0116" 8711
"/Engine/EngineMaterials/Substrate/Glints2/dict_0004_0107" 8712
"/Engine/EngineMaterials/Substrate/Glints2/dict_0004_0108" 8713
"../../../Engine/Content/EngineMaterials/Substrate/Glints2/dict_0004_0104.uasset" 8714
"../../../Engine/Content/EngineMaterials/Substrate/Glints2/dict_0004_0109.uasset" 8715
"../../../Engine/Content/EngineMaterials/Substrate/Glints2/dict_0004_0103.uasset" 8716
"../../../Engine/Content/EngineMaterials/Substrate/Glints2/dict_0004_0105.uasset" 8717
"../../../Engine/Content/EngineMaterials/Substrate/Glints2/dict_0004_0111.uasset" 8718
"../../../Engine/Content/EngineMaterials/Substrate/Glints2/dict_0004_0101.uasset" 8719
"../../../Engine/Content/EngineMaterials/Substrate/Glints2/dict_0004_0100.uasset" 8720
"../../../Engine/Content/EngineMaterials/Substrate/Glints2/dict_0004_0106.uasset" 8721
"../../../Engine/Content/EngineMaterials/Substrate/Glints2/dict_0004_0102.uasset" 8722
"../../../Engine/Content/EngineMaterials/Substrate/Glints2/dict_0004_0099.uasset" 8723
"/Engine/EngineMaterials/Substrate/Glints2/dict_0004_0099" 8724
"/Engine/EngineMaterials/Substrate/Glints2/dict_0004_0100" 8725
"/Engine/EngineMaterials/Substrate/Glints2/dict_0004_0101" 8726
"../../../Engine/Content/EngineMaterials/Substrate/Glints2/dict_0004_0093.uasset" 8727
"/Engine/EngineMaterials/Substrate/Glints2/dict_0004_0111" 8728
"../../../Engine/Content/EngineMaterials/Substrate/Glints2/dict_0004_0095.uasset" 8729
"/Engine/EngineMaterials/Substrate/Glints2/dict_0004_0113" 8730
"/Engine/EngineMaterials/Substrate/Glints2/dict_0004_0102" 8731
"/Engine/EngineMaterials/Substrate/Glints2/dict_0004_0103" 8732
"/Engine/EngineMaterials/Substrate/Glints2/dict_0004_0104" 8733
"/Engine/EngineMaterials/Substrate/Glints2/dict_0004_0105" 8734
"/Engine/EngineMaterials/Substrate/Glints2/dict_0004_0106" 8735
"/Engine/EngineMaterials/Substrate/Glints2/dict_0004_0109" 8736
"/Engine/EngineMaterials/Substrate/Glints2/dict_0004_0095" 8737
"/Engine/EngineMaterials/Substrate/Glints2/dict_0004_0093" 8738
"../../../Engine/Content/EngineMaterials/Substrate/Glints2/dict_0004_0092.uasset" 8739
"/Engine/EngineMaterials/Substrate/Glints2/dict_0004_0092" 8740
"../../../Engine/Content/EngineMaterials/Substrate/Glints2/dict_0004_0097.uasset" 8741
"../../../Engine/Content/EngineMaterials/Substrate/Glints2/dict_0004_0089.uasset" 8742
"../../../Engine/Content/EngineMaterials/Substrate/Glints2/dict_0004_0098.uasset" 8743
"../../../Engine/Content/EngineMaterials/Substrate/Glints2/dict_0004_0090.uasset" 8744
"../../../Engine/Content/EngineMaterials/Substrate/Glints2/dict_0004_0096.uasset" 8745
"../../../Engine/Content/EngineMaterials/Substrate/Glints2/dict_0004_0088.uasset" 8746
"../../../Engine/Content/EngineMaterials/Substrate/Glints2/dict_0004_0087.uasset" 8747
"../../../Engine/Content/EngineMaterials/Substrate/Glints2/dict_0004_0086.uasset" 8748
"/Engine/EngineMaterials/Substrate/Glints2/dict_0004_0086" 8749
"/Engine/EngineMaterials/Substrate/Glints2/dict_0004_0087" 8750
"/Engine/EngineMaterials/Substrate/Glints2/dict_0004_0088" 8751
"/Engine/EngineMaterials/Substrate/Glints2/dict_0004_0089" 8752
"../../../Engine/Content/EngineMaterials/Substrate/Glints2/dict_0004_0082.uasset" 8753
"/Engine/EngineMaterials/Substrate/Glints2/dict_0004_0090" 8754
"/Engine/EngineMaterials/Substrate/Glints2/dict_0004_0096" 8755
"/Engine/EngineMaterials/Substrate/Glints2/dict_0004_0097" 8756
"/Engine/EngineMaterials/Substrate/Glints2/dict_0004_0098" 8757
"../../../Engine/Content/EngineMaterials/Substrate/Glints2/dict_0004_0085.uasset" 8758
"../../../Engine/Content/EngineMaterials/Substrate/Glints2/dict_0004_0094.uasset" 8759
"../../../Engine/Content/EngineMaterials/Substrate/Glints2/dict_0004_0084.uasset" 8760
"/Engine/EngineMaterials/Substrate/Glints2/dict_0004_0082" 8761
"/Engine/EngineMaterials/Substrate/Glints2/dict_0004_0084" 8762
"/Engine/EngineMaterials/Substrate/Glints2/dict_0004_0085" 8763
"/Engine/EngineMaterials/Substrate/Glints2/dict_0004_0094" 8764
"../../../Engine/Content/EngineMaterials/Substrate/Glints2/dict_0004_0080.uasset" 8765
"../../../Engine/Content/EngineMaterials/Substrate/Glints2/dict_0004_0079.uasset" 8766
"../../../Engine/Content/EngineMaterials/Substrate/Glints2/dict_0004_0078.uasset" 8767
"../../../Engine/Content/EngineMaterials/Substrate/Glints2/dict_0004_0091.uasset" 8768
"../../../Engine/Content/EngineMaterials/Substrate/Glints2/dict_0004_0081.uasset" 8769
"../../../Engine/Content/EngineMaterials/Substrate/Glints2/dict_0004_0083.uasset" 8770
"../../../Engine/Content/EngineMaterials/Substrate/Glints2/dict_0004_0071.uasset" 8771
"../../../Engine/Content/EngineMaterials/Substrate/Glints2/dict_0004_0073.uasset" 8772
"../../../Engine/Content/EngineMaterials/Substrate/Glints2/dict_0004_0072.uasset" 8773
"/Engine/EngineMaterials/Substrate/Glints2/dict_0004_0081" 8774
"/Engine/EngineMaterials/Substrate/Glints2/dict_0004_0083" 8775
"../../../Engine/Content/EngineMaterials/Substrate/Glints2/dict_0004_0074.uasset" 8776
"/Engine/EngineMaterials/Substrate/Glints2/dict_0004_0078" 8777
"/Engine/EngineMaterials/Substrate/Glints2/dict_0004_0079" 8778
"/Engine/EngineMaterials/Substrate/Glints2/dict_0004_0080" 8779
"/Engine/EngineMaterials/Substrate/Glints2/dict_0004_0091" 8780
"/Engine/EngineMaterials/Substrate/Glints2/dict_0004_0071" 8781
"../../../Engine/Content/EngineMaterials/Substrate/Glints2/dict_0004_0076.uasset" 8782
"/Engine/EngineMaterials/Substrate/Glints2/dict_0004_0072" 8783
"/Engine/EngineMaterials/Substrate/Glints2/dict_0004_0073" 8784
"/Engine/EngineMaterials/Substrate/Glints2/dict_0004_0074" 8785
"/Engine/EngineMaterials/Substrate/Glints2/dict_0004_0076" 8786
"../../../Engine/Content/EngineMaterials/Substrate/Glints2/dict_0004_0069.uasset" 8787
"../../../Engine/Content/EngineMaterials/Substrate/Glints2/dict_0004_0077.uasset" 8788
"../../../Engine/Content/EngineMaterials/Substrate/Glints2/dict_0004_0067.uasset" 8789
"../../../Engine/Content/EngineMaterials/Substrate/Glints2/dict_0004_0066.uasset" 8790
"../../../Engine/Content/EngineMaterials/Substrate/Glints2/dict_0004_0065.uasset" 8791
"../../../Engine/Content/EngineMaterials/Substrate/Glints2/dict_0004_0075.uasset" 8792
"../../../Engine/Content/EngineMaterials/Substrate/Glints2/dict_0004_0064.uasset" 8793
"../../../Engine/Content/EngineMaterials/Substrate/Glints2/dict_0004_0070.uasset" 8794
"../../../Engine/Content/EngineMaterials/Substrate/Glints2/dict_0004_0068.uasset" 8795
"/Engine/EngineMaterials/Substrate/Glints2/dict_0004_0065" 8796
"../../../Engine/Content/EngineMaterials/Substrate/Glints2/dict_0004_0063.uasset" 8797
"/Engine/EngineMaterials/Substrate/Glints2/dict_0004_0067" 8798
"/Engine/EngineMaterials/Substrate/Glints2/dict_0004_0068" 8799
"/Engine/EngineMaterials/Substrate/Glints2/dict_0004_0064" 8800
"/Engine/EngineMaterials/Substrate/Glints2/dict_0004_0069" 8801
"/Engine/EngineMaterials/Substrate/Glints2/dict_0004_0070" 8802
"/Engine/EngineMaterials/Substrate/Glints2/dict_0004_0066" 8803
"/Engine/EngineMaterials/Substrate/Glints2/dict_0004_0075" 8804
"/Engine/EngineMaterials/Substrate/Glints2/dict_0004_0077" 8805
"/Engine/EngineMaterials/Substrate/Glints2/dict_0004_0063" 8806
"../../../Engine/Content/EngineMaterials/Substrate/Glints2/dict_0004_0056.uasset" 8807
"../../../Engine/Content/EngineMaterials/Substrate/Glints2/dict_0004_0055.uasset" 8808
"/Engine/EngineMaterials/Substrate/Glints2/dict_0004_0056" 8809
"../../../Engine/Content/EngineMaterials/Substrate/Glints2/dict_0004_0059.uasset" 8810
"../../../Engine/Content/EngineMaterials/Substrate/Glints2/dict_0004_0061.uasset" 8811
"../../../Engine/Content/EngineMaterials/Substrate/Glints2/dict_0004_0058.uasset" 8812
"/Engine/EngineMaterials/Substrate/Glints2/dict_0004_0055" 8813
"/Engine/EngineMaterials/Substrate/Glints2/dict_0004_0058" 8814
"/Engine/EngineMaterials/Substrate/Glints2/dict_0004_0059" 8815
"../../../Engine/Content/EngineMaterials/Substrate/Glints2/dict_0004_0057.uasset" 8816
"/Engine/EngineMaterials/Substrate/Glints2/dict_0004_0061" 8817
"/Engine/EngineMaterials/Substrate/Glints2/dict_0004_0057" 8818
"../../../Engine/Content/EngineMaterials/Substrate/Glints2/dict_0004_0062.uasset" 8819
"../../../Engine/Content/EngineMaterials/Substrate/Glints2/dict_0004_0060.uasset" 8820
"../../../Engine/Content/EngineMaterials/Substrate/Glints2/dict_0004_0054.uasset" 8821
"../../../Engine/Content/EngineMaterials/Substrate/Glints2/dict_0004_0053.uasset" 8822
"../../../Engine/Content/EngineMaterials/Substrate/Glints2/dict_0004_0050.uasset" 8823
"../../../Engine/Content/EngineMaterials/Substrate/Glints2/dict_0004_0052.uasset" 8824
"../../../Engine/Content/EngineMaterials/Substrate/Glints2/dict_0004_0048.uasset" 8825
"../../../Engine/Content/EngineMaterials/Substrate/Glints2/dict_0004_0049.uasset" 8826
"../../../Engine/Content/EngineMaterials/Substrate/Glints2/dict_0004_0046.uasset" 8827
"../../../Engine/Content/EngineMaterials/Substrate/Glints2/dict_0004_0051.uasset" 8828
"../../../Engine/Content/EngineMaterials/Substrate/Glints2/dict_0004_0047.uasset" 8829
"../../../Engine/Content/EngineMaterials/Substrate/Glints2/dict_0004_0044.uasset" 8830
"../../../Engine/Content/EngineMaterials/Substrate/Glints2/dict_0004_0045.uasset" 8831
"/Engine/EngineMaterials/Substrate/Glints2/dict_0004_0046" 8832
"../../../Engine/Content/EngineMaterials/Substrate/Glints2/dict_0004_0043.uasset" 8833
"../../../Engine/Content/EngineMaterials/Substrate/Glints2/dict_0004_0041.uasset" 8834
"/Engine/EngineMaterials/Substrate/Glints2/dict_0004_0044" 8835
"../../../Engine/Content/EngineMaterials/Substrate/Glints2/dict_0004_0042.uasset" 8836
"/Engine/EngineMaterials/Substrate/Glints2/dict_0004_0052" 8837
"/Engine/EngineMaterials/Substrate/Glints2/dict_0004_0047" 8838
"/Engine/EngineMaterials/Substrate/Glints2/dict_0004_0053" 8839
"/Engine/EngineMaterials/Substrate/Glints2/dict_0004_0048" 8840
"/Engine/EngineMaterials/Substrate/Glints2/dict_0004_0054" 8841
"/Engine/EngineMaterials/Substrate/Glints2/dict_0004_0060" 8842
"/Engine/EngineMaterials/Substrate/Glints2/dict_0004_0062" 8843
"/Engine/EngineMaterials/Substrate/Glints2/dict_0004_0049" 8844
"/Engine/EngineMaterials/Substrate/Glints2/dict_0004_0050" 8845
"/Engine/EngineMaterials/Substrate/Glints2/dict_0004_0051" 8846
"/Engine/EngineMaterials/Substrate/Glints2/dict_0004_0042" 8847
"/Engine/EngineMaterials/Substrate/Glints2/dict_0004_0043" 8848
"/Engine/EngineMaterials/Substrate/Glints2/dict_0004_0045" 8849
"/Engine/EngineMaterials/Substrate/Glints2/dict_0004_0041" 8850
"../../../Engine/Content/EngineMaterials/Substrate/Glints2/dict_0004_0036.uasset" 8851
"../../../Engine/Content/EngineMaterials/Substrate/Glints2/dict_0004_0032.uasset" 8852
"../../../Engine/Content/EngineMaterials/Substrate/Glints2/dict_0004_0031.uasset" 8853
"../../../Engine/Content/EngineMaterials/Substrate/Glints2/dict_0004_0034.uasset" 8854
"../../../Engine/Content/EngineMaterials/Substrate/Glints2/dict_0004_0033.uasset" 8855
"../../../Engine/Content/EngineMaterials/Substrate/Glints2/dict_0004_0035.uasset" 8856
"../../../Engine/Content/EngineMaterials/Substrate/Glints2/dict_0004_0037.uasset" 8857
"/Engine/EngineMaterials/Substrate/Glints2/dict_0004_0032" 8858
"../../../Engine/Content/EngineMaterials/Substrate/Glints2/dict_0004_0040.uasset" 8859
"/Engine/EngineMaterials/Substrate/Glints2/dict_0004_0033" 8860
"../../../Engine/Content/EngineMaterials/Substrate/Glints2/dict_0004_0039.uasset" 8861
"../../../Engine/Content/EngineMaterials/Substrate/Glints2/dict_0004_0027.uasset" 8862
"../../../Engine/Content/EngineMaterials/Substrate/Glints2/dict_0004_0026.uasset" 8863
"/Engine/EngineMaterials/Substrate/Glints2/dict_0004_0034" 8864
"../../../Engine/Content/EngineMaterials/Substrate/Glints2/dict_0004_0028.uasset" 8865
"../../../Engine/Content/EngineMaterials/Substrate/Glints2/dict_0004_0038.uasset" 8866
"/Engine/EngineMaterials/Substrate/Glints2/dict_0004_0035" 8867
"/Engine/EngineMaterials/Substrate/Glints2/dict_0004_0036" 8868
"../../../Engine/Content/EngineMaterials/Substrate/Glints2/dict_0004_0030.uasset" 8869
"/Engine/EngineMaterials/Substrate/Glints2/dict_0004_0031" 8870
"/Engine/EngineMaterials/Substrate/Glints2/dict_0004_0037" 8871
"../../../Engine/Content/EngineMaterials/Substrate/Glints2/dict_0004_0029.uasset" 8872
"/Engine/EngineMaterials/Substrate/Glints2/dict_0004_0026" 8873
"/Engine/EngineMaterials/Substrate/Glints2/dict_0004_0027" 8874
"../../../Engine/Content/EngineMaterials/Substrate/Glints2/dict_0004_0021.uasset" 8875
"/Engine/EngineMaterials/Substrate/Glints2/dict_0004_0038" 8876
"../../../Engine/Content/EngineMaterials/Substrate/Glints2/dict_0004_0020.uasset" 8877
"../../../Engine/Content/EngineMaterials/Substrate/Glints2/dict_0004_0019.uasset" 8878
"/Engine/EngineMaterials/Substrate/Glints2/dict_0004_0028" 8879
"../../../Engine/Content/EngineMaterials/Substrate/Glints2/dict_0004_0016.uasset" 8880
"../../../Engine/Content/EngineMaterials/Substrate/Glints2/dict_0004_0017.uasset" 8881
"../../../Engine/Content/EngineMaterials/Substrate/Glints2/dict_0004_0018.uasset" 8882
"../../../Engine/Content/EngineMaterials/Substrate/Glints2/dict_0004_0025.uasset" 8883
"/Engine/EngineMaterials/Substrate/Glints2/dict_0004_0039" 8884
"/Engine/EngineMaterials/Substrate/Glints2/dict_0004_0030" 8885
"/Engine/EngineMaterials/Substrate/Glints2/dict_0004_0040" 8886
"/Engine/EngineMaterials/Substrate/Glints2/dict_0004_0016" 8887
"/Engine/EngineMaterials/Substrate/Glints2/dict_0004_0017" 8888
"/Engine/EngineMaterials/Substrate/Glints2/dict_0004_0018" 8889
"../../../Engine/Content/EngineMaterials/Substrate/Glints2/dict_0004_0024.uasset" 8890
"/Engine/EngineMaterials/Substrate/Glints2/dict_0004_0019" 8891
"/Engine/EngineMaterials/Substrate/Glints2/dict_0004_0029" 8892
"/Engine/EngineMaterials/Substrate/Glints2/dict_0004_0025" 8893
"/Engine/EngineMaterials/Substrate/Glints2/dict_0004_0020" 8894
"../../../Engine/Content/EngineMaterials/Substrate/Glints2/dict_0004_0014.uasset" 8895
"/Engine/EngineMaterials/Substrate/Glints2/dict_0004_0021" 8896
"/Engine/EngineMaterials/Substrate/Glints2/dict_0004_0014" 8897
"/Engine/EngineMaterials/Substrate/Glints2/dict_0004_0024" 8898
"../../../Engine/Content/EngineMaterials/Substrate/Glints2/dict_0004_0015.uasset" 8899
"/Engine/EngineMaterials/Substrate/Glints2/dict_0004_0015" 8900
"../../../Engine/Content/EngineMaterials/Substrate/Glints2/dict_0004_0013.uasset" 8901
"../../../Engine/Content/EngineMaterials/Substrate/Glints2/dict_0004_0012.uasset" 8902
"../../../Engine/Content/EngineMaterials/Substrate/Glints2/dict_0004_0011.uasset" 8903
"../../../Engine/Content/EngineMaterials/Substrate/Glints2/dict_0004_0009.uasset" 8904
"../../../Engine/Content/EngineMaterials/Substrate/Glints2/dict_0004_0004.uasset" 8905
"../../../Engine/Content/EngineMaterials/Substrate/Glints2/dict_0004_0006.uasset" 8906
"../../../Engine/Content/EngineMaterials/Substrate/Glints2/dict_0004_0007.uasset" 8907
"../../../Engine/Content/EngineMaterials/Substrate/Glints2/dict_0004_0022.uasset" 8908
"../../../Engine/Content/EngineMaterials/Substrate/Glints2/dict_0004_0005.uasset" 8909
"/Engine/EngineMaterials/Substrate/Glints2/dict_0004_0004" 8910
"../../../Engine/Content/EngineMaterials/Substrate/Glints2/dict_0004_0003.uasset" 8911
"/Engine/EngineMaterials/Substrate/Glints2/dict_0004_0006" 8912
"/Engine/EngineMaterials/Substrate/Glints2/dict_0004_0007" 8913
"/Engine/EngineMaterials/Substrate/Glints2/dict_0004_0013" 8914
"/Engine/EngineMaterials/Substrate/Glints2/dict_0004_0009" 8915
"/Engine/EngineMaterials/Substrate/Glints2/dict_0004_0011" 8916
"/Engine/EngineMaterials/Substrate/Glints2/dict_0004_0012" 8917
"/Engine/EngineMaterials/Substrate/Glints2/dict_0004_0003" 8918
"/Engine/EngineMaterials/Substrate/Glints2/dict_0004_0005" 8919
"/Engine/EngineMaterials/Substrate/Glints2/dict_0004_0022" 8920
"../../../Engine/Content/EngineMaterials/Substrate/Glints2/dict_0004_0023.uasset" 8921
"../../../Engine/Content/EngineMaterials/Substrate/Glints2/dict_0003_0255.uasset" 8922
"../../../Engine/Content/EngineMaterials/Substrate/Glints2/dict_0004_0001.uasset" 8923
"../../../Engine/Content/EngineMaterials/Substrate/Glints2/dict_0004_0008.uasset" 8924
"../../../Engine/Content/EngineMaterials/Substrate/Glints2/dict_0004_0000.uasset" 8925
"../../../Engine/Content/EngineMaterials/Substrate/Glints2/dict_0004_0002.uasset" 8926
"../../../Engine/Content/EngineMaterials/Substrate/Glints2/dict_0004_0010.uasset" 8927
"../../../Engine/Content/EngineMaterials/Substrate/Glints2/dict_0003_0252.uasset" 8928
"../../../Engine/Content/EngineMaterials/Substrate/Glints2/dict_0003_0253.uasset" 8929
"../../../Engine/Content/EngineMaterials/Substrate/Glints2/dict_0003_0251.uasset" 8930
"/Engine/EngineMaterials/Substrate/Glints2/dict_0004_0010" 8931
"/Engine/EngineMaterials/Substrate/Glints2/dict_0003_0252" 8932
"/Engine/EngineMaterials/Substrate/Glints2/dict_0003_0253" 8933
"/Engine/EngineMaterials/Substrate/Glints2/dict_0003_0255" 8934
"/Engine/EngineMaterials/Substrate/Glints2/dict_0004_0000" 8935
"/Engine/EngineMaterials/Substrate/Glints2/dict_0004_0001" 8936
"/Engine/EngineMaterials/Substrate/Glints2/dict_0004_0008" 8937
"/Engine/EngineMaterials/Substrate/Glints2/dict_0004_0002" 8938
"/Engine/EngineMaterials/Substrate/Glints2/dict_0004_0023" 8939
"/Engine/EngineMaterials/Substrate/Glints2/dict_0003_0251" 8940
"../../../Engine/Content/EngineMaterials/Substrate/Glints2/dict_0003_0243.uasset" 8941
"../../../Engine/Content/EngineMaterials/Substrate/Glints2/dict_0003_0242.uasset" 8942
"../../../Engine/Content/EngineMaterials/Substrate/Glints2/dict_0003_0249.uasset" 8943
"../../../Engine/Content/EngineMaterials/Substrate/Glints2/dict_0003_0244.uasset" 8944
"../../../Engine/Content/EngineMaterials/Substrate/Glints2/dict_0003_0247.uasset" 8945
"../../../Engine/Content/EngineMaterials/Substrate/Glints2/dict_0003_0250.uasset" 8946
"../../../Engine/Content/EngineMaterials/Substrate/Glints2/dict_0003_0246.uasset" 8947
"../../../Engine/Content/EngineMaterials/Substrate/Glints2/dict_0003_0248.uasset" 8948
"../../../Engine/Content/EngineMaterials/Substrate/Glints2/dict_0003_0241.uasset" 8949
"../../../Engine/Content/EngineMaterials/Substrate/Glints2/dict_0003_0240.uasset" 8950
"../../../Engine/Content/EngineMaterials/Substrate/Glints2/dict_0003_0245.uasset" 8951
"/Engine/EngineMaterials/Substrate/Glints2/dict_0003_0241" 8952
"../../../Engine/Content/EngineMaterials/Substrate/Glints2/dict_0003_0238.uasset" 8953
"/Engine/EngineMaterials/Substrate/Glints2/dict_0003_0240" 8954
"/Engine/EngineMaterials/Substrate/Glints2/dict_0003_0243" 8955
"/Engine/EngineMaterials/Substrate/Glints2/dict_0003_0244" 8956
"/Engine/EngineMaterials/Substrate/Glints2/dict_0003_0246" 8957
"/Engine/EngineMaterials/Substrate/Glints2/dict_0003_0247" 8958
"/Engine/EngineMaterials/Substrate/Glints2/dict_0003_0248" 8959
"/Engine/EngineMaterials/Substrate/Glints2/dict_0003_0249" 8960
"../../../Engine/Content/EngineMaterials/Substrate/Glints2/dict_0003_0239.uasset" 8961
"/Engine/EngineMaterials/Substrate/Glints2/dict_0003_0250" 8962
"../../../Engine/Content/EngineMaterials/Substrate/Glints2/dict_0003_0254.uasset" 8963
"../../../Engine/Content/EngineMaterials/Substrate/Glints2/dict_0003_0236.uasset" 8964
"/Engine/EngineMaterials/Substrate/Glints2/dict_0003_0242" 8965
"/Engine/EngineMaterials/Substrate/Glints2/dict_0003_0236" 8966
"/Engine/EngineMaterials/Substrate/Glints2/dict_0003_0245" 8967
"../../../Engine/Content/EngineMaterials/Substrate/Glints2/dict_0003_0234.uasset" 8968
"../../../Engine/Content/EngineMaterials/Substrate/Glints2/dict_0003_0230.uasset" 8969
"/Engine/EngineMaterials/Substrate/Glints2/dict_0003_0254" 8970
"/Engine/EngineMaterials/Substrate/Glints2/dict_0003_0238" 8971
"/Engine/EngineMaterials/Substrate/Glints2/dict_0003_0239" 8972
"/Engine/EngineMaterials/Substrate/Glints2/dict_0003_0230" 8973
"../../../Engine/Content/EngineMaterials/Substrate/Glints2/dict_0003_0233.uasset" 8974
"/Engine/EngineMaterials/Substrate/Glints2/dict_0003_0234" 8975
"/Engine/EngineMaterials/Substrate/Glints2/dict_0003_0233" 8976
"../../../Engine/Content/EngineMaterials/Substrate/Glints2/dict_0003_0231.uasset" 8977
"../../../Engine/Content/EngineMaterials/Substrate/Glints2/dict_0003_0232.uasset" 8978
"../../../Engine/Content/EngineMaterials/Substrate/Glints2/dict_0003_0225.uasset" 8979
"../../../Engine/Content/EngineMaterials/Substrate/Glints2/dict_0003_0229.uasset" 8980
"../../../Engine/Content/EngineMaterials/Substrate/Glints2/dict_0003_0226.uasset" 8981
"../../../Engine/Content/EngineMaterials/Substrate/Glints2/dict_0003_0237.uasset" 8982
"/Engine/EngineMaterials/Substrate/Glints2/dict_0003_0231" 8983
"/Engine/EngineMaterials/Substrate/Glints2/dict_0003_0237" 8984
"/Engine/EngineMaterials/Substrate/Glints2/dict_0003_0225" 8985
"/Engine/EngineMaterials/Substrate/Glints2/dict_0003_0226" 8986
"../../../Engine/Content/EngineMaterials/Substrate/Glints2/dict_0003_0222.uasset" 8987
"../../../Engine/Content/EngineMaterials/Substrate/Glints2/dict_0003_0224.uasset" 8988
"/Engine/EngineMaterials/Substrate/Glints2/dict_0003_0232" 8989
"/Engine/EngineMaterials/Substrate/Glints2/dict_0003_0229" 8990
"../../../Engine/Content/EngineMaterials/Substrate/Glints2/dict_0003_0220.uasset" 8991
"../../../Engine/Content/EngineMaterials/Substrate/Glints2/dict_0003_0221.uasset" 8992
"/Engine/EngineMaterials/Substrate/Glints2/dict_0003_0220" 8993
"/Engine/EngineMaterials/Substrate/Glints2/dict_0003_0222" 8994
"/Engine/EngineMaterials/Substrate/Glints2/dict_0003_0224" 8995
"/Engine/EngineMaterials/Substrate/Glints2/dict_0003_0221" 8996
"../../../Engine/Content/EngineMaterials/Substrate/Glints2/dict_0003_0223.uasset" 8997
"../../../Engine/Content/EngineMaterials/Substrate/Glints2/dict_0003_0218.uasset" 8998
"../../../Engine/Content/EngineMaterials/Substrate/Glints2/dict_0003_0228.uasset" 8999
"../../../Engine/Content/EngineMaterials/Substrate/Glints2/dict_0003_0216.uasset" 9000
"../../../Engine/Content/EngineMaterials/Substrate/Glints2/dict_0003_0217.uasset" 9001
"../../../Engine/Content/EngineMaterials/Substrate/Glints2/dict_0003_0215.uasset" 9002
"../../../Engine/Content/EngineMaterials/Substrate/Glints2/dict_0003_0235.uasset" 9003
"../../../Engine/Content/EngineMaterials/Substrate/Glints2/dict_0003_0214.uasset" 9004
"/Engine/EngineMaterials/Substrate/Glints2/dict_0003_0235" 9005
"../../../Engine/Content/EngineMaterials/Substrate/Glints2/dict_0003_0210.uasset" 9006
"../../../Engine/Content/EngineMaterials/Substrate/Glints2/dict_0003_0212.uasset" 9007
"../../../Engine/Content/EngineMaterials/Substrate/Glints2/dict_0003_0208.uasset" 9008
"/Engine/EngineMaterials/Substrate/Glints2/dict_0003_0214" 9009
"/Engine/EngineMaterials/Substrate/Glints2/dict_0003_0215" 9010
"../../../Engine/Content/EngineMaterials/Substrate/Glints2/dict_0003_0227.uasset" 9011
"/Engine/EngineMaterials/Substrate/Glints2/dict_0003_0216" 9012
"../../../Engine/Content/EngineMaterials/Substrate/Glints2/dict_0003_0219.uasset" 9013
"/Engine/EngineMaterials/Substrate/Glints2/dict_0003_0223" 9014
"/Engine/EngineMaterials/Substrate/Glints2/dict_0003_0217" 9015
"../../../Engine/Content/EngineMaterials/Substrate/Glints2/dict_0003_0206.uasset" 9016
"/Engine/EngineMaterials/Substrate/Glints2/dict_0003_0218" 9017
"../../../Engine/Content/EngineMaterials/Substrate/Glints2/dict_0003_0209.uasset" 9018
"/Engine/EngineMaterials/Substrate/Glints2/dict_0003_0228" 9019
"/Engine/EngineMaterials/Substrate/Glints2/dict_0003_0210" 9020
"/Engine/EngineMaterials/Substrate/Glints2/dict_0003_0212" 9021
"/Engine/EngineMaterials/Substrate/Glints2/dict_0003_0206" 9022
"/Engine/EngineMaterials/Substrate/Glints2/dict_0003_0208" 9023
"/Engine/EngineMaterials/Substrate/Glints2/dict_0003_0209" 9024
"/Engine/EngineMaterials/Substrate/Glints2/dict_0003_0227" 9025
"/Engine/EngineMaterials/Substrate/Glints2/dict_0003_0219" 9026
"../../../Engine/Content/EngineMaterials/Substrate/Glints2/dict_0003_0207.uasset" 9027
"../../../Engine/Content/EngineMaterials/Substrate/Glints2/dict_0003_0211.uasset" 9028
"../../../Engine/Content/EngineMaterials/Substrate/Glints2/dict_0003_0213.uasset" 9029
"../../../Engine/Content/EngineMaterials/Substrate/Glints2/dict_0003_0204.uasset" 9030
"../../../Engine/Content/EngineMaterials/Substrate/Glints2/dict_0003_0200.uasset" 9031
"../../../Engine/Content/EngineMaterials/Substrate/Glints2/dict_0003_0205.uasset" 9032
"../../../Engine/Content/EngineMaterials/Substrate/Glints2/dict_0003_0199.uasset" 9033
"../../../Engine/Content/EngineMaterials/Substrate/Glints2/dict_0003_0202.uasset" 9034
"/Engine/EngineMaterials/Substrate/Glints2/dict_0003_0202" 9035
"/Engine/EngineMaterials/Substrate/Glints2/dict_0003_0204" 9036
"/Engine/EngineMaterials/Substrate/Glints2/dict_0003_0205" 9037
"../../../Engine/Content/EngineMaterials/Substrate/Glints2/dict_0003_0196.uasset" 9038
"../../../Engine/Content/EngineMaterials/Substrate/Glints2/dict_0003_0201.uasset" 9039
"../../../Engine/Content/EngineMaterials/Substrate/Glints2/dict_0003_0193.uasset" 9040
"../../../Engine/Content/EngineMaterials/Substrate/Glints2/dict_0003_0194.uasset" 9041
"/Engine/EngineMaterials/Substrate/Glints2/dict_0003_0211" 9042
"/Engine/EngineMaterials/Substrate/Glints2/dict_0003_0213" 9043
"../../../Engine/Content/EngineMaterials/Substrate/Glints2/dict_0003_0195.uasset" 9044
"/Engine/EngineMaterials/Substrate/Glints2/dict_0003_0207" 9045
"../../../Engine/Content/EngineMaterials/Substrate/Glints2/dict_0003_0198.uasset" 9046
"/Engine/EngineMaterials/Substrate/Glints2/dict_0003_0199" 9047
"/Engine/EngineMaterials/Substrate/Glints2/dict_0003_0200" 9048
"../../../Engine/Content/EngineMaterials/Substrate/Glints2/dict_0003_0203.uasset" 9049
"../../../Engine/Content/EngineMaterials/Substrate/Glints2/dict_0003_0192.uasset" 9050
"/Engine/EngineMaterials/Substrate/Glints2/dict_0003_0196" 9051
"/Engine/EngineMaterials/Substrate/Glints2/dict_0003_0193" 9052
"/Engine/EngineMaterials/Substrate/Glints2/dict_0003_0194" 9053
"/Engine/EngineMaterials/Substrate/Glints2/dict_0003_0195" 9054
"/Engine/EngineMaterials/Substrate/Glints2/dict_0003_0198" 9055
"/Engine/EngineMaterials/Substrate/Glints2/dict_0003_0201" 9056
"/Engine/EngineMaterials/Substrate/Glints2/dict_0003_0203" 9057
"../../../Engine/Content/EngineMaterials/Substrate/Glints2/dict_0003_0197.uasset" 9058
"/Engine/EngineMaterials/Substrate/Glints2/dict_0003_0192" 9059
"/Engine/EngineMaterials/Substrate/Glints2/dict_0003_0197" 9060
"../../../Engine/Content/EngineMaterials/Substrate/Glints2/dict_0003_0186.uasset" 9061
"../../../Engine/Content/EngineMaterials/Substrate/Glints2/dict_0003_0190.uasset" 9062
"../../../Engine/Content/EngineMaterials/Substrate/Glints2/dict_0003_0188.uasset" 9063
"../../../Engine/Content/EngineMaterials/Substrate/Glints2/dict_0003_0183.uasset" 9064
"../../../Engine/Content/EngineMaterials/Substrate/Glints2/dict_0003_0189.uasset" 9065
"../../../Engine/Content/EngineMaterials/Substrate/Glints2/dict_0003_0187.uasset" 9066
"../../../Engine/Content/EngineMaterials/Substrate/Glints2/dict_0003_0191.uasset" 9067
"../../../Engine/Content/EngineMaterials/Substrate/Glints2/dict_0003_0182.uasset" 9068
"/Engine/EngineMaterials/Substrate/Glints2/dict_0003_0186" 9069
"/Engine/EngineMaterials/Substrate/Glints2/dict_0003_0187" 9070
"../../../Engine/Content/EngineMaterials/Substrate/Glints2/dict_0003_0185.uasset" 9071
"/Engine/EngineMaterials/Substrate/Glints2/dict_0003_0188" 9072
"/Engine/EngineMaterials/Substrate/Glints2/dict_0003_0189" 9073
"../../../Engine/Content/EngineMaterials/Substrate/Glints2/dict_0003_0184.uasset" 9074
"/Engine/EngineMaterials/Substrate/Glints2/dict_0003_0190" 9075
"/Engine/EngineMaterials/Substrate/Glints2/dict_0003_0182" 9076
"/Engine/EngineMaterials/Substrate/Glints2/dict_0003_0191" 9077
"/Engine/EngineMaterials/Substrate/Glints2/dict_0003_0183" 9078
"/Engine/EngineMaterials/Substrate/Glints2/dict_0003_0184" 9079
"/Engine/EngineMaterials/Substrate/Glints2/dict_0003_0185" 9080
"../../../Engine/Content/EngineMaterials/Substrate/Glints2/dict_0003_0181.uasset" 9081
"../../../Engine/Content/EngineMaterials/Substrate/Glints2/dict_0003_0174.uasset" 9082
"../../../Engine/Content/EngineMaterials/Substrate/Glints2/dict_0003_0179.uasset" 9083
"../../../Engine/Content/EngineMaterials/Substrate/Glints2/dict_0003_0175.uasset" 9084
"../../../Engine/Content/EngineMaterials/Substrate/Glints2/dict_0003_0178.uasset" 9085
"../../../Engine/Content/EngineMaterials/Substrate/Glints2/dict_0003_0180.uasset" 9086
"../../../Engine/Content/EngineMaterials/Substrate/Glints2/dict_0003_0176.uasset" 9087
"../../../Engine/Content/EngineMaterials/Substrate/Glints2/dict_0003_0173.uasset" 9088
"../../../Engine/Content/EngineMaterials/Substrate/Glints2/dict_0003_0172.uasset" 9089
"/Engine/EngineMaterials/Substrate/Glints2/dict_0003_0172" 9090
"../../../Engine/Content/EngineMaterials/Substrate/Glints2/dict_0003_0177.uasset" 9091
"/Engine/EngineMaterials/Substrate/Glints2/dict_0003_0178" 9092
"/Engine/EngineMaterials/Substrate/Glints2/dict_0003_0173" 9093
"/Engine/EngineMaterials/Substrate/Glints2/dict_0003_0179" 9094
"/Engine/EngineMaterials/Substrate/Glints2/dict_0003_0174" 9095
"/Engine/EngineMaterials/Substrate/Glints2/dict_0003_0180" 9096
"/Engine/EngineMaterials/Substrate/Glints2/dict_0003_0181" 9097
"/Engine/EngineMaterials/Substrate/Glints2/dict_0003_0175" 9098
"/Engine/EngineMaterials/Substrate/Glints2/dict_0003_0176" 9099
"/Engine/EngineMaterials/Substrate/Glints2/dict_0003_0177" 9100
"../../../Engine/Content/EngineMaterials/Substrate/Glints2/dict_0003_0170.uasset" 9101
"../../../Engine/Content/EngineMaterials/Substrate/Glints2/dict_0003_0168.uasset" 9102
"../../../Engine/Content/EngineMaterials/Substrate/Glints2/dict_0003_0171.uasset" 9103
"/Engine/EngineMaterials/Substrate/Glints2/dict_0003_0170" 9104
"/Engine/EngineMaterials/Substrate/Glints2/dict_0003_0171" 9105
"/Engine/EngineMaterials/Substrate/Glints2/dict_0003_0168" 9106
"../../../Engine/Content/EngineMaterials/Substrate/Glints2/dict_0003_0161.uasset" 9107
"../../../Engine/Content/EngineMaterials/Substrate/Glints2/dict_0003_0163.uasset" 9108
"../../../Engine/Content/EngineMaterials/Substrate/Glints2/dict_0003_0160.uasset" 9109
"../../../Engine/Content/EngineMaterials/Substrate/Glints2/dict_0003_0165.uasset" 9110
"../../../Engine/Content/EngineMaterials/Substrate/Glints2/dict_0003_0167.uasset" 9111
"../../../Engine/Content/EngineMaterials/Substrate/Glints2/dict_0003_0166.uasset" 9112
"../../../Engine/Content/EngineMaterials/Substrate/Glints2/dict_0003_0162.uasset" 9113
"../../../Engine/Content/EngineMaterials/Substrate/Glints2/dict_0003_0159.uasset" 9114
"../../../Engine/Content/EngineMaterials/Substrate/Glints2/dict_0003_0164.uasset" 9115
"../../../Engine/Content/EngineMaterials/Substrate/Glints2/dict_0003_0169.uasset" 9116
"/Engine/EngineMaterials/Substrate/Glints2/dict_0003_0161" 9117
"/Engine/EngineMaterials/Substrate/Glints2/dict_0003_0169" 9118
"/Engine/EngineMaterials/Substrate/Glints2/dict_0003_0163" 9119
"/Engine/EngineMaterials/Substrate/Glints2/dict_0003_0164" 9120
"/Engine/EngineMaterials/Substrate/Glints2/dict_0003_0160" 9121
"/Engine/EngineMaterials/Substrate/Glints2/dict_0003_0162" 9122
"/Engine/EngineMaterials/Substrate/Glints2/dict_0003_0165" 9123
"/Engine/EngineMaterials/Substrate/Glints2/dict_0003_0166" 9124
"/Engine/EngineMaterials/Substrate/Glints2/dict_0003_0167" 9125
"/Engine/EngineMaterials/Substrate/Glints2/dict_0003_0159" 9126
"../../../Engine/Content/EngineMaterials/Substrate/Glints2/dict_0003_0155.uasset" 9127
"../../../Engine/Content/EngineMaterials/Substrate/Glints2/dict_0003_0158.uasset" 9128
"../../../Engine/Content/EngineMaterials/Substrate/Glints2/dict_0003_0154.uasset" 9129
"../../../Engine/Content/EngineMaterials/Substrate/Glints2/dict_0003_0151.uasset" 9130
"../../../Engine/Content/EngineMaterials/Substrate/Glints2/dict_0003_0153.uasset" 9131
"../../../Engine/Content/EngineMaterials/Substrate/Glints2/dict_0003_0150.uasset" 9132
"../../../Engine/Content/EngineMaterials/Substrate/Glints2/dict_0003_0152.uasset" 9133
"../../../Engine/Content/EngineMaterials/Substrate/Glints2/dict_0003_0157.uasset" 9134
"../../../Engine/Content/EngineMaterials/Substrate/Glints2/dict_0003_0149.uasset" 9135
"../../../Engine/Content/EngineMaterials/Substrate/Glints2/dict_0003_0156.uasset" 9136
"/Engine/EngineMaterials/Substrate/Glints2/dict_0003_0150" 9137
"/Engine/EngineMaterials/Substrate/Glints2/dict_0003_0151" 9138
"/Engine/EngineMaterials/Substrate/Glints2/dict_0003_0152" 9139
"/Engine/EngineMaterials/Substrate/Glints2/dict_0003_0153" 9140
"/Engine/EngineMaterials/Substrate/Glints2/dict_0003_0154" 9141
"/Engine/EngineMaterials/Substrate/Glints2/dict_0003_0155" 9142
"/Engine/EngineMaterials/Substrate/Glints2/dict_0003_0156" 9143
"/Engine/EngineMaterials/Substrate/Glints2/dict_0003_0157" 9144
"/Engine/EngineMaterials/Substrate/Glints2/dict_0003_0149" 9145
"/Engine/EngineMaterials/Substrate/Glints2/dict_0003_0158" 9146
"../../../Engine/Content/EngineMaterials/Substrate/Glints2/dict_0003_0148.uasset" 9147
"/Engine/EngineMaterials/Substrate/Glints2/dict_0003_0148" 9148
"../../../Engine/Content/EngineMaterials/Substrate/Glints2/dict_0003_0141.uasset" 9149
"../../../Engine/Content/EngineMaterials/Substrate/Glints2/dict_0003_0144.uasset" 9150
"/Engine/EngineMaterials/Substrate/Glints2/dict_0003_0141" 9151
"/Engine/EngineMaterials/Substrate/Glints2/dict_0003_0144" 9152
"../../../Engine/Content/EngineMaterials/Substrate/Glints2/dict_0003_0143.uasset" 9153
"../../../Engine/Content/EngineMaterials/Substrate/Glints2/dict_0003_0140.uasset" 9154
"../../../Engine/Content/EngineMaterials/Substrate/Glints2/dict_0003_0142.uasset" 9155
"../../../Engine/Content/EngineMaterials/Substrate/Glints2/dict_0003_0139.uasset" 9156
"../../../Engine/Content/EngineMaterials/Substrate/Glints2/dict_0003_0146.uasset" 9157
"../../../Engine/Content/EngineMaterials/Substrate/Glints2/dict_0003_0145.uasset" 9158
"../../../Engine/Content/EngineMaterials/Substrate/Glints2/dict_0003_0147.uasset" 9159
"/Engine/EngineMaterials/Substrate/Glints2/dict_0003_0140" 9160
"/Engine/EngineMaterials/Substrate/Glints2/dict_0003_0142" 9161
"/Engine/EngineMaterials/Substrate/Glints2/dict_0003_0143" 9162
"/Engine/EngineMaterials/Substrate/Glints2/dict_0003_0145" 9163
"/Engine/EngineMaterials/Substrate/Glints2/dict_0003_0146" 9164
"/Engine/EngineMaterials/Substrate/Glints2/dict_0003_0147" 9165
"/Engine/EngineMaterials/Substrate/Glints2/dict_0003_0139" 9166
"../../../Engine/Content/EngineMaterials/Substrate/Glints2/dict_0003_0133.uasset" 9167
"../../../Engine/Content/EngineMaterials/Substrate/Glints2/dict_0003_0134.uasset" 9168
"../../../Engine/Content/EngineMaterials/Substrate/Glints2/dict_0003_0137.uasset" 9169
"../../../Engine/Content/EngineMaterials/Substrate/Glints2/dict_0003_0138.uasset" 9170
"../../../Engine/Content/EngineMaterials/Substrate/Glints2/dict_0003_0131.uasset" 9171
"../../../Engine/Content/EngineMaterials/Substrate/Glints2/dict_0003_0136.uasset" 9172
"../../../Engine/Content/EngineMaterials/Substrate/Glints2/dict_0003_0135.uasset" 9173
"../../../Engine/Content/EngineMaterials/Substrate/Glints2/dict_0003_0129.uasset" 9174
"/Engine/EngineMaterials/Substrate/Glints2/dict_0003_0129" 9175
"../../../Engine/Content/EngineMaterials/Substrate/Glints2/dict_0003_0128.uasset" 9176
"/Engine/EngineMaterials/Substrate/Glints2/dict_0003_0137" 9177
"/Engine/EngineMaterials/Substrate/Glints2/dict_0003_0138" 9178
"../../../Engine/Content/EngineMaterials/Substrate/Glints2/dict_0003_0127.uasset" 9179
"../../../Engine/Content/EngineMaterials/Substrate/Glints2/dict_0003_0126.uasset" 9180
"/Engine/EngineMaterials/Substrate/Glints2/dict_0003_0131" 9181
"/Engine/EngineMaterials/Substrate/Glints2/dict_0003_0133" 9182
"/Engine/EngineMaterials/Substrate/Glints2/dict_0003_0134" 9183
"/Engine/EngineMaterials/Substrate/Glints2/dict_0003_0135" 9184
"/Engine/EngineMaterials/Substrate/Glints2/dict_0003_0136" 9185
"/Engine/EngineMaterials/Substrate/Glints2/dict_0003_0127" 9186
"/Engine/EngineMaterials/Substrate/Glints2/dict_0003_0128" 9187
"../../../Engine/Content/EngineMaterials/Substrate/Glints2/dict_0003_0130.uasset" 9188
"/Engine/EngineMaterials/Substrate/Glints2/dict_0003_0126" 9189
"/Engine/EngineMaterials/Substrate/Glints2/dict_0003_0130" 9190
"../../../Engine/Content/EngineMaterials/Substrate/Glints2/dict_0003_0125.uasset" 9191
"../../../Engine/Content/EngineMaterials/Substrate/Glints2/dict_0003_0123.uasset" 9192
"../../../Engine/Content/EngineMaterials/Substrate/Glints2/dict_0003_0119.uasset" 9193
"../../../Engine/Content/EngineMaterials/Substrate/Glints2/dict_0003_0120.uasset" 9194
"../../../Engine/Content/EngineMaterials/Substrate/Glints2/dict_0003_0124.uasset" 9195
"../../../Engine/Content/EngineMaterials/Substrate/Glints2/dict_0003_0121.uasset" 9196
"../../../Engine/Content/EngineMaterials/Substrate/Glints2/dict_0003_0132.uasset" 9197
"../../../Engine/Content/EngineMaterials/Substrate/Glints2/dict_0003_0122.uasset" 9198
"/Engine/EngineMaterials/Substrate/Glints2/dict_0003_0132" 9199
"/Engine/EngineMaterials/Substrate/Glints2/dict_0003_0119" 9200
"/Engine/EngineMaterials/Substrate/Glints2/dict_0003_0120" 9201
"/Engine/EngineMaterials/Substrate/Glints2/dict_0003_0121" 9202
"/Engine/EngineMaterials/Substrate/Glints2/dict_0003_0122" 9203
"/Engine/EngineMaterials/Substrate/Glints2/dict_0003_0123" 9204
"/Engine/EngineMaterials/Substrate/Glints2/dict_0003_0124" 9205
"/Engine/EngineMaterials/Substrate/Glints2/dict_0003_0125" 9206
"../../../Engine/Content/EngineMaterials/Substrate/Glints2/dict_0003_0114.uasset" 9207
"../../../Engine/Content/EngineMaterials/Substrate/Glints2/dict_0003_0113.uasset" 9208
"../../../Engine/Content/EngineMaterials/Substrate/Glints2/dict_0003_0111.uasset" 9209
"../../../Engine/Content/EngineMaterials/Substrate/Glints2/dict_0003_0115.uasset" 9210
"../../../Engine/Content/EngineMaterials/Substrate/Glints2/dict_0003_0112.uasset" 9211
"../../../Engine/Content/EngineMaterials/Substrate/Glints2/dict_0003_0109.uasset" 9212
"../../../Engine/Content/EngineMaterials/Substrate/Glints2/dict_0003_0116.uasset" 9213
"../../../Engine/Content/EngineMaterials/Substrate/Glints2/dict_0003_0118.uasset" 9214
"../../../Engine/Content/EngineMaterials/Substrate/Glints2/dict_0003_0117.uasset" 9215
"../../../Engine/Content/EngineMaterials/Substrate/Glints2/dict_0003_0110.uasset" 9216
"/Engine/EngineMaterials/Substrate/Glints2/dict_0003_0117" 9217
"/Engine/EngineMaterials/Substrate/Glints2/dict_0003_0114" 9218
"/Engine/EngineMaterials/Substrate/Glints2/dict_0003_0109" 9219
"/Engine/EngineMaterials/Substrate/Glints2/dict_0003_0115" 9220
"/Engine/EngineMaterials/Substrate/Glints2/dict_0003_0118" 9221
"/Engine/EngineMaterials/Substrate/Glints2/dict_0003_0110" 9222
"/Engine/EngineMaterials/Substrate/Glints2/dict_0003_0111" 9223
"/Engine/EngineMaterials/Substrate/Glints2/dict_0003_0112" 9224
"/Engine/EngineMaterials/Substrate/Glints2/dict_0003_0116" 9225
"/Engine/EngineMaterials/Substrate/Glints2/dict_0003_0113" 9226
"../../../Engine/Content/EngineMaterials/Substrate/Glints2/dict_0003_0107.uasset" 9227
"../../../Engine/Content/EngineMaterials/Substrate/Glints2/dict_0003_0101.uasset" 9228
"/Engine/EngineMaterials/Substrate/Glints2/dict_0003_0107" 9229
"../../../Engine/Content/EngineMaterials/Substrate/Glints2/dict_0003_0105.uasset" 9230
"/Engine/EngineMaterials/Substrate/Glints2/dict_0003_0101" 9231
"/Engine/EngineMaterials/Substrate/Glints2/dict_0003_0105" 9232
"../../../Engine/Content/EngineMaterials/Substrate/Glints2/dict_0003_0102.uasset" 9233
"../../../Engine/Content/EngineMaterials/Substrate/Glints2/dict_0003_0100.uasset" 9234
"../../../Engine/Content/EngineMaterials/Substrate/Glints2/dict_0003_0104.uasset" 9235
"../../../Engine/Content/EngineMaterials/Substrate/Glints2/dict_0003_0108.uasset" 9236
"../../../Engine/Content/EngineMaterials/Substrate/Glints2/dict_0003_0098.uasset" 9237
"../../../Engine/Content/EngineMaterials/Substrate/Glints2/dict_0003_0106.uasset" 9238
"../../../Engine/Content/EngineMaterials/Substrate/Glints2/dict_0003_0103.uasset" 9239
"../../../Engine/Content/EngineMaterials/Substrate/Glints2/dict_0003_0097.uasset" 9240
"../../../Engine/Content/EngineMaterials/Substrate/Glints2/dict_0003_0095.uasset" 9241
"../../../Engine/Content/EngineMaterials/Substrate/Glints2/dict_0003_0094.uasset" 9242
"../../../Engine/Content/EngineMaterials/Substrate/Glints2/dict_0003_0099.uasset" 9243
"/Engine/EngineMaterials/Substrate/Glints2/dict_0003_0097" 9244
"/Engine/EngineMaterials/Substrate/Glints2/dict_0003_0099" 9245
"/Engine/EngineMaterials/Substrate/Glints2/dict_0003_0100" 9246
"../../../Engine/Content/EngineMaterials/Substrate/Glints2/dict_0003_0093.uasset" 9247
"/Engine/EngineMaterials/Substrate/Glints2/dict_0003_0095" 9248
"/Engine/EngineMaterials/Substrate/Glints2/dict_0003_0102" 9249
"../../../Engine/Content/EngineMaterials/Substrate/Glints2/dict_0003_0096.uasset" 9250
"/Engine/EngineMaterials/Substrate/Glints2/dict_0003_0108" 9251
"/Engine/EngineMaterials/Substrate/Glints2/dict_0003_0103" 9252
"/Engine/EngineMaterials/Substrate/Glints2/dict_0003_0104" 9253
"/Engine/EngineMaterials/Substrate/Glints2/dict_0003_0094" 9254
"/Engine/EngineMaterials/Substrate/Glints2/dict_0003_0098" 9255
"/Engine/EngineMaterials/Substrate/Glints2/dict_0003_0106" 9256
"/Engine/EngineMaterials/Substrate/Glints2/dict_0003_0096" 9257
"/Engine/EngineMaterials/Substrate/Glints2/dict_0003_0093" 9258
"../../../Engine/Content/EngineMaterials/Substrate/Glints2/dict_0003_0086.uasset" 9259
"../../../Engine/Content/EngineMaterials/Substrate/Glints2/dict_0003_0088.uasset" 9260
"../../../Engine/Content/EngineMaterials/Substrate/Glints2/dict_0003_0087.uasset" 9261
"../../../Engine/Content/EngineMaterials/Substrate/Glints2/dict_0003_0091.uasset" 9262
"../../../Engine/Content/EngineMaterials/Substrate/Glints2/dict_0003_0090.uasset" 9263
"../../../Engine/Content/EngineMaterials/Substrate/Glints2/dict_0003_0085.uasset" 9264
"../../../Engine/Content/EngineMaterials/Substrate/Glints2/dict_0003_0092.uasset" 9265
"../../../Engine/Content/EngineMaterials/Substrate/Glints2/dict_0003_0089.uasset" 9266
"../../../Engine/Content/EngineMaterials/Substrate/Glints2/dict_0003_0084.uasset" 9267
"../../../Engine/Content/EngineMaterials/Substrate/Glints2/dict_0003_0083.uasset" 9268
"../../../Engine/Content/EngineMaterials/Substrate/Glints2/dict_0003_0082.uasset" 9269
"../../../Engine/Content/EngineMaterials/Substrate/Glints2/dict_0003_0080.uasset" 9270
"../../../Engine/Content/EngineMaterials/Substrate/Glints2/dict_0003_0081.uasset" 9271
"../../../Engine/Content/EngineMaterials/Substrate/Glints2/dict_0003_0079.uasset" 9272
"/Engine/EngineMaterials/Substrate/Glints2/dict_0003_0087" 9273
"/Engine/EngineMaterials/Substrate/Glints2/dict_0003_0079" 9274
"/Engine/EngineMaterials/Substrate/Glints2/dict_0003_0080" 9275
"/Engine/EngineMaterials/Substrate/Glints2/dict_0003_0081" 9276
"/Engine/EngineMaterials/Substrate/Glints2/dict_0003_0088" 9277
"/Engine/EngineMaterials/Substrate/Glints2/dict_0003_0089" 9278
"/Engine/EngineMaterials/Substrate/Glints2/dict_0003_0090" 9279
"/Engine/EngineMaterials/Substrate/Glints2/dict_0003_0082" 9280
"/Engine/EngineMaterials/Substrate/Glints2/dict_0003_0083" 9281
"/Engine/EngineMaterials/Substrate/Glints2/dict_0003_0091" 9282
"/Engine/EngineMaterials/Substrate/Glints2/dict_0003_0084" 9283
"/Engine/EngineMaterials/Substrate/Glints2/dict_0003_0085" 9284
"/Engine/EngineMaterials/Substrate/Glints2/dict_0003_0092" 9285
"/Engine/EngineMaterials/Substrate/Glints2/dict_0003_0086" 9286
"../../../Engine/Content/EngineMaterials/Substrate/Glints2/dict_0003_0076.uasset" 9287
"../../../Engine/Content/EngineMaterials/Substrate/Glints2/dict_0003_0072.uasset" 9288
"../../../Engine/Content/EngineMaterials/Substrate/Glints2/dict_0003_0074.uasset" 9289
"../../../Engine/Content/EngineMaterials/Substrate/Glints2/dict_0003_0069.uasset" 9290
"../../../Engine/Content/EngineMaterials/Substrate/Glints2/dict_0003_0077.uasset" 9291
"../../../Engine/Content/EngineMaterials/Substrate/Glints2/dict_0003_0078.uasset" 9292
"../../../Engine/Content/EngineMaterials/Substrate/Glints2/dict_0003_0070.uasset" 9293
"../../../Engine/Content/EngineMaterials/Substrate/Glints2/dict_0003_0075.uasset" 9294
"../../../Engine/Content/EngineMaterials/Substrate/Glints2/dict_0003_0073.uasset" 9295
"../../../Engine/Content/EngineMaterials/Substrate/Glints2/dict_0003_0066.uasset" 9296
"../../../Engine/Content/EngineMaterials/Substrate/Glints2/dict_0003_0067.uasset" 9297
"../../../Engine/Content/EngineMaterials/Substrate/Glints2/dict_0003_0065.uasset" 9298
"../../../Engine/Content/EngineMaterials/Substrate/Glints2/dict_0003_0062.uasset" 9299
"../../../Engine/Content/EngineMaterials/Substrate/Glints2/dict_0003_0064.uasset" 9300
"../../../Engine/Content/EngineMaterials/Substrate/Glints2/dict_0003_0071.uasset" 9301
"/Engine/EngineMaterials/Substrate/Glints2/dict_0003_0065" 9302
"/Engine/EngineMaterials/Substrate/Glints2/dict_0003_0077" 9303
"/Engine/EngineMaterials/Substrate/Glints2/dict_0003_0066" 9304
"/Engine/EngineMaterials/Substrate/Glints2/dict_0003_0074" 9305
"/Engine/EngineMaterials/Substrate/Glints2/dict_0003_0067" 9306
"/Engine/EngineMaterials/Substrate/Glints2/dict_0003_0076" 9307
"/Engine/EngineMaterials/Substrate/Glints2/dict_0003_0078" 9308
"/Engine/EngineMaterials/Substrate/Glints2/dict_0003_0069" 9309
"/Engine/EngineMaterials/Substrate/Glints2/dict_0003_0070" 9310
"/Engine/EngineMaterials/Substrate/Glints2/dict_0003_0075" 9311
"../../../Engine/Content/EngineMaterials/Substrate/Glints2/dict_0003_0057.uasset" 9312
"../../../Engine/Content/EngineMaterials/Substrate/Glints2/dict_0003_0068.uasset" 9313
"../../../Engine/Content/EngineMaterials/Substrate/Glints2/dict_0003_0056.uasset" 9314
"/Engine/EngineMaterials/Substrate/Glints2/dict_0003_0062" 9315
"../../../Engine/Content/EngineMaterials/Substrate/Glints2/dict_0003_0054.uasset" 9316
"/Engine/EngineMaterials/Substrate/Glints2/dict_0003_0072" 9317
"../../../Engine/Content/EngineMaterials/Substrate/Glints2/dict_0003_0055.uasset" 9318
"/Engine/EngineMaterials/Substrate/Glints2/dict_0003_0073" 9319
"../../../Engine/Content/EngineMaterials/Substrate/Glints2/dict_0003_0059.uasset" 9320
"/Engine/EngineMaterials/Substrate/Glints2/dict_0003_0064" 9321
"/Engine/EngineMaterials/Substrate/Glints2/dict_0003_0068" 9322
"../../../Engine/Content/EngineMaterials/Substrate/Glints2/dict_0003_0063.uasset" 9323
"/Engine/EngineMaterials/Substrate/Glints2/dict_0003_0054" 9324
"/Engine/EngineMaterials/Substrate/Glints2/dict_0003_0055" 9325
"/Engine/EngineMaterials/Substrate/Glints2/dict_0003_0056" 9326
"/Engine/EngineMaterials/Substrate/Glints2/dict_0003_0057" 9327
"../../../Engine/Content/EngineMaterials/Substrate/Glints2/dict_0003_0058.uasset" 9328
"/Engine/EngineMaterials/Substrate/Glints2/dict_0003_0071" 9329
"/Engine/EngineMaterials/Substrate/Glints2/dict_0003_0063" 9330
"/Engine/EngineMaterials/Substrate/Glints2/dict_0003_0058" 9331
"/Engine/EngineMaterials/Substrate/Glints2/dict_0003_0059" 9332
"../../../Engine/Content/EngineMaterials/Substrate/Glints2/dict_0003_0060.uasset" 9333
"../../../Engine/Content/EngineMaterials/Substrate/Glints2/dict_0003_0061.uasset" 9334
"../../../Engine/Content/EngineMaterials/Substrate/Glints2/dict_0003_0053.uasset" 9335
"/Engine/EngineMaterials/Substrate/Glints2/dict_0003_0061" 9336
"/Engine/EngineMaterials/Substrate/Glints2/dict_0003_0053" 9337
"/Engine/EngineMaterials/Substrate/Glints2/dict_0003_0060" 9338
"../../../Engine/Content/EngineMaterials/Substrate/Glints2/dict_0003_0048.uasset" 9339
"../../../Engine/Content/EngineMaterials/Substrate/Glints2/dict_0003_0052.uasset" 9340
"../../../Engine/Content/EngineMaterials/Substrate/Glints2/dict_0003_0049.uasset" 9341
"../../../Engine/Content/EngineMaterials/Substrate/Glints2/dict_0003_0043.uasset" 9342
"../../../Engine/Content/EngineMaterials/Substrate/Glints2/dict_0003_0050.uasset" 9343
"../../../Engine/Content/EngineMaterials/Substrate/Glints2/dict_0003_0046.uasset" 9344
"../../../Engine/Content/EngineMaterials/Substrate/Glints2/dict_0003_0045.uasset" 9345
"/Engine/EngineMaterials/Substrate/Glints2/dict_0003_0048" 9346
"/Engine/EngineMaterials/Substrate/Glints2/dict_0003_0049" 9347
"/Engine/EngineMaterials/Substrate/Glints2/dict_0003_0050" 9348
"../../../Engine/Content/EngineMaterials/Substrate/Glints2/dict_0003_0051.uasset" 9349
"/Engine/EngineMaterials/Substrate/Glints2/dict_0003_0052" 9350
"/Engine/EngineMaterials/Substrate/Glints2/dict_0003_0043" 9351
"/Engine/EngineMaterials/Substrate/Glints2/dict_0003_0045" 9352
"/Engine/EngineMaterials/Substrate/Glints2/dict_0003_0046" 9353
"../../../Engine/Content/EngineMaterials/Substrate/Glints2/dict_0003_0047.uasset" 9354
"/Engine/EngineMaterials/Substrate/Glints2/dict_0003_0047" 9355
"../../../Engine/Content/EngineMaterials/Substrate/Glints2/dict_0003_0044.uasset" 9356
"/Engine/EngineMaterials/Substrate/Glints2/dict_0003_0051" 9357
"/Engine/EngineMaterials/Substrate/Glints2/dict_0003_0044" 9358
"../../../Engine/Content/EngineMaterials/Substrate/Glints2/dict_0003_0040.uasset" 9359
"../../../Engine/Content/EngineMaterials/Substrate/Glints2/dict_0003_0042.uasset" 9360
"/Engine/EngineMaterials/Substrate/Glints2/dict_0003_0040" 9361
"../../../Engine/Content/EngineMaterials/Substrate/Glints2/dict_0003_0038.uasset" 9362
"../../../Engine/Content/EngineMaterials/Substrate/Glints2/dict_0003_0037.uasset" 9363
"../../../Engine/Content/EngineMaterials/Substrate/Glints2/dict_0003_0041.uasset" 9364
"/Engine/EngineMaterials/Substrate/Glints2/dict_0003_0042" 9365
"/Engine/EngineMaterials/Substrate/Glints2/dict_0003_0037" 9366
"/Engine/EngineMaterials/Substrate/Glints2/dict_0003_0038" 9367
"/Engine/EngineMaterials/Substrate/Glints2/dict_0003_0041" 9368
"../../../Engine/Content/EngineMaterials/Substrate/Glints2/dict_0003_0033.uasset" 9369
"../../../Engine/Content/EngineMaterials/Substrate/Glints2/dict_0003_0039.uasset" 9370
"../../../Engine/Content/EngineMaterials/Substrate/Glints2/dict_0003_0034.uasset" 9371
"../../../Engine/Content/EngineMaterials/Substrate/Glints2/dict_0003_0035.uasset" 9372
"../../../Engine/Content/EngineMaterials/Substrate/Glints2/dict_0003_0028.uasset" 9373
"../../../Engine/Content/EngineMaterials/Substrate/Glints2/dict_0003_0031.uasset" 9374
"../../../Engine/Content/EngineMaterials/Substrate/Glints2/dict_0003_0029.uasset" 9375
"../../../Engine/Content/EngineMaterials/Substrate/Glints2/dict_0003_0032.uasset" 9376
"../../../Engine/Content/EngineMaterials/Substrate/Glints2/dict_0003_0030.uasset" 9377
"/Engine/EngineMaterials/Substrate/Glints2/dict_0003_0034" 9378
"/Engine/EngineMaterials/Substrate/Glints2/dict_0003_0035" 9379
"/Engine/EngineMaterials/Substrate/Glints2/dict_0003_0039" 9380
"/Engine/EngineMaterials/Substrate/Glints2/dict_0003_0028" 9381
"/Engine/EngineMaterials/Substrate/Glints2/dict_0003_0029" 9382
"/Engine/EngineMaterials/Substrate/Glints2/dict_0003_0030" 9383
"/Engine/EngineMaterials/Substrate/Glints2/dict_0003_0031" 9384
"/Engine/EngineMaterials/Substrate/Glints2/dict_0003_0032" 9385
"/Engine/EngineMaterials/Substrate/Glints2/dict_0003_0033" 9386
"../../../Engine/Content/EngineMaterials/Substrate/Glints2/dict_0003_0021.uasset" 9387
"../../../Engine/Content/EngineMaterials/Substrate/Glints2/dict_0003_0022.uasset" 9388
"../../../Engine/Content/EngineMaterials/Substrate/Glints2/dict_0003_0023.uasset" 9389
"../../../Engine/Content/EngineMaterials/Substrate/Glints2/dict_0003_0020.uasset" 9390
"/Engine/EngineMaterials/Substrate/Glints2/dict_0003_0021" 9391
"../../../Engine/Content/EngineMaterials/Substrate/Glints2/dict_0003_0036.uasset" 9392
"/Engine/EngineMaterials/Substrate/Glints2/dict_0003_0022" 9393
"/Engine/EngineMaterials/Substrate/Glints2/dict_0003_0023" 9394
"/Engine/EngineMaterials/Substrate/Glints2/dict_0003_0020" 9395
"/Engine/EngineMaterials/Substrate/Glints2/dict_0003_0036" 9396
"../../../Engine/Content/EngineMaterials/Substrate/Glints2/dict_0003_0024.uasset" 9397
"../../../Engine/Content/EngineMaterials/Substrate/Glints2/dict_0003_0026.uasset" 9398
"../../../Engine/Content/EngineMaterials/Substrate/Glints2/dict_0003_0017.uasset" 9399
"../../../Engine/Content/EngineMaterials/Substrate/Glints2/dict_0003_0015.uasset" 9400
"../../../Engine/Content/EngineMaterials/Substrate/Glints2/dict_0003_0019.uasset" 9401
"../../../Engine/Content/EngineMaterials/Substrate/Glints2/dict_0003_0018.uasset" 9402
"../../../Engine/Content/EngineMaterials/Substrate/Glints2/dict_0003_0025.uasset" 9403
"/Engine/EngineMaterials/Substrate/Glints2/dict_0003_0024" 9404
"/Engine/EngineMaterials/Substrate/Glints2/dict_0003_0015" 9405
"/Engine/EngineMaterials/Substrate/Glints2/dict_0003_0017" 9406
"/Engine/EngineMaterials/Substrate/Glints2/dict_0003_0018" 9407
"../../../Engine/Content/EngineMaterials/Substrate/Glints2/dict_0003_0016.uasset" 9408
"/Engine/EngineMaterials/Substrate/Glints2/dict_0003_0025" 9409
"/Engine/EngineMaterials/Substrate/Glints2/dict_0003_0026" 9410
"/Engine/EngineMaterials/Substrate/Glints2/dict_0003_0019" 9411
"/Engine/EngineMaterials/Substrate/Glints2/dict_0003_0016" 9412
"../../../Engine/Content/EngineMaterials/Substrate/Glints2/dict_0003_0014.uasset" 9413
"../../../Engine/Content/EngineMaterials/Substrate/Glints2/dict_0003_0008.uasset" 9414
"/Engine/EngineMaterials/Substrate/Glints2/dict_0003_0014" 9415
"../../../Engine/Content/EngineMaterials/Substrate/Glints2/dict_0003_0010.uasset" 9416
"../../../Engine/Content/EngineMaterials/Substrate/Glints2/dict_0003_0009.uasset" 9417
"../../../Engine/Content/EngineMaterials/Substrate/Glints2/dict_0003_0006.uasset" 9418
"/Engine/EngineMaterials/Substrate/Glints2/dict_0003_0008" 9419
"../../../Engine/Content/EngineMaterials/Substrate/Glints2/dict_0003_0011.uasset" 9420
"/Engine/EngineMaterials/Substrate/Glints2/dict_0003_0006" 9421
"/Engine/EngineMaterials/Substrate/Glints2/dict_0003_0009" 9422
"/Engine/EngineMaterials/Substrate/Glints2/dict_0003_0010" 9423
"/Engine/EngineMaterials/Substrate/Glints2/dict_0003_0011" 9424
"../../../Engine/Content/EngineMaterials/Substrate/Glints2/dict_0003_0003.uasset" 9425
"../../../Engine/Content/EngineMaterials/Substrate/Glints2/dict_0003_0001.uasset" 9426
"../../../Engine/Content/EngineMaterials/Substrate/Glints2/dict_0003_0000.uasset" 9427
"../../../Engine/Content/EngineMaterials/Substrate/Glints2/dict_0003_0002.uasset" 9428
"../../../Engine/Content/EngineMaterials/Substrate/Glints2/dict_0003_0027.uasset" 9429
"../../../Engine/Content/EngineMaterials/Substrate/Glints2/dict_0003_0004.uasset" 9430
"../../../Engine/Content/EngineMaterials/Substrate/Glints2/dict_0003_0012.uasset" 9431
"/Engine/EngineMaterials/Substrate/Glints2/dict_0003_0027" 9432
"/Engine/EngineMaterials/Substrate/Glints2/dict_0003_0012" 9433
"../../../Engine/Content/EngineMaterials/Substrate/Glints2/dict_0003_0007.uasset" 9434
"/Engine/EngineMaterials/Substrate/Glints2/dict_0003_0000" 9435
"../../../Engine/Content/EngineMaterials/Substrate/Glints2/dict_0003_0005.uasset" 9436
"/Engine/EngineMaterials/Substrate/Glints2/dict_0003_0001" 9437
"/Engine/EngineMaterials/Substrate/Glints2/dict_0003_0002" 9438
"../../../Engine/Content/EngineMaterials/Substrate/Glints2/dict_0003_0013.uasset" 9439
"/Engine/EngineMaterials/Substrate/Glints2/dict_0003_0003" 9440
"/Engine/EngineMaterials/Substrate/Glints2/dict_0003_0004" 9441
"/Engine/EngineMaterials/Substrate/Glints2/dict_0003_0007" 9442
"/Engine/EngineMaterials/Substrate/Glints2/dict_0003_0013" 9443
"/Engine/EngineMaterials/Substrate/Glints2/dict_0003_0005" 9444
"../../../Engine/Content/EngineMaterials/Substrate/Glints2/dict_0002_0248.uasset" 9445
"../../../Engine/Content/EngineMaterials/Substrate/Glints2/dict_0002_0253.uasset" 9446
"../../../Engine/Content/EngineMaterials/Substrate/Glints2/dict_0002_0252.uasset" 9447
"../../../Engine/Content/EngineMaterials/Substrate/Glints2/dict_0002_0255.uasset" 9448
"../../../Engine/Content/EngineMaterials/Substrate/Glints2/dict_0002_0254.uasset" 9449
"../../../Engine/Content/EngineMaterials/Substrate/Glints2/dict_0002_0247.uasset" 9450
"../../../Engine/Content/EngineMaterials/Substrate/Glints2/dict_0002_0251.uasset" 9451
"../../../Engine/Content/EngineMaterials/Substrate/Glints2/dict_0002_0246.uasset" 9452
"../../../Engine/Content/EngineMaterials/Substrate/Glints2/dict_0002_0250.uasset" 9453
"/Engine/EngineMaterials/Substrate/Glints2/dict_0002_0253" 9454
"../../../Engine/Content/EngineMaterials/Substrate/Glints2/dict_0002_0249.uasset" 9455
"../../../Engine/Content/EngineMaterials/Substrate/Glints2/dict_0002_0244.uasset" 9456
"/Engine/EngineMaterials/Substrate/Glints2/dict_0002_0254" 9457
"../../../Engine/Content/EngineMaterials/Substrate/Glints2/dict_0002_0245.uasset" 9458
"../../../Engine/Content/EngineMaterials/Substrate/Glints2/dict_0002_0243.uasset" 9459
"../../../Engine/Content/EngineMaterials/Substrate/Glints2/dict_0002_0242.uasset" 9460
"/Engine/EngineMaterials/Substrate/Glints2/dict_0002_0248" 9461
"/Engine/EngineMaterials/Substrate/Glints2/dict_0002_0255" 9462
"/Engine/EngineMaterials/Substrate/Glints2/dict_0002_0250" 9463
"/Engine/EngineMaterials/Substrate/Glints2/dict_0002_0246" 9464
"/Engine/EngineMaterials/Substrate/Glints2/dict_0002_0247" 9465
"../../../Engine/Content/EngineMaterials/Substrate/Glints2/dict_0002_0240.uasset" 9466
"/Engine/EngineMaterials/Substrate/Glints2/dict_0002_0251" 9467
"/Engine/EngineMaterials/Substrate/Glints2/dict_0002_0252" 9468
"/Engine/EngineMaterials/Substrate/Glints2/dict_0002_0249" 9469
"/Engine/EngineMaterials/Substrate/Glints2/dict_0002_0242" 9470
"/Engine/EngineMaterials/Substrate/Glints2/dict_0002_0240" 9471
"/Engine/EngineMaterials/Substrate/Glints2/dict_0002_0243" 9472
"/Engine/EngineMaterials/Substrate/Glints2/dict_0002_0244" 9473
"/Engine/EngineMaterials/Substrate/Glints2/dict_0002_0245" 9474
"../../../Engine/Content/EngineMaterials/Substrate/Glints2/dict_0002_0232.uasset" 9475
"../../../Engine/Content/EngineMaterials/Substrate/Glints2/dict_0002_0234.uasset" 9476
"../../../Engine/Content/EngineMaterials/Substrate/Glints2/dict_0002_0235.uasset" 9477
"../../../Engine/Content/EngineMaterials/Substrate/Glints2/dict_0002_0233.uasset" 9478
"../../../Engine/Content/EngineMaterials/Substrate/Glints2/dict_0002_0236.uasset" 9479
"../../../Engine/Content/EngineMaterials/Substrate/Glints2/dict_0002_0231.uasset" 9480
"../../../Engine/Content/EngineMaterials/Substrate/Glints2/dict_0002_0241.uasset" 9481
"../../../Engine/Content/EngineMaterials/Substrate/Glints2/dict_0002_0237.uasset" 9482
"../../../Engine/Content/EngineMaterials/Substrate/Glints2/dict_0002_0239.uasset" 9483
"../../../Engine/Content/EngineMaterials/Substrate/Glints2/dict_0002_0238.uasset" 9484
"/Engine/EngineMaterials/Substrate/Glints2/dict_0002_0241" 9485
"/Engine/EngineMaterials/Substrate/Glints2/dict_0002_0234" 9486
"/Engine/EngineMaterials/Substrate/Glints2/dict_0002_0235" 9487
"/Engine/EngineMaterials/Substrate/Glints2/dict_0002_0238" 9488
"/Engine/EngineMaterials/Substrate/Glints2/dict_0002_0239" 9489
"/Engine/EngineMaterials/Substrate/Glints2/dict_0002_0231" 9490
"/Engine/EngineMaterials/Substrate/Glints2/dict_0002_0232" 9491
"/Engine/EngineMaterials/Substrate/Glints2/dict_0002_0236" 9492
"/Engine/EngineMaterials/Substrate/Glints2/dict_0002_0233" 9493
"/Engine/EngineMaterials/Substrate/Glints2/dict_0002_0237" 9494
"../../../Engine/Content/EngineMaterials/Substrate/Glints2/dict_0002_0229.uasset" 9495
"../../../Engine/Content/EngineMaterials/Substrate/Glints2/dict_0002_0227.uasset" 9496
"../../../Engine/Content/EngineMaterials/Substrate/Glints2/dict_0002_0230.uasset" 9497
"../../../Engine/Content/EngineMaterials/Substrate/Glints2/dict_0002_0226.uasset" 9498
"../../../Engine/Content/EngineMaterials/Substrate/Glints2/dict_0002_0222.uasset" 9499
"../../../Engine/Content/EngineMaterials/Substrate/Glints2/dict_0002_0228.uasset" 9500
"../../../Engine/Content/EngineMaterials/Substrate/Glints2/dict_0002_0224.uasset" 9501
"../../../Engine/Content/EngineMaterials/Substrate/Glints2/dict_0002_0225.uasset" 9502
"../../../Engine/Content/EngineMaterials/Substrate/Glints2/dict_0002_0221.uasset" 9503
"../../../Engine/Content/EngineMaterials/Substrate/Glints2/dict_0002_0223.uasset" 9504
"/Engine/EngineMaterials/Substrate/Glints2/dict_0002_0227" 9505
"/Engine/EngineMaterials/Substrate/Glints2/dict_0002_0224" 9506
"/Engine/EngineMaterials/Substrate/Glints2/dict_0002_0228" 9507
"/Engine/EngineMaterials/Substrate/Glints2/dict_0002_0229" 9508
"/Engine/EngineMaterials/Substrate/Glints2/dict_0002_0225" 9509
"../../../Engine/Content/EngineMaterials/Substrate/Glints2/dict_0002_0220.uasset" 9510
"../../../Engine/Content/EngineMaterials/Substrate/Glints2/dict_0002_0219.uasset" 9511
"../../../Engine/Content/EngineMaterials/Substrate/Glints2/dict_0002_0218.uasset" 9512
"/Engine/EngineMaterials/Substrate/Glints2/dict_0002_0230" 9513
"../../../Engine/Content/EngineMaterials/Substrate/Glints2/dict_0002_0217.uasset" 9514
"/Engine/EngineMaterials/Substrate/Glints2/dict_0002_0226" 9515
"/Engine/EngineMaterials/Substrate/Glints2/dict_0002_0221" 9516
"/Engine/EngineMaterials/Substrate/Glints2/dict_0002_0222" 9517
"/Engine/EngineMaterials/Substrate/Glints2/dict_0002_0223" 9518
"/Engine/EngineMaterials/Substrate/Glints2/dict_0002_0217" 9519
"/Engine/EngineMaterials/Substrate/Glints2/dict_0002_0218" 9520
"/Engine/EngineMaterials/Substrate/Glints2/dict_0002_0219" 9521
"/Engine/EngineMaterials/Substrate/Glints2/dict_0002_0220" 9522
"../../../Engine/Content/EngineMaterials/Substrate/Glints2/dict_0002_0216.uasset" 9523
"../../../Engine/Content/EngineMaterials/Substrate/Glints2/dict_0002_0208.uasset" 9524
"../../../Engine/Content/EngineMaterials/Substrate/Glints2/dict_0002_0210.uasset" 9525
"../../../Engine/Content/EngineMaterials/Substrate/Glints2/dict_0002_0207.uasset" 9526
"../../../Engine/Content/EngineMaterials/Substrate/Glints2/dict_0002_0213.uasset" 9527
"../../../Engine/Content/EngineMaterials/Substrate/Glints2/dict_0002_0209.uasset" 9528
"../../../Engine/Content/EngineMaterials/Substrate/Glints2/dict_0002_0215.uasset" 9529
"../../../Engine/Content/EngineMaterials/Substrate/Glints2/dict_0002_0211.uasset" 9530
"../../../Engine/Content/EngineMaterials/Substrate/Glints2/dict_0002_0212.uasset" 9531
"/Engine/EngineMaterials/Substrate/Glints2/dict_0002_0209" 9532
"/Engine/EngineMaterials/Substrate/Glints2/dict_0002_0215" 9533
"../../../Engine/Content/EngineMaterials/Substrate/Glints2/dict_0002_0202.uasset" 9534
"/Engine/EngineMaterials/Substrate/Glints2/dict_0002_0216" 9535
"../../../Engine/Content/EngineMaterials/Substrate/Glints2/dict_0002_0204.uasset" 9536
"../../../Engine/Content/EngineMaterials/Substrate/Glints2/dict_0002_0206.uasset" 9537
"../../../Engine/Content/EngineMaterials/Substrate/Glints2/dict_0002_0203.uasset" 9538
"/Engine/EngineMaterials/Substrate/Glints2/dict_0002_0210" 9539
"/Engine/EngineMaterials/Substrate/Glints2/dict_0002_0211" 9540
"/Engine/EngineMaterials/Substrate/Glints2/dict_0002_0212" 9541
"/Engine/EngineMaterials/Substrate/Glints2/dict_0002_0213" 9542
"/Engine/EngineMaterials/Substrate/Glints2/dict_0002_0207" 9543
"/Engine/EngineMaterials/Substrate/Glints2/dict_0002_0208" 9544
"/Engine/EngineMaterials/Substrate/Glints2/dict_0002_0202" 9545
"/Engine/EngineMaterials/Substrate/Glints2/dict_0002_0203" 9546
"../../../Engine/Content/EngineMaterials/Substrate/Glints2/dict_0002_0214.uasset" 9547
"/Engine/EngineMaterials/Substrate/Glints2/dict_0002_0204" 9548
"/Engine/EngineMaterials/Substrate/Glints2/dict_0002_0206" 9549
"/Engine/EngineMaterials/Substrate/Glints2/dict_0002_0214" 9550
"../../../Engine/Content/EngineMaterials/Substrate/Glints2/dict_0002_0205.uasset" 9551
"../../../Engine/Content/EngineMaterials/Substrate/Glints2/dict_0002_0195.uasset" 9552
"../../../Engine/Content/EngineMaterials/Substrate/Glints2/dict_0002_0200.uasset" 9553
"../../../Engine/Content/EngineMaterials/Substrate/Glints2/dict_0002_0201.uasset" 9554
"../../../Engine/Content/EngineMaterials/Substrate/Glints2/dict_0002_0194.uasset" 9555
"../../../Engine/Content/EngineMaterials/Substrate/Glints2/dict_0002_0196.uasset" 9556
"../../../Engine/Content/EngineMaterials/Substrate/Glints2/dict_0002_0198.uasset" 9557
"../../../Engine/Content/EngineMaterials/Substrate/Glints2/dict_0002_0197.uasset" 9558
"../../../Engine/Content/EngineMaterials/Substrate/Glints2/dict_0002_0199.uasset" 9559
"../../../Engine/Content/EngineMaterials/Substrate/Glints2/dict_0002_0193.uasset" 9560
"/Engine/EngineMaterials/Substrate/Glints2/dict_0002_0199" 9561
"/Engine/EngineMaterials/Substrate/Glints2/dict_0002_0200" 9562
"/Engine/EngineMaterials/Substrate/Glints2/dict_0002_0201" 9563
"/Engine/EngineMaterials/Substrate/Glints2/dict_0002_0193" 9564
"/Engine/EngineMaterials/Substrate/Glints2/dict_0002_0194" 9565
"/Engine/EngineMaterials/Substrate/Glints2/dict_0002_0205" 9566
"/Engine/EngineMaterials/Substrate/Glints2/dict_0002_0195" 9567
"/Engine/EngineMaterials/Substrate/Glints2/dict_0002_0196" 9568
"/Engine/EngineMaterials/Substrate/Glints2/dict_0002_0197" 9569
"/Engine/EngineMaterials/Substrate/Glints2/dict_0002_0198" 9570
"../../../Engine/Content/EngineMaterials/Substrate/Glints2/dict_0002_0192.uasset" 9571
"../../../Engine/Content/EngineMaterials/Substrate/Glints2/dict_0002_0189.uasset" 9572
"/Engine/EngineMaterials/Substrate/Glints2/dict_0002_0189" 9573
"../../../Engine/Content/EngineMaterials/Substrate/Glints2/dict_0002_0191.uasset" 9574
"../../../Engine/Content/EngineMaterials/Substrate/Glints2/dict_0002_0187.uasset" 9575
"/Engine/EngineMaterials/Substrate/Glints2/dict_0002_0192" 9576
"../../../Engine/Content/EngineMaterials/Substrate/Glints2/dict_0002_0190.uasset" 9577
"/Engine/EngineMaterials/Substrate/Glints2/dict_0002_0190" 9578
"/Engine/EngineMaterials/Substrate/Glints2/dict_0002_0191" 9579
"/Engine/EngineMaterials/Substrate/Glints2/dict_0002_0187" 9580
"../../../Engine/Content/EngineMaterials/Substrate/Glints2/dict_0002_0185.uasset" 9581
"../../../Engine/Content/EngineMaterials/Substrate/Glints2/dict_0002_0188.uasset" 9582
"../../../Engine/Content/EngineMaterials/Substrate/Glints2/dict_0002_0182.uasset" 9583
"../../../Engine/Content/EngineMaterials/Substrate/Glints2/dict_0002_0186.uasset" 9584
"../../../Engine/Content/EngineMaterials/Substrate/Glints2/dict_0002_0183.uasset" 9585
"../../../Engine/Content/EngineMaterials/Substrate/Glints2/dict_0002_0181.uasset" 9586
"../../../Engine/Content/EngineMaterials/Substrate/Glints2/dict_0002_0184.uasset" 9587
"/Engine/EngineMaterials/Substrate/Glints2/dict_0002_0185" 9588
"/Engine/EngineMaterials/Substrate/Glints2/dict_0002_0186" 9589
"/Engine/EngineMaterials/Substrate/Glints2/dict_0002_0181" 9590
"../../../Engine/Content/EngineMaterials/Substrate/Glints2/dict_0002_0180.uasset" 9591
"/Engine/EngineMaterials/Substrate/Glints2/dict_0002_0182" 9592
"../../../Engine/Content/EngineMaterials/Substrate/Glints2/dict_0002_0177.uasset" 9593
"/Engine/EngineMaterials/Substrate/Glints2/dict_0002_0183" 9594
"../../../Engine/Content/EngineMaterials/Substrate/Glints2/dict_0002_0175.uasset" 9595
"../../../Engine/Content/EngineMaterials/Substrate/Glints2/dict_0002_0178.uasset" 9596
"/Engine/EngineMaterials/Substrate/Glints2/dict_0002_0188" 9597
"/Engine/EngineMaterials/Substrate/Glints2/dict_0002_0184" 9598
"/Engine/EngineMaterials/Substrate/Glints2/dict_0002_0177" 9599
"/Engine/EngineMaterials/Substrate/Glints2/dict_0002_0178" 9600
"/Engine/EngineMaterials/Substrate/Glints2/dict_0002_0180" 9601
"/Engine/EngineMaterials/Substrate/Glints2/dict_0002_0175" 9602
"../../../Engine/Content/EngineMaterials/Substrate/Glints2/dict_0002_0172.uasset" 9603
"../../../Engine/Content/EngineMaterials/Substrate/Glints2/dict_0002_0179.uasset" 9604
"../../../Engine/Content/EngineMaterials/Substrate/Glints2/dict_0002_0167.uasset" 9605
"../../../Engine/Content/EngineMaterials/Substrate/Glints2/dict_0002_0173.uasset" 9606
"../../../Engine/Content/EngineMaterials/Substrate/Glints2/dict_0002_0176.uasset" 9607
"../../../Engine/Content/EngineMaterials/Substrate/Glints2/dict_0002_0170.uasset" 9608
"../../../Engine/Content/EngineMaterials/Substrate/Glints2/dict_0002_0168.uasset" 9609
"/Engine/EngineMaterials/Substrate/Glints2/dict_0002_0176" 9610
"../../../Engine/Content/EngineMaterials/Substrate/Glints2/dict_0002_0166.uasset" 9611
"../../../Engine/Content/EngineMaterials/Substrate/Glints2/dict_0002_0169.uasset" 9612
"../../../Engine/Content/EngineMaterials/Substrate/Glints2/dict_0002_0171.uasset" 9613
"/Engine/EngineMaterials/Substrate/Glints2/dict_0002_0172" 9614
"/Engine/EngineMaterials/Substrate/Glints2/dict_0002_0179" 9615
"/Engine/EngineMaterials/Substrate/Glints2/dict_0002_0173" 9616
"/Engine/EngineMaterials/Substrate/Glints2/dict_0002_0167" 9617
"/Engine/EngineMaterials/Substrate/Glints2/dict_0002_0168" 9618
"../../../Engine/Content/EngineMaterials/Substrate/Glints2/dict_0002_0174.uasset" 9619
"../../../Engine/Content/EngineMaterials/Substrate/Glints2/dict_0002_0160.uasset" 9620
"/Engine/EngineMaterials/Substrate/Glints2/dict_0002_0170" 9621
"../../../Engine/Content/EngineMaterials/Substrate/Glints2/dict_0002_0164.uasset" 9622
"/Engine/EngineMaterials/Substrate/Glints2/dict_0002_0160" 9623
"/Engine/EngineMaterials/Substrate/Glints2/dict_0002_0174" 9624
"/Engine/EngineMaterials/Substrate/Glints2/dict_0002_0166" 9625
"/Engine/EngineMaterials/Substrate/Glints2/dict_0002_0171" 9626
"/Engine/EngineMaterials/Substrate/Glints2/dict_0002_0169" 9627
"/Engine/EngineMaterials/Substrate/Glints2/dict_0002_0164" 9628
"../../../Engine/Content/EngineMaterials/Substrate/Glints2/dict_0002_0161.uasset" 9629
"../../../Engine/Content/EngineMaterials/Substrate/Glints2/dict_0002_0162.uasset" 9630
"../../../Engine/Content/EngineMaterials/Substrate/Glints2/dict_0002_0165.uasset" 9631
"../../../Engine/Content/EngineMaterials/Substrate/Glints2/dict_0002_0159.uasset" 9632
"../../../Engine/Content/EngineMaterials/Substrate/Glints2/dict_0002_0157.uasset" 9633
"../../../Engine/Content/EngineMaterials/Substrate/Glints2/dict_0002_0163.uasset" 9634
"../../../Engine/Content/EngineMaterials/Substrate/Glints2/dict_0002_0155.uasset" 9635
"../../../Engine/Content/EngineMaterials/Substrate/Glints2/dict_0002_0158.uasset" 9636
"../../../Engine/Content/EngineMaterials/Substrate/Glints2/dict_0002_0156.uasset" 9637
"../../../Engine/Content/EngineMaterials/Substrate/Glints2/dict_0002_0153.uasset" 9638
"../../../Engine/Content/EngineMaterials/Substrate/Glints2/dict_0002_0154.uasset" 9639
"../../../Engine/Content/EngineMaterials/Substrate/Glints2/dict_0002_0152.uasset" 9640
"/Engine/EngineMaterials/Substrate/Glints2/dict_0002_0161" 9641
"../../../Engine/Content/EngineMaterials/Substrate/Glints2/dict_0002_0150.uasset" 9642
"/Engine/EngineMaterials/Substrate/Glints2/dict_0002_0159" 9643
"/Engine/EngineMaterials/Substrate/Glints2/dict_0002_0162" 9644
"../../../Engine/Content/EngineMaterials/Substrate/Glints2/dict_0002_0147.uasset" 9645
"/Engine/EngineMaterials/Substrate/Glints2/dict_0002_0156" 9646
"../../../Engine/Content/EngineMaterials/Substrate/Glints2/dict_0002_0151.uasset" 9647
"/Engine/EngineMaterials/Substrate/Glints2/dict_0002_0157" 9648
"/Engine/EngineMaterials/Substrate/Glints2/dict_0002_0163" 9649
"../../../Engine/Content/EngineMaterials/Substrate/Glints2/dict_0002_0149.uasset" 9650
"/Engine/EngineMaterials/Substrate/Glints2/dict_0002_0158" 9651
"/Engine/EngineMaterials/Substrate/Glints2/dict_0002_0165" 9652
"/Engine/EngineMaterials/Substrate/Glints2/dict_0002_0152" 9653
"/Engine/EngineMaterials/Substrate/Glints2/dict_0002_0153" 9654
"../../../Engine/Content/EngineMaterials/Substrate/Glints2/dict_0002_0148.uasset" 9655
"/Engine/EngineMaterials/Substrate/Glints2/dict_0002_0154" 9656
"/Engine/EngineMaterials/Substrate/Glints2/dict_0002_0155" 9657
"/Engine/EngineMaterials/Substrate/Glints2/dict_0002_0149" 9658
"/Engine/EngineMaterials/Substrate/Glints2/dict_0002_0150" 9659
"/Engine/EngineMaterials/Substrate/Glints2/dict_0002_0147" 9660
"/Engine/EngineMaterials/Substrate/Glints2/dict_0002_0151" 9661
"/Engine/EngineMaterials/Substrate/Glints2/dict_0002_0148" 9662
"../../../Engine/Content/EngineMaterials/Substrate/Glints2/dict_0002_0142.uasset" 9663
"../../../Engine/Content/EngineMaterials/Substrate/Glints2/dict_0002_0138.uasset" 9664
"../../../Engine/Content/EngineMaterials/Substrate/Glints2/dict_0002_0139.uasset" 9665
"../../../Engine/Content/EngineMaterials/Substrate/Glints2/dict_0002_0140.uasset" 9666
"../../../Engine/Content/EngineMaterials/Substrate/Glints2/dict_0002_0137.uasset" 9667
"../../../Engine/Content/EngineMaterials/Substrate/Glints2/dict_0002_0146.uasset" 9668
"../../../Engine/Content/EngineMaterials/Substrate/Glints2/dict_0002_0144.uasset" 9669
"../../../Engine/Content/EngineMaterials/Substrate/Glints2/dict_0002_0145.uasset" 9670
"../../../Engine/Content/EngineMaterials/Substrate/Glints2/dict_0002_0143.uasset" 9671
"/Engine/EngineMaterials/Substrate/Glints2/dict_0002_0138" 9672
"/Engine/EngineMaterials/Substrate/Glints2/dict_0002_0145" 9673
"/Engine/EngineMaterials/Substrate/Glints2/dict_0002_0146" 9674
"/Engine/EngineMaterials/Substrate/Glints2/dict_0002_0139" 9675
"/Engine/EngineMaterials/Substrate/Glints2/dict_0002_0140" 9676
"/Engine/EngineMaterials/Substrate/Glints2/dict_0002_0142" 9677
"/Engine/EngineMaterials/Substrate/Glints2/dict_0002_0143" 9678
"/Engine/EngineMaterials/Substrate/Glints2/dict_0002_0137" 9679
"/Engine/EngineMaterials/Substrate/Glints2/dict_0002_0144" 9680
"../../../Engine/Content/EngineMaterials/Substrate/Glints2/dict_0002_0132.uasset" 9681
"../../../Engine/Content/EngineMaterials/Substrate/Glints2/dict_0002_0136.uasset" 9682
"../../../Engine/Content/EngineMaterials/Substrate/Glints2/dict_0002_0131.uasset" 9683
"../../../Engine/Content/EngineMaterials/Substrate/Glints2/dict_0002_0135.uasset" 9684
"../../../Engine/Content/EngineMaterials/Substrate/Glints2/dict_0002_0141.uasset" 9685
"../../../Engine/Content/EngineMaterials/Substrate/Glints2/dict_0002_0128.uasset" 9686
"../../../Engine/Content/EngineMaterials/Substrate/Glints2/dict_0002_0134.uasset" 9687
"../../../Engine/Content/EngineMaterials/Substrate/Glints2/dict_0002_0133.uasset" 9688
"../../../Engine/Content/EngineMaterials/Substrate/Glints2/dict_0002_0130.uasset" 9689
"/Engine/EngineMaterials/Substrate/Glints2/dict_0002_0133" 9690
"/Engine/EngineMaterials/Substrate/Glints2/dict_0002_0132" 9691
"/Engine/EngineMaterials/Substrate/Glints2/dict_0002_0141" 9692
"/Engine/EngineMaterials/Substrate/Glints2/dict_0002_0134" 9693
"/Engine/EngineMaterials/Substrate/Glints2/dict_0002_0135" 9694
"/Engine/EngineMaterials/Substrate/Glints2/dict_0002_0128" 9695
"/Engine/EngineMaterials/Substrate/Glints2/dict_0002_0136" 9696
"/Engine/EngineMaterials/Substrate/Glints2/dict_0002_0130" 9697
"/Engine/EngineMaterials/Substrate/Glints2/dict_0002_0131" 9698
"../../../Engine/Content/EngineMaterials/Substrate/Glints2/dict_0002_0126.uasset" 9699
"/Engine/EngineMaterials/Substrate/Glints2/dict_0002_0126" 9700
"../../../Engine/Content/EngineMaterials/Substrate/Glints2/dict_0002_0125.uasset" 9701
"../../../Engine/Content/EngineMaterials/Substrate/Glints2/dict_0002_0129.uasset" 9702
"../../../Engine/Content/EngineMaterials/Substrate/Glints2/dict_0002_0127.uasset" 9703
"../../../Engine/Content/EngineMaterials/Substrate/Glints2/dict_0002_0124.uasset" 9704
"../../../Engine/Content/EngineMaterials/Substrate/Glints2/dict_0002_0121.uasset" 9705
"../../../Engine/Content/EngineMaterials/Substrate/Glints2/dict_0002_0119.uasset" 9706
"../../../Engine/Content/EngineMaterials/Substrate/Glints2/dict_0002_0123.uasset" 9707
"../../../Engine/Content/EngineMaterials/Substrate/Glints2/dict_0002_0118.uasset" 9708
"../../../Engine/Content/EngineMaterials/Substrate/Glints2/dict_0002_0117.uasset" 9709
"/Engine/EngineMaterials/Substrate/Glints2/dict_0002_0121" 9710
"../../../Engine/Content/EngineMaterials/Substrate/Glints2/dict_0002_0112.uasset" 9711
"../../../Engine/Content/EngineMaterials/Substrate/Glints2/dict_0002_0115.uasset" 9712
"/Engine/EngineMaterials/Substrate/Glints2/dict_0002_0123" 9713
"../../../Engine/Content/EngineMaterials/Substrate/Glints2/dict_0002_0114.uasset" 9714
"../../../Engine/Content/EngineMaterials/Substrate/Glints2/dict_0002_0113.uasset" 9715
"/Engine/EngineMaterials/Substrate/Glints2/dict_0002_0124" 9716
"/Engine/EngineMaterials/Substrate/Glints2/dict_0002_0125" 9717
"/Engine/EngineMaterials/Substrate/Glints2/dict_0002_0117" 9718
"../../../Engine/Content/EngineMaterials/Substrate/Glints2/dict_0002_0120.uasset" 9719
"/Engine/EngineMaterials/Substrate/Glints2/dict_0002_0118" 9720
"/Engine/EngineMaterials/Substrate/Glints2/dict_0002_0127" 9721
"../../../Engine/Content/EngineMaterials/Substrate/Glints2/dict_0002_0122.uasset" 9722
"/Engine/EngineMaterials/Substrate/Glints2/dict_0002_0119" 9723
"/Engine/EngineMaterials/Substrate/Glints2/dict_0002_0129" 9724
"/Engine/EngineMaterials/Substrate/Glints2/dict_0002_0120" 9725
"/Engine/EngineMaterials/Substrate/Glints2/dict_0002_0115" 9726
"/Engine/EngineMaterials/Substrate/Glints2/dict_0002_0122" 9727
"/Engine/EngineMaterials/Substrate/Glints2/dict_0002_0112" 9728
"../../../Engine/Content/EngineMaterials/Substrate/Glints2/dict_0002_0110.uasset" 9729
"../../../Engine/Content/EngineMaterials/Substrate/Glints2/dict_0002_0116.uasset" 9730
"/Engine/EngineMaterials/Substrate/Glints2/dict_0002_0113" 9731
"/Engine/EngineMaterials/Substrate/Glints2/dict_0002_0114" 9732
"/Engine/EngineMaterials/Substrate/Glints2/dict_0002_0116" 9733
"/Engine/EngineMaterials/Substrate/Glints2/dict_0002_0110" 9734
"../../../Engine/Content/EngineMaterials/Substrate/Glints2/dict_0002_0107.uasset" 9735
"../../../Engine/Content/EngineMaterials/Substrate/Glints2/dict_0002_0109.uasset" 9736
"../../../Engine/Content/EngineMaterials/Substrate/Glints2/dict_0002_0105.uasset" 9737
"../../../Engine/Content/EngineMaterials/Substrate/Glints2/dict_0002_0106.uasset" 9738
"../../../Engine/Content/EngineMaterials/Substrate/Glints2/dict_0002_0104.uasset" 9739
"../../../Engine/Content/EngineMaterials/Substrate/Glints2/dict_0002_0108.uasset" 9740
"../../../Engine/Content/EngineMaterials/Substrate/Glints2/dict_0002_0111.uasset" 9741
"../../../Engine/Content/EngineMaterials/Substrate/Glints2/dict_0002_0101.uasset" 9742
"../../../Engine/Content/EngineMaterials/Substrate/Glints2/dict_0002_0103.uasset" 9743
"/Engine/EngineMaterials/Substrate/Glints2/dict_0002_0106" 9744
"/Engine/EngineMaterials/Substrate/Glints2/dict_0002_0107" 9745
"/Engine/EngineMaterials/Substrate/Glints2/dict_0002_0108" 9746
"/Engine/EngineMaterials/Substrate/Glints2/dict_0002_0109" 9747
"/Engine/EngineMaterials/Substrate/Glints2/dict_0002_0101" 9748
"/Engine/EngineMaterials/Substrate/Glints2/dict_0002_0103" 9749
"/Engine/EngineMaterials/Substrate/Glints2/dict_0002_0104" 9750
"/Engine/EngineMaterials/Substrate/Glints2/dict_0002_0105" 9751
"/Engine/EngineMaterials/Substrate/Glints2/dict_0002_0111" 9752
"../../../Engine/Content/EngineMaterials/Substrate/Glints2/dict_0002_0100.uasset" 9753
"../../../Engine/Content/EngineMaterials/Substrate/Glints2/dict_0002_0099.uasset" 9754
"../../../Engine/Content/EngineMaterials/Substrate/Glints2/dict_0002_0097.uasset" 9755
"../../../Engine/Content/EngineMaterials/Substrate/Glints2/dict_0002_0093.uasset" 9756
"../../../Engine/Content/EngineMaterials/Substrate/Glints2/dict_0002_0096.uasset" 9757
"../../../Engine/Content/EngineMaterials/Substrate/Glints2/dict_0002_0092.uasset" 9758
"../../../Engine/Content/EngineMaterials/Substrate/Glints2/dict_0002_0102.uasset" 9759
"../../../Engine/Content/EngineMaterials/Substrate/Glints2/dict_0002_0094.uasset" 9760
"../../../Engine/Content/EngineMaterials/Substrate/Glints2/dict_0002_0095.uasset" 9761
"../../../Engine/Content/EngineMaterials/Substrate/Glints2/dict_0002_0098.uasset" 9762
"/Engine/EngineMaterials/Substrate/Glints2/dict_0002_0097" 9763
"/Engine/EngineMaterials/Substrate/Glints2/dict_0002_0098" 9764
"/Engine/EngineMaterials/Substrate/Glints2/dict_0002_0092" 9765
"/Engine/EngineMaterials/Substrate/Glints2/dict_0002_0099" 9766
"/Engine/EngineMaterials/Substrate/Glints2/dict_0002_0096" 9767
"/Engine/EngineMaterials/Substrate/Glints2/dict_0002_0093" 9768
"/Engine/EngineMaterials/Substrate/Glints2/dict_0002_0100" 9769
"/Engine/EngineMaterials/Substrate/Glints2/dict_0002_0094" 9770
"/Engine/EngineMaterials/Substrate/Glints2/dict_0002_0102" 9771
"/Engine/EngineMaterials/Substrate/Glints2/dict_0002_0095" 9772
"../../../Engine/Content/EngineMaterials/Substrate/Glints2/dict_0002_0090.uasset" 9773
"../../../Engine/Content/EngineMaterials/Substrate/Glints2/dict_0002_0088.uasset" 9774
"../../../Engine/Content/EngineMaterials/Substrate/Glints2/dict_0002_0091.uasset" 9775
"../../../Engine/Content/EngineMaterials/Substrate/Glints2/dict_0002_0089.uasset" 9776
"../../../Engine/Content/EngineMaterials/Substrate/Glints2/dict_0002_0085.uasset" 9777
"../../../Engine/Content/EngineMaterials/Substrate/Glints2/dict_0002_0087.uasset" 9778
"../../../Engine/Content/EngineMaterials/Substrate/Glints2/dict_0002_0084.uasset" 9779
"../../../Engine/Content/EngineMaterials/Substrate/Glints2/dict_0002_0078.uasset" 9780
"../../../Engine/Content/EngineMaterials/Substrate/Glints2/dict_0002_0080.uasset" 9781
"../../../Engine/Content/EngineMaterials/Substrate/Glints2/dict_0002_0081.uasset" 9782
"../../../Engine/Content/EngineMaterials/Substrate/Glints2/dict_0002_0083.uasset" 9783
"/Engine/EngineMaterials/Substrate/Glints2/dict_0002_0081" 9784
"../../../Engine/Content/EngineMaterials/Substrate/Glints2/dict_0002_0079.uasset" 9785
"/Engine/EngineMaterials/Substrate/Glints2/dict_0002_0087" 9786
"/Engine/EngineMaterials/Substrate/Glints2/dict_0002_0083" 9787
"/Engine/EngineMaterials/Substrate/Glints2/dict_0002_0088" 9788
"/Engine/EngineMaterials/Substrate/Glints2/dict_0002_0089" 9789
"/Engine/EngineMaterials/Substrate/Glints2/dict_0002_0090" 9790
"/Engine/EngineMaterials/Substrate/Glints2/dict_0002_0080" 9791
"/Engine/EngineMaterials/Substrate/Glints2/dict_0002_0091" 9792
"/Engine/EngineMaterials/Substrate/Glints2/dict_0002_0078" 9793
"/Engine/EngineMaterials/Substrate/Glints2/dict_0002_0084" 9794
"../../../Engine/Content/EngineMaterials/Substrate/Glints2/dict_0002_0072.uasset" 9795
"/Engine/EngineMaterials/Substrate/Glints2/dict_0002_0085" 9796
"/Engine/EngineMaterials/Substrate/Glints2/dict_0002_0072" 9797
"../../../Engine/Content/EngineMaterials/Substrate/Glints2/dict_0002_0073.uasset" 9798
"../../../Engine/Content/EngineMaterials/Substrate/Glints2/dict_0002_0071.uasset" 9799
"/Engine/EngineMaterials/Substrate/Glints2/dict_0002_0079" 9800
"/Engine/EngineMaterials/Substrate/Glints2/dict_0002_0071" 9801
"/Engine/EngineMaterials/Substrate/Glints2/dict_0002_0073" 9802
"../../../Engine/Content/EngineMaterials/Substrate/Glints2/dict_0002_0082.uasset" 9803
"../../../Engine/Content/EngineMaterials/Substrate/Glints2/dict_0002_0074.uasset" 9804
"../../../Engine/Content/EngineMaterials/Substrate/Glints2/dict_0002_0076.uasset" 9805
"../../../Engine/Content/EngineMaterials/Substrate/Glints2/dict_0002_0077.uasset" 9806
"../../../Engine/Content/EngineMaterials/Substrate/Glints2/dict_0002_0069.uasset" 9807
"../../../Engine/Content/EngineMaterials/Substrate/Glints2/dict_0002_0068.uasset" 9808
"../../../Engine/Content/EngineMaterials/Substrate/Glints2/dict_0002_0070.uasset" 9809
"../../../Engine/Content/EngineMaterials/Substrate/Glints2/dict_0002_0067.uasset" 9810
"../../../Engine/Content/EngineMaterials/Substrate/Glints2/dict_0002_0066.uasset" 9811
"/Engine/EngineMaterials/Substrate/Glints2/dict_0002_0070" 9812
"/Engine/EngineMaterials/Substrate/Glints2/dict_0002_0082" 9813
"/Engine/EngineMaterials/Substrate/Glints2/dict_0002_0066" 9814
"/Engine/EngineMaterials/Substrate/Glints2/dict_0002_0074" 9815
"../../../Engine/Content/EngineMaterials/Substrate/Glints2/dict_0002_0065.uasset" 9816
"/Engine/EngineMaterials/Substrate/Glints2/dict_0002_0067" 9817
"/Engine/EngineMaterials/Substrate/Glints2/dict_0002_0068" 9818
"/Engine/EngineMaterials/Substrate/Glints2/dict_0002_0069" 9819
"/Engine/EngineMaterials/Substrate/Glints2/dict_0002_0076" 9820
"/Engine/EngineMaterials/Substrate/Glints2/dict_0002_0077" 9821
"/Engine/EngineMaterials/Substrate/Glints2/dict_0002_0065" 9822
"../../../Engine/Content/EngineMaterials/Substrate/Glints2/dict_0002_0060.uasset" 9823
"../../../Engine/Content/EngineMaterials/Substrate/Glints2/dict_0002_0086.uasset" 9824
"../../../Engine/Content/EngineMaterials/Substrate/Glints2/dict_0002_0061.uasset" 9825
"../../../Engine/Content/EngineMaterials/Substrate/Glints2/dict_0002_0075.uasset" 9826
"../../../Engine/Content/EngineMaterials/Substrate/Glints2/dict_0002_0063.uasset" 9827
"/Engine/EngineMaterials/Substrate/Glints2/dict_0002_0060" 9828
"/Engine/EngineMaterials/Substrate/Glints2/dict_0002_0061" 9829
"/Engine/EngineMaterials/Substrate/Glints2/dict_0002_0063" 9830
"/Engine/EngineMaterials/Substrate/Glints2/dict_0002_0075" 9831
"/Engine/EngineMaterials/Substrate/Glints2/dict_0002_0086" 9832
"../../../Engine/Content/EngineMaterials/Substrate/Glints2/dict_0002_0062.uasset" 9833
"../../../Engine/Content/EngineMaterials/Substrate/Glints2/dict_0002_0055.uasset" 9834
"../../../Engine/Content/EngineMaterials/Substrate/Glints2/dict_0002_0056.uasset" 9835
"../../../Engine/Content/EngineMaterials/Substrate/Glints2/dict_0002_0059.uasset" 9836
"../../../Engine/Content/EngineMaterials/Substrate/Glints2/dict_0002_0058.uasset" 9837
"../../../Engine/Content/EngineMaterials/Substrate/Glints2/dict_0002_0054.uasset" 9838
"/Engine/EngineMaterials/Substrate/Glints2/dict_0002_0054" 9839
"../../../Engine/Content/EngineMaterials/Substrate/Glints2/dict_0002_0057.uasset" 9840
"/Engine/EngineMaterials/Substrate/Glints2/dict_0002_0055" 9841
"/Engine/EngineMaterials/Substrate/Glints2/dict_0002_0056" 9842
"../../../Engine/Content/EngineMaterials/Substrate/Glints2/dict_0002_0051.uasset" 9843
"/Engine/EngineMaterials/Substrate/Glints2/dict_0002_0062" 9844
"/Engine/EngineMaterials/Substrate/Glints2/dict_0002_0058" 9845
"../../../Engine/Content/EngineMaterials/Substrate/Glints2/dict_0002_0053.uasset" 9846
"../../../Engine/Content/EngineMaterials/Substrate/Glints2/dict_0002_0052.uasset" 9847
"/Engine/EngineMaterials/Substrate/Glints2/dict_0002_0059" 9848
"/Engine/EngineMaterials/Substrate/Glints2/dict_0002_0051" 9849
"../../../Engine/Content/EngineMaterials/Substrate/Glints2/dict_0002_0046.uasset" 9850
"/Engine/EngineMaterials/Substrate/Glints2/dict_0002_0052" 9851
"../../../Engine/Content/EngineMaterials/Substrate/Glints2/dict_0002_0048.uasset" 9852
"../../../Engine/Content/EngineMaterials/Substrate/Glints2/dict_0002_0050.uasset" 9853
"/Engine/EngineMaterials/Substrate/Glints2/dict_0002_0053" 9854
"/Engine/EngineMaterials/Substrate/Glints2/dict_0002_0057" 9855
"/Engine/EngineMaterials/Substrate/Glints2/dict_0002_0050" 9856
"../../../Engine/Content/EngineMaterials/Substrate/Glints2/dict_0002_0047.uasset" 9857
"/Engine/EngineMaterials/Substrate/Glints2/dict_0002_0048" 9858
"/Engine/EngineMaterials/Substrate/Glints2/dict_0002_0046" 9859
"../../../Engine/Content/EngineMaterials/Substrate/Glints2/dict_0002_0045.uasset" 9860
"/Engine/EngineMaterials/Substrate/Glints2/dict_0002_0045" 9861
"/Engine/EngineMaterials/Substrate/Glints2/dict_0002_0047" 9862
"../../../Engine/Content/EngineMaterials/Substrate/Glints2/dict_0002_0042.uasset" 9863
"../../../Engine/Content/EngineMaterials/Substrate/Glints2/dict_0002_0040.uasset" 9864
"../../../Engine/Content/EngineMaterials/Substrate/Glints2/dict_0002_0043.uasset" 9865
"../../../Engine/Content/EngineMaterials/Substrate/Glints2/dict_0002_0041.uasset" 9866
"../../../Engine/Content/EngineMaterials/Substrate/Glints2/dict_0002_0039.uasset" 9867
"../../../Engine/Content/EngineMaterials/Substrate/Glints2/dict_0002_0038.uasset" 9868
"../../../Engine/Content/EngineMaterials/Substrate/Glints2/dict_0002_0064.uasset" 9869
"../../../Engine/Content/EngineMaterials/Substrate/Glints2/dict_0002_0037.uasset" 9870
"../../../Engine/Content/EngineMaterials/Substrate/Glints2/dict_0002_0035.uasset" 9871
"../../../Engine/Content/EngineMaterials/Substrate/Glints2/dict_0002_0036.uasset" 9872
"../../../Engine/Content/EngineMaterials/Substrate/Glints2/dict_0002_0044.uasset" 9873
"../../../Engine/Content/EngineMaterials/Substrate/Glints2/dict_0002_0034.uasset" 9874
"../../../Engine/Content/EngineMaterials/Substrate/Glints2/dict_0002_0030.uasset" 9875
"../../../Engine/Content/EngineMaterials/Substrate/Glints2/dict_0002_0027.uasset" 9876
"/Engine/EngineMaterials/Substrate/Glints2/dict_0002_0036" 9877
"../../../Engine/Content/EngineMaterials/Substrate/Glints2/dict_0002_0032.uasset" 9878
"../../../Engine/Content/EngineMaterials/Substrate/Glints2/dict_0002_0049.uasset" 9879
"../../../Engine/Content/EngineMaterials/Substrate/Glints2/dict_0002_0031.uasset" 9880
"/Engine/EngineMaterials/Substrate/Glints2/dict_0002_0037" 9881
"../../../Engine/Content/EngineMaterials/Substrate/Glints2/dict_0002_0028.uasset" 9882
"/Engine/EngineMaterials/Substrate/Glints2/dict_0002_0030" 9883
"../../../Engine/Content/EngineMaterials/Substrate/Glints2/dict_0002_0029.uasset" 9884
"/Engine/EngineMaterials/Substrate/Glints2/dict_0002_0027" 9885
"/Engine/EngineMaterials/Substrate/Glints2/dict_0002_0064" 9886
"/Engine/EngineMaterials/Substrate/Glints2/dict_0002_0035" 9887
"../../../Engine/Content/EngineMaterials/Substrate/Glints2/dict_0002_0026.uasset" 9888
"/Engine/EngineMaterials/Substrate/Glints2/dict_0002_0038" 9889
"/Engine/EngineMaterials/Substrate/Glints2/dict_0002_0039" 9890
"/Engine/EngineMaterials/Substrate/Glints2/dict_0002_0040" 9891
"/Engine/EngineMaterials/Substrate/Glints2/dict_0002_0041" 9892
"/Engine/EngineMaterials/Substrate/Glints2/dict_0002_0042" 9893
"/Engine/EngineMaterials/Substrate/Glints2/dict_0002_0043" 9894
"/Engine/EngineMaterials/Substrate/Glints2/dict_0002_0044" 9895
"../../../Engine/Content/EngineMaterials/Substrate/Glints2/dict_0002_0024.uasset" 9896
"../../../Engine/Content/EngineMaterials/Substrate/Glints2/dict_0002_0033.uasset" 9897
"/Engine/EngineMaterials/Substrate/Glints2/dict_0002_0034" 9898
"/Engine/EngineMaterials/Substrate/Glints2/dict_0002_0049" 9899
"/Engine/EngineMaterials/Substrate/Glints2/dict_0002_0024" 9900
"/Engine/EngineMaterials/Substrate/Glints2/dict_0002_0026" 9901
"/Engine/EngineMaterials/Substrate/Glints2/dict_0002_0031" 9902
"/Engine/EngineMaterials/Substrate/Glints2/dict_0002_0032" 9903
"/Engine/EngineMaterials/Substrate/Glints2/dict_0002_0033" 9904
"/Engine/EngineMaterials/Substrate/Glints2/dict_0002_0028" 9905
"/Engine/EngineMaterials/Substrate/Glints2/dict_0002_0029" 9906
"../../../Engine/Content/EngineMaterials/Substrate/Glints2/dict_0002_0023.uasset" 9907
"../../../Engine/Content/EngineMaterials/Substrate/Glints2/dict_0002_0020.uasset" 9908
"../../../Engine/Content/EngineMaterials/Substrate/Glints2/dict_0002_0019.uasset" 9909
"../../../Engine/Content/EngineMaterials/Substrate/Glints2/dict_0002_0015.uasset" 9910
"../../../Engine/Content/EngineMaterials/Substrate/Glints2/dict_0002_0022.uasset" 9911
"../../../Engine/Content/EngineMaterials/Substrate/Glints2/dict_0002_0016.uasset" 9912
"/Engine/EngineMaterials/Substrate/Glints2/dict_0002_0015" 9913
"../../../Engine/Content/EngineMaterials/Substrate/Glints2/dict_0002_0017.uasset" 9914
"/Engine/EngineMaterials/Substrate/Glints2/dict_0002_0016" 9915
"../../../Engine/Content/EngineMaterials/Substrate/Glints2/dict_0002_0021.uasset" 9916
"/Engine/EngineMaterials/Substrate/Glints2/dict_0002_0020" 9917
"../../../Engine/Content/EngineMaterials/Substrate/Glints2/dict_0002_0025.uasset" 9918
"/Engine/EngineMaterials/Substrate/Glints2/dict_0002_0022" 9919
"/Engine/EngineMaterials/Substrate/Glints2/dict_0002_0019" 9920
"/Engine/EngineMaterials/Substrate/Glints2/dict_0002_0023" 9921
"/Engine/EngineMaterials/Substrate/Glints2/dict_0002_0017" 9922
"/Engine/EngineMaterials/Substrate/Glints2/dict_0002_0021" 9923
"/Engine/EngineMaterials/Substrate/Glints2/dict_0002_0025" 9924
"../../../Engine/Content/EngineMaterials/Substrate/Glints2/dict_0002_0010.uasset" 9925
"../../../Engine/Content/EngineMaterials/Substrate/Glints2/dict_0002_0011.uasset" 9926
"../../../Engine/Content/EngineMaterials/Substrate/Glints2/dict_0002_0013.uasset" 9927
"../../../Engine/Content/EngineMaterials/Substrate/Glints2/dict_0002_0008.uasset" 9928
"../../../Engine/Content/EngineMaterials/Substrate/Glints2/dict_0002_0018.uasset" 9929
"../../../Engine/Content/EngineMaterials/Substrate/Glints2/dict_0002_0012.uasset" 9930
"../../../Engine/Content/EngineMaterials/Substrate/Glints2/dict_0002_0014.uasset" 9931
"../../../Engine/Content/EngineMaterials/Substrate/Glints2/dict_0002_0009.uasset" 9932
"../../../Engine/Content/EngineMaterials/Substrate/Glints2/dict_0002_0004.uasset" 9933
"../../../Engine/Content/EngineMaterials/Substrate/Glints2/dict_0002_0000.uasset" 9934
"../../../Engine/Content/EngineMaterials/Substrate/Glints2/dict_0002_0003.uasset" 9935
"/Engine/EngineMaterials/Substrate/Glints2/dict_0002_0018" 9936
"../../../Engine/Content/EngineMaterials/Substrate/Glints2/dict_0002_0005.uasset" 9937
"../../../Engine/Content/EngineMaterials/Substrate/Glints2/dict_0002_0002.uasset" 9938
"/Engine/EngineMaterials/Substrate/Glints2/dict_0002_0004" 9939
"../../../Engine/Content/EngineMaterials/Substrate/Glints2/dict_0002_0001.uasset" 9940
"/Engine/EngineMaterials/Substrate/Glints2/dict_0002_0008" 9941
"/Engine/EngineMaterials/Substrate/Glints2/dict_0002_0009" 9942
"../../../Engine/Content/EngineMaterials/Substrate/Glints2/dict_0002_0007.uasset" 9943
"/Engine/EngineMaterials/Substrate/Glints2/dict_0002_0010" 9944
"/Engine/EngineMaterials/Substrate/Glints2/dict_0002_0011" 9945
"/Engine/EngineMaterials/Substrate/Glints2/dict_0002_0012" 9946
"/Engine/EngineMaterials/Substrate/Glints2/dict_0002_0013" 9947
"../../../Engine/Content/EngineMaterials/Substrate/Glints2/dict_0001_0254.uasset" 9948
"/Engine/EngineMaterials/Substrate/Glints2/dict_0002_0000" 9949
"../../../Engine/Content/EngineMaterials/Substrate/Glints2/dict_0001_0255.uasset" 9950
"/Engine/EngineMaterials/Substrate/Glints2/dict_0002_0014" 9951
"/Engine/EngineMaterials/Substrate/Glints2/dict_0002_0001" 9952
"/Engine/EngineMaterials/Substrate/Glints2/dict_0002_0002" 9953
"/Engine/EngineMaterials/Substrate/Glints2/dict_0002_0003" 9954
"/Engine/EngineMaterials/Substrate/Glints2/dict_0002_0005" 9955
"../../../Engine/Content/EngineMaterials/Substrate/Glints2/dict_0001_0253.uasset" 9956
"../../../Engine/Content/EngineMaterials/Substrate/Glints2/dict_0002_0006.uasset" 9957
"/Engine/EngineMaterials/Substrate/Glints2/dict_0002_0007" 9958
"/Engine/EngineMaterials/Substrate/Glints2/dict_0001_0254" 9959
"/Engine/EngineMaterials/Substrate/Glints2/dict_0001_0255" 9960
"/Engine/EngineMaterials/Substrate/Glints2/dict_0001_0253" 9961
"/Engine/EngineMaterials/Substrate/Glints2/dict_0002_0006" 9962
"../../../Engine/Content/EngineMaterials/Substrate/Glints2/dict_0001_0243.uasset" 9963
"../../../Engine/Content/EngineMaterials/Substrate/Glints2/dict_0001_0251.uasset" 9964
"../../../Engine/Content/EngineMaterials/Substrate/Glints2/dict_0001_0250.uasset" 9965
"../../../Engine/Content/EngineMaterials/Substrate/Glints2/dict_0001_0249.uasset" 9966
"../../../Engine/Content/EngineMaterials/Substrate/Glints2/dict_0001_0245.uasset" 9967
"../../../Engine/Content/EngineMaterials/Substrate/Glints2/dict_0001_0252.uasset" 9968
"../../../Engine/Content/EngineMaterials/Substrate/Glints2/dict_0001_0246.uasset" 9969
"../../../Engine/Content/EngineMaterials/Substrate/Glints2/dict_0001_0244.uasset" 9970
"/Engine/EngineMaterials/Substrate/Glints2/dict_0001_0249" 9971
"../../../Engine/Content/EngineMaterials/Substrate/Glints2/dict_0001_0241.uasset" 9972
"../../../Engine/Content/EngineMaterials/Substrate/Glints2/dict_0001_0235.uasset" 9973
"/Engine/EngineMaterials/Substrate/Glints2/dict_0001_0243" 9974
"../../../Engine/Content/EngineMaterials/Substrate/Glints2/dict_0001_0239.uasset" 9975
"/Engine/EngineMaterials/Substrate/Glints2/dict_0001_0244" 9976
"../../../Engine/Content/EngineMaterials/Substrate/Glints2/dict_0001_0242.uasset" 9977
"/Engine/EngineMaterials/Substrate/Glints2/dict_0001_0245" 9978
"../../../Engine/Content/EngineMaterials/Substrate/Glints2/dict_0001_0236.uasset" 9979
"../../../Engine/Content/EngineMaterials/Substrate/Glints2/dict_0001_0240.uasset" 9980
"../../../Engine/Content/EngineMaterials/Substrate/Glints2/dict_0001_0238.uasset" 9981
"../../../Engine/Content/EngineMaterials/Substrate/Glints2/dict_0001_0237.uasset" 9982
"/Engine/EngineMaterials/Substrate/Glints2/dict_0001_0246" 9983
"/Engine/EngineMaterials/Substrate/Glints2/dict_0001_0250" 9984
"/Engine/EngineMaterials/Substrate/Glints2/dict_0001_0251" 9985
"/Engine/EngineMaterials/Substrate/Glints2/dict_0001_0252" 9986
"/Engine/EngineMaterials/Substrate/Glints2/dict_0001_0240" 9987
"/Engine/EngineMaterials/Substrate/Glints2/dict_0001_0241" 9988
"/Engine/EngineMaterials/Substrate/Glints2/dict_0001_0242" 9989
"/Engine/EngineMaterials/Substrate/Glints2/dict_0001_0235" 9990
"/Engine/EngineMaterials/Substrate/Glints2/dict_0001_0236" 9991
"/Engine/EngineMaterials/Substrate/Glints2/dict_0001_0237" 9992
"/Engine/EngineMaterials/Substrate/Glints2/dict_0001_0238" 9993
"/Engine/EngineMaterials/Substrate/Glints2/dict_0001_0239" 9994
"../../../Engine/Content/EngineMaterials/Substrate/Glints2/dict_0001_0234.uasset" 9995
"../../../Engine/Content/EngineMaterials/Substrate/Glints2/dict_0001_0233.uasset" 9996
"/Engine/EngineMaterials/Substrate/Glints2/dict_0001_0234" 9997
"/Engine/EngineMaterials/Substrate/Glints2/dict_0001_0233" 9998
"../../../Engine/Content/EngineMaterials/Substrate/Glints2/dict_0001_0229.uasset" 9999
"../../../Engine/Content/EngineMaterials/Substrate/Glints2/dict_0001_0230.uasset" 10000
"../../../Engine/Content/EngineMaterials/Substrate/Glints2/dict_0001_0228.uasset" 10001
"../../../Engine/Content/EngineMaterials/Substrate/Glints2/dict_0001_0231.uasset" 10002
"../../../Engine/Content/EngineMaterials/Substrate/Glints2/dict_0001_0232.uasset" 10003
"../../../Engine/Content/EngineMaterials/Substrate/Glints2/dict_0001_0227.uasset" 10004
"../../../Engine/Content/EngineMaterials/Substrate/Glints2/dict_0001_0226.uasset" 10005
"../../../Engine/Content/EngineMaterials/Substrate/Glints2/dict_0001_0224.uasset" 10006
"../../../Engine/Content/EngineMaterials/Substrate/Glints2/dict_0001_0225.uasset" 10007
"/Engine/EngineMaterials/Substrate/Glints2/dict_0001_0224" 10008
"../../../Engine/Content/EngineMaterials/Substrate/Glints2/dict_0001_0220.uasset" 10009
"/Engine/EngineMaterials/Substrate/Glints2/dict_0001_0230" 10010
"../../../Engine/Content/EngineMaterials/Substrate/Glints2/dict_0001_0248.uasset" 10011
"/Engine/EngineMaterials/Substrate/Glints2/dict_0001_0225" 10012
"/Engine/EngineMaterials/Substrate/Glints2/dict_0001_0231" 10013
"/Engine/EngineMaterials/Substrate/Glints2/dict_0001_0226" 10014
"/Engine/EngineMaterials/Substrate/Glints2/dict_0001_0227" 10015
"../../../Engine/Content/EngineMaterials/Substrate/Glints2/dict_0001_0222.uasset" 10016
"/Engine/EngineMaterials/Substrate/Glints2/dict_0001_0232" 10017
"../../../Engine/Content/EngineMaterials/Substrate/Glints2/dict_0001_0223.uasset" 10018
"/Engine/EngineMaterials/Substrate/Glints2/dict_0001_0228" 10019
"/Engine/EngineMaterials/Substrate/Glints2/dict_0001_0229" 10020
"../../../Engine/Content/EngineMaterials/Substrate/Glints2/dict_0001_0219.uasset" 10021
"/Engine/EngineMaterials/Substrate/Glints2/dict_0001_0223" 10022
"/Engine/EngineMaterials/Substrate/Glints2/dict_0001_0219" 10023
"../../../Engine/Content/EngineMaterials/Substrate/Glints2/dict_0001_0218.uasset" 10024
"/Engine/EngineMaterials/Substrate/Glints2/dict_0001_0220" 10025
"../../../Engine/Content/EngineMaterials/Substrate/Glints2/dict_0001_0247.uasset" 10026
"/Engine/EngineMaterials/Substrate/Glints2/dict_0001_0222" 10027
"/Engine/EngineMaterials/Substrate/Glints2/dict_0001_0248" 10028
"/Engine/EngineMaterials/Substrate/Glints2/dict_0001_0218" 10029
"/Engine/EngineMaterials/Substrate/Glints2/dict_0001_0247" 10030
"../../../Engine/Content/EngineMaterials/Substrate/Glints2/dict_0001_0221.uasset" 10031
"/Engine/EngineMaterials/Substrate/Glints2/dict_0001_0221" 10032
"../../../Engine/Content/EngineMaterials/Substrate/Glints2/dict_0001_0210.uasset" 10033
"../../../Engine/Content/EngineMaterials/Substrate/Glints2/dict_0001_0215.uasset" 10034
"../../../Engine/Content/EngineMaterials/Substrate/Glints2/dict_0001_0216.uasset" 10035
"../../../Engine/Content/EngineMaterials/Substrate/Glints2/dict_0001_0212.uasset" 10036
"../../../Engine/Content/EngineMaterials/Substrate/Glints2/dict_0001_0211.uasset" 10037
"../../../Engine/Content/EngineMaterials/Substrate/Glints2/dict_0001_0213.uasset" 10038
"/Engine/EngineMaterials/Substrate/Glints2/dict_0001_0213" 10039
"/Engine/EngineMaterials/Substrate/Glints2/dict_0001_0215" 10040
"/Engine/EngineMaterials/Substrate/Glints2/dict_0001_0216" 10041
"/Engine/EngineMaterials/Substrate/Glints2/dict_0001_0210" 10042
"/Engine/EngineMaterials/Substrate/Glints2/dict_0001_0211" 10043
"../../../Engine/Content/EngineMaterials/Substrate/Glints2/dict_0001_0207.uasset" 10044
"/Engine/EngineMaterials/Substrate/Glints2/dict_0001_0212" 10045
"../../../Engine/Content/EngineMaterials/Substrate/Glints2/dict_0001_0204.uasset" 10046
"../../../Engine/Content/EngineMaterials/Substrate/Glints2/dict_0001_0206.uasset" 10047
"../../../Engine/Content/EngineMaterials/Substrate/Glints2/dict_0001_0205.uasset" 10048
"../../../Engine/Content/EngineMaterials/Substrate/Glints2/dict_0001_0203.uasset" 10049
"/Engine/EngineMaterials/Substrate/Glints2/dict_0001_0205" 10050
"/Engine/EngineMaterials/Substrate/Glints2/dict_0001_0207" 10051
"../../../Engine/Content/EngineMaterials/Substrate/Glints2/dict_0001_0217.uasset" 10052
"/Engine/EngineMaterials/Substrate/Glints2/dict_0001_0204" 10053
"../../../Engine/Content/EngineMaterials/Substrate/Glints2/dict_0001_0209.uasset" 10054
"/Engine/EngineMaterials/Substrate/Glints2/dict_0001_0206" 10055
"/Engine/EngineMaterials/Substrate/Glints2/dict_0001_0217" 10056
"/Engine/EngineMaterials/Substrate/Glints2/dict_0001_0203" 10057
"/Engine/EngineMaterials/Substrate/Glints2/dict_0001_0209" 10058
"../../../Engine/Content/EngineMaterials/Substrate/Glints2/dict_0001_0202.uasset" 10059
"/Engine/EngineMaterials/Substrate/Glints2/dict_0001_0202" 10060
"../../../Engine/Content/EngineMaterials/Substrate/Glints2/dict_0001_0208.uasset" 10061
"../../../Engine/Content/EngineMaterials/Substrate/Glints2/dict_0001_0214.uasset" 10062
"../../../Engine/Content/EngineMaterials/Substrate/Glints2/dict_0001_0200.uasset" 10063
"../../../Engine/Content/EngineMaterials/Substrate/Glints2/dict_0001_0201.uasset" 10064
"../../../Engine/Content/EngineMaterials/Substrate/Glints2/dict_0001_0198.uasset" 10065
"../../../Engine/Content/EngineMaterials/Substrate/Glints2/dict_0001_0199.uasset" 10066
"../../../Engine/Content/EngineMaterials/Substrate/Glints2/dict_0001_0197.uasset" 10067
"/Engine/EngineMaterials/Substrate/Glints2/dict_0001_0214" 10068
"/Engine/EngineMaterials/Substrate/Glints2/dict_0001_0197" 10069
"/Engine/EngineMaterials/Substrate/Glints2/dict_0001_0198" 10070
"/Engine/EngineMaterials/Substrate/Glints2/dict_0001_0199" 10071
"/Engine/EngineMaterials/Substrate/Glints2/dict_0001_0200" 10072
"/Engine/EngineMaterials/Substrate/Glints2/dict_0001_0208" 10073
"/Engine/EngineMaterials/Substrate/Glints2/dict_0001_0201" 10074
"../../../Engine/Content/EngineMaterials/Substrate/Glints2/dict_0001_0190.uasset" 10075
"../../../Engine/Content/EngineMaterials/Substrate/Glints2/dict_0001_0188.uasset" 10076
"/Engine/EngineMaterials/Substrate/Glints2/dict_0001_0188" 10077
"../../../Engine/Content/EngineMaterials/Substrate/Glints2/dict_0001_0194.uasset" 10078
"../../../Engine/Content/EngineMaterials/Substrate/Glints2/dict_0001_0196.uasset" 10079
"../../../Engine/Content/EngineMaterials/Substrate/Glints2/dict_0001_0187.uasset" 10080
"../../../Engine/Content/EngineMaterials/Substrate/Glints2/dict_0001_0191.uasset" 10081
"/Engine/EngineMaterials/Substrate/Glints2/dict_0001_0190" 10082
"../../../Engine/Content/EngineMaterials/Substrate/Glints2/dict_0001_0195.uasset" 10083
"/Engine/EngineMaterials/Substrate/Glints2/dict_0001_0194" 10084
"../../../Engine/Content/EngineMaterials/Substrate/Glints2/dict_0001_0189.uasset" 10085
"/Engine/EngineMaterials/Substrate/Glints2/dict_0001_0195" 10086
"/Engine/EngineMaterials/Substrate/Glints2/dict_0001_0187" 10087
"/Engine/EngineMaterials/Substrate/Glints2/dict_0001_0196" 10088
"/Engine/EngineMaterials/Substrate/Glints2/dict_0001_0191" 10089
"/Engine/EngineMaterials/Substrate/Glints2/dict_0001_0189" 10090
"../../../Engine/Content/EngineMaterials/Substrate/Glints2/dict_0001_0193.uasset" 10091
"../../../Engine/Content/EngineMaterials/Substrate/Glints2/dict_0001_0192.uasset" 10092
"/Engine/EngineMaterials/Substrate/Glints2/dict_0001_0192" 10093
"/Engine/EngineMaterials/Substrate/Glints2/dict_0001_0193" 10094
"../../../Engine/Content/EngineMaterials/Substrate/Glints2/dict_0001_0186.uasset" 10095
"../../../Engine/Content/EngineMaterials/Substrate/Glints2/dict_0001_0180.uasset" 10096
"../../../Engine/Content/EngineMaterials/Substrate/Glints2/dict_0001_0185.uasset" 10097
"../../../Engine/Content/EngineMaterials/Substrate/Glints2/dict_0001_0182.uasset" 10098
"/Engine/EngineMaterials/Substrate/Glints2/dict_0001_0180" 10099
"../../../Engine/Content/EngineMaterials/Substrate/Glints2/dict_0001_0178.uasset" 10100
"../../../Engine/Content/EngineMaterials/Substrate/Glints2/dict_0001_0181.uasset" 10101
"../../../Engine/Content/EngineMaterials/Substrate/Glints2/dict_0001_0177.uasset" 10102
"/Engine/EngineMaterials/Substrate/Glints2/dict_0001_0186" 10103
"/Engine/EngineMaterials/Substrate/Glints2/dict_0001_0185" 10104
"/Engine/EngineMaterials/Substrate/Glints2/dict_0001_0177" 10105
"../../../Engine/Content/EngineMaterials/Substrate/Glints2/dict_0001_0179.uasset" 10106
"/Engine/EngineMaterials/Substrate/Glints2/dict_0001_0181" 10107
"/Engine/EngineMaterials/Substrate/Glints2/dict_0001_0182" 10108
"/Engine/EngineMaterials/Substrate/Glints2/dict_0001_0178" 10109
"/Engine/EngineMaterials/Substrate/Glints2/dict_0001_0179" 10110
"../../../Engine/Content/EngineMaterials/Substrate/Glints2/dict_0001_0184.uasset" 10111
"../../../Engine/Content/EngineMaterials/Substrate/Glints2/dict_0001_0183.uasset" 10112
"/Engine/EngineMaterials/Substrate/Glints2/dict_0001_0183" 10113
"/Engine/EngineMaterials/Substrate/Glints2/dict_0001_0184" 10114
"../../../Engine/Content/EngineMaterials/Substrate/Glints2/dict_0001_0170.uasset" 10115
"../../../Engine/Content/EngineMaterials/Substrate/Glints2/dict_0001_0176.uasset" 10116
"../../../Engine/Content/EngineMaterials/Substrate/Glints2/dict_0001_0172.uasset" 10117
"../../../Engine/Content/EngineMaterials/Substrate/Glints2/dict_0001_0174.uasset" 10118
"../../../Engine/Content/EngineMaterials/Substrate/Glints2/dict_0001_0171.uasset" 10119
"../../../Engine/Content/EngineMaterials/Substrate/Glints2/dict_0001_0173.uasset" 10120
"../../../Engine/Content/EngineMaterials/Substrate/Glints2/dict_0001_0169.uasset" 10121
"../../../Engine/Content/EngineMaterials/Substrate/Glints2/dict_0001_0167.uasset" 10122
"/Engine/EngineMaterials/Substrate/Glints2/dict_0001_0174" 10123
"../../../Engine/Content/EngineMaterials/Substrate/Glints2/dict_0001_0166.uasset" 10124
"../../../Engine/Content/EngineMaterials/Substrate/Glints2/dict_0001_0161.uasset" 10125
"../../../Engine/Content/EngineMaterials/Substrate/Glints2/dict_0001_0175.uasset" 10126
"../../../Engine/Content/EngineMaterials/Substrate/Glints2/dict_0001_0164.uasset" 10127
"/Engine/EngineMaterials/Substrate/Glints2/dict_0001_0169" 10128
"../../../Engine/Content/EngineMaterials/Substrate/Glints2/dict_0001_0163.uasset" 10129
"../../../Engine/Content/EngineMaterials/Substrate/Glints2/dict_0001_0165.uasset" 10130
"/Engine/EngineMaterials/Substrate/Glints2/dict_0001_0176" 10131
"../../../Engine/Content/EngineMaterials/Substrate/Glints2/dict_0001_0162.uasset" 10132
"/Engine/EngineMaterials/Substrate/Glints2/dict_0001_0170" 10133
"/Engine/EngineMaterials/Substrate/Glints2/dict_0001_0171" 10134
"/Engine/EngineMaterials/Substrate/Glints2/dict_0001_0173" 10135
"../../../Engine/Content/EngineMaterials/Substrate/Glints2/dict_0001_0168.uasset" 10136
"/Engine/EngineMaterials/Substrate/Glints2/dict_0001_0172" 10137
"/Engine/EngineMaterials/Substrate/Glints2/dict_0001_0165" 10138
"/Engine/EngineMaterials/Substrate/Glints2/dict_0001_0175" 10139
"/Engine/EngineMaterials/Substrate/Glints2/dict_0001_0161" 10140
"/Engine/EngineMaterials/Substrate/Glints2/dict_0001_0163" 10141
"/Engine/EngineMaterials/Substrate/Glints2/dict_0001_0164" 10142
"/Engine/EngineMaterials/Substrate/Glints2/dict_0001_0162" 10143
"/Engine/EngineMaterials/Substrate/Glints2/dict_0001_0166" 10144
"/Engine/EngineMaterials/Substrate/Glints2/dict_0001_0167" 10145
"../../../Engine/Content/EngineMaterials/Substrate/Glints2/dict_0001_0154.uasset" 10146
"/Engine/EngineMaterials/Substrate/Glints2/dict_0001_0168" 10147
"../../../Engine/Content/EngineMaterials/Substrate/Glints2/dict_0001_0158.uasset" 10148
"../../../Engine/Content/EngineMaterials/Substrate/Glints2/dict_0001_0159.uasset" 10149
"../../../Engine/Content/EngineMaterials/Substrate/Glints2/dict_0001_0153.uasset" 10150
"../../../Engine/Content/EngineMaterials/Substrate/Glints2/dict_0001_0152.uasset" 10151
"/Engine/EngineMaterials/Substrate/Glints2/dict_0001_0158" 10152
"/Engine/EngineMaterials/Substrate/Glints2/dict_0001_0159" 10153
"/Engine/EngineMaterials/Substrate/Glints2/dict_0001_0153" 10154
"/Engine/EngineMaterials/Substrate/Glints2/dict_0001_0154" 10155
"/Engine/EngineMaterials/Substrate/Glints2/dict_0001_0152" 10156
"../../../Engine/Content/EngineMaterials/Substrate/Glints2/dict_0001_0155.uasset" 10157
"../../../Engine/Content/EngineMaterials/Substrate/Glints2/dict_0001_0150.uasset" 10158
"../../../Engine/Content/EngineMaterials/Substrate/Glints2/dict_0001_0146.uasset" 10159
"../../../Engine/Content/EngineMaterials/Substrate/Glints2/dict_0001_0149.uasset" 10160
"../../../Engine/Content/EngineMaterials/Substrate/Glints2/dict_0001_0148.uasset" 10161
"../../../Engine/Content/EngineMaterials/Substrate/Glints2/dict_0001_0156.uasset" 10162
"/Engine/EngineMaterials/Substrate/Glints2/dict_0001_0148" 10163
"../../../Engine/Content/EngineMaterials/Substrate/Glints2/dict_0001_0151.uasset" 10164
"/Engine/EngineMaterials/Substrate/Glints2/dict_0001_0149" 10165
"../../../Engine/Content/EngineMaterials/Substrate/Glints2/dict_0001_0144.uasset" 10166
"/Engine/EngineMaterials/Substrate/Glints2/dict_0001_0150" 10167
"/Engine/EngineMaterials/Substrate/Glints2/dict_0001_0155" 10168
"../../../Engine/Content/EngineMaterials/Substrate/Glints2/dict_0001_0147.uasset" 10169
"../../../Engine/Content/EngineMaterials/Substrate/Glints2/dict_0001_0157.uasset" 10170
"/Engine/EngineMaterials/Substrate/Glints2/dict_0001_0156" 10171
"../../../Engine/Content/EngineMaterials/Substrate/Glints2/dict_0001_0145.uasset" 10172
"../../../Engine/Content/EngineMaterials/Substrate/Glints2/dict_0001_0142.uasset" 10173
"../../../Engine/Content/EngineMaterials/Substrate/Glints2/dict_0001_0143.uasset" 10174
"/Engine/EngineMaterials/Substrate/Glints2/dict_0001_0146" 10175
"/Engine/EngineMaterials/Substrate/Glints2/dict_0001_0157" 10176
"/Engine/EngineMaterials/Substrate/Glints2/dict_0001_0151" 10177
"/Engine/EngineMaterials/Substrate/Glints2/dict_0001_0147" 10178
"/Engine/EngineMaterials/Substrate/Glints2/dict_0001_0142" 10179
"/Engine/EngineMaterials/Substrate/Glints2/dict_0001_0143" 10180
"/Engine/EngineMaterials/Substrate/Glints2/dict_0001_0145" 10181
"/Engine/EngineMaterials/Substrate/Glints2/dict_0001_0144" 10182
"../../../Engine/Content/EngineMaterials/Substrate/Glints2/dict_0001_0137.uasset" 10183
"../../../Engine/Content/EngineMaterials/Substrate/Glints2/dict_0001_0141.uasset" 10184
"../../../Engine/Content/EngineMaterials/Substrate/Glints2/dict_0001_0133.uasset" 10185
"../../../Engine/Content/EngineMaterials/Substrate/Glints2/dict_0001_0136.uasset" 10186
"../../../Engine/Content/EngineMaterials/Substrate/Glints2/dict_0001_0140.uasset" 10187
"../../../Engine/Content/EngineMaterials/Substrate/Glints2/dict_0001_0135.uasset" 10188
"../../../Engine/Content/EngineMaterials/Substrate/Glints2/dict_0001_0138.uasset" 10189
"../../../Engine/Content/EngineMaterials/Substrate/Glints2/dict_0001_0134.uasset" 10190
"/Engine/EngineMaterials/Substrate/Glints2/dict_0001_0138" 10191
"/Engine/EngineMaterials/Substrate/Glints2/dict_0001_0133" 10192
"/Engine/EngineMaterials/Substrate/Glints2/dict_0001_0135" 10193
"/Engine/EngineMaterials/Substrate/Glints2/dict_0001_0136" 10194
"/Engine/EngineMaterials/Substrate/Glints2/dict_0001_0137" 10195
"../../../Engine/Content/EngineMaterials/Substrate/Glints2/dict_0001_0160.uasset" 10196
"/Engine/EngineMaterials/Substrate/Glints2/dict_0001_0140" 10197
"/Engine/EngineMaterials/Substrate/Glints2/dict_0001_0141" 10198
"../../../Engine/Content/EngineMaterials/Substrate/Glints2/dict_0001_0139.uasset" 10199
"/Engine/EngineMaterials/Substrate/Glints2/dict_0001_0160" 10200
"/Engine/EngineMaterials/Substrate/Glints2/dict_0001_0134" 10201
"/Engine/EngineMaterials/Substrate/Glints2/dict_0001_0139" 10202
"../../../Engine/Content/EngineMaterials/Substrate/Glints2/dict_0001_0129.uasset" 10203
"../../../Engine/Content/EngineMaterials/Substrate/Glints2/dict_0001_0125.uasset" 10204
"../../../Engine/Content/EngineMaterials/Substrate/Glints2/dict_0001_0124.uasset" 10205
"../../../Engine/Content/EngineMaterials/Substrate/Glints2/dict_0001_0127.uasset" 10206
"../../../Engine/Content/EngineMaterials/Substrate/Glints2/dict_0001_0132.uasset" 10207
"/Engine/EngineMaterials/Substrate/Glints2/dict_0001_0124" 10208
"/Engine/EngineMaterials/Substrate/Glints2/dict_0001_0129" 10209
"/Engine/EngineMaterials/Substrate/Glints2/dict_0001_0125" 10210
"/Engine/EngineMaterials/Substrate/Glints2/dict_0001_0132" 10211
"/Engine/EngineMaterials/Substrate/Glints2/dict_0001_0127" 10212
"../../../Engine/Content/EngineMaterials/Substrate/Glints2/dict_0001_0131.uasset" 10213
"../../../Engine/Content/EngineMaterials/Substrate/Glints2/dict_0001_0130.uasset" 10214
"../../../Engine/Content/EngineMaterials/Substrate/Glints2/dict_0001_0128.uasset" 10215
"/Engine/EngineMaterials/Substrate/Glints2/dict_0001_0130" 10216
"/Engine/EngineMaterials/Substrate/Glints2/dict_0001_0131" 10217
"/Engine/EngineMaterials/Substrate/Glints2/dict_0001_0128" 10218
"../../../Engine/Content/EngineMaterials/Substrate/Glints2/dict_0001_0126.uasset" 10219
"../../../Engine/Content/EngineMaterials/Substrate/Glints2/dict_0001_0120.uasset" 10220
"../../../Engine/Content/EngineMaterials/Substrate/Glints2/dict_0001_0122.uasset" 10221
"../../../Engine/Content/EngineMaterials/Substrate/Glints2/dict_0001_0121.uasset" 10222
"../../../Engine/Content/EngineMaterials/Substrate/Glints2/dict_0001_0117.uasset" 10223
"../../../Engine/Content/EngineMaterials/Substrate/Glints2/dict_0001_0118.uasset" 10224
"../../../Engine/Content/EngineMaterials/Substrate/Glints2/dict_0001_0116.uasset" 10225
"../../../Engine/Content/EngineMaterials/Substrate/Glints2/dict_0001_0115.uasset" 10226
"../../../Engine/Content/EngineMaterials/Substrate/Glints2/dict_0001_0119.uasset" 10227
"../../../Engine/Content/EngineMaterials/Substrate/Glints2/dict_0001_0123.uasset" 10228
"/Engine/EngineMaterials/Substrate/Glints2/dict_0001_0118" 10229
"/Engine/EngineMaterials/Substrate/Glints2/dict_0001_0119" 10230
"/Engine/EngineMaterials/Substrate/Glints2/dict_0001_0120" 10231
"/Engine/EngineMaterials/Substrate/Glints2/dict_0001_0126" 10232
"/Engine/EngineMaterials/Substrate/Glints2/dict_0001_0121" 10233
"/Engine/EngineMaterials/Substrate/Glints2/dict_0001_0115" 10234
"/Engine/EngineMaterials/Substrate/Glints2/dict_0001_0116" 10235
"/Engine/EngineMaterials/Substrate/Glints2/dict_0001_0122" 10236
"/Engine/EngineMaterials/Substrate/Glints2/dict_0001_0117" 10237
"/Engine/EngineMaterials/Substrate/Glints2/dict_0001_0123" 10238
"../../../Engine/Content/EngineMaterials/Substrate/Glints2/dict_0001_0111.uasset" 10239
"../../../Engine/Content/EngineMaterials/Substrate/Glints2/dict_0001_0112.uasset" 10240
"../../../Engine/Content/EngineMaterials/Substrate/Glints2/dict_0001_0106.uasset" 10241
"../../../Engine/Content/EngineMaterials/Substrate/Glints2/dict_0001_0113.uasset" 10242
"../../../Engine/Content/EngineMaterials/Substrate/Glints2/dict_0001_0109.uasset" 10243
"../../../Engine/Content/EngineMaterials/Substrate/Glints2/dict_0001_0114.uasset" 10244
"../../../Engine/Content/EngineMaterials/Substrate/Glints2/dict_0001_0107.uasset" 10245
"../../../Engine/Content/EngineMaterials/Substrate/Glints2/dict_0001_0108.uasset" 10246
"../../../Engine/Content/EngineMaterials/Substrate/Glints2/dict_0001_0105.uasset" 10247
"../../../Engine/Content/EngineMaterials/Substrate/Glints2/dict_0001_0110.uasset" 10248
"/Engine/EngineMaterials/Substrate/Glints2/dict_0001_0111" 10249
"/Engine/EngineMaterials/Substrate/Glints2/dict_0001_0112" 10250
"/Engine/EngineMaterials/Substrate/Glints2/dict_0001_0105" 10251
"/Engine/EngineMaterials/Substrate/Glints2/dict_0001_0106" 10252
"/Engine/EngineMaterials/Substrate/Glints2/dict_0001_0107" 10253
"/Engine/EngineMaterials/Substrate/Glints2/dict_0001_0108" 10254
"/Engine/EngineMaterials/Substrate/Glints2/dict_0001_0109" 10255
"/Engine/EngineMaterials/Substrate/Glints2/dict_0001_0113" 10256
"/Engine/EngineMaterials/Substrate/Glints2/dict_0001_0110" 10257
"/Engine/EngineMaterials/Substrate/Glints2/dict_0001_0114" 10258
"../../../Engine/Content/EngineMaterials/Substrate/Glints2/dict_0001_0103.uasset" 10259
"../../../Engine/Content/EngineMaterials/Substrate/Glints2/dict_0001_0102.uasset" 10260
"../../../Engine/Content/EngineMaterials/Substrate/Glints2/dict_0001_0101.uasset" 10261
"../../../Engine/Content/EngineMaterials/Substrate/Glints2/dict_0001_0097.uasset" 10262
"../../../Engine/Content/EngineMaterials/Substrate/Glints2/dict_0001_0099.uasset" 10263
"../../../Engine/Content/EngineMaterials/Substrate/Glints2/dict_0001_0095.uasset" 10264
"../../../Engine/Content/EngineMaterials/Substrate/Glints2/dict_0001_0104.uasset" 10265
"/Engine/EngineMaterials/Substrate/Glints2/dict_0001_0097" 10266
"../../../Engine/Content/EngineMaterials/Substrate/Glints2/dict_0001_0096.uasset" 10267
"/Engine/EngineMaterials/Substrate/Glints2/dict_0001_0104" 10268
"/Engine/EngineMaterials/Substrate/Glints2/dict_0001_0101" 10269
"/Engine/EngineMaterials/Substrate/Glints2/dict_0001_0099" 10270
"/Engine/EngineMaterials/Substrate/Glints2/dict_0001_0102" 10271
"/Engine/EngineMaterials/Substrate/Glints2/dict_0001_0103" 10272
"/Engine/EngineMaterials/Substrate/Glints2/dict_0001_0095" 10273
"../../../Engine/Content/EngineMaterials/Substrate/Glints2/dict_0001_0098.uasset" 10274
"/Engine/EngineMaterials/Substrate/Glints2/dict_0001_0096" 10275
"/Engine/EngineMaterials/Substrate/Glints2/dict_0001_0098" 10276
"../../../Engine/Content/EngineMaterials/Substrate/Glints2/dict_0001_0088.uasset" 10277
"../../../Engine/Content/EngineMaterials/Substrate/Glints2/dict_0001_0092.uasset" 10278
"../../../Engine/Content/EngineMaterials/Substrate/Glints2/dict_0001_0090.uasset" 10279
"../../../Engine/Content/EngineMaterials/Substrate/Glints2/dict_0001_0091.uasset" 10280
"../../../Engine/Content/EngineMaterials/Substrate/Glints2/dict_0001_0093.uasset" 10281
"../../../Engine/Content/EngineMaterials/Substrate/Glints2/dict_0001_0094.uasset" 10282
"../../../Engine/Content/EngineMaterials/Substrate/Glints2/dict_0001_0089.uasset" 10283
"../../../Engine/Content/EngineMaterials/Substrate/Glints2/dict_0001_0100.uasset" 10284
"../../../Engine/Content/EngineMaterials/Substrate/Glints2/dict_0001_0086.uasset" 10285
"/Engine/EngineMaterials/Substrate/Glints2/dict_0001_0093" 10286
"/Engine/EngineMaterials/Substrate/Glints2/dict_0001_0086" 10287
"/Engine/EngineMaterials/Substrate/Glints2/dict_0001_0094" 10288
"/Engine/EngineMaterials/Substrate/Glints2/dict_0001_0100" 10289
"/Engine/EngineMaterials/Substrate/Glints2/dict_0001_0088" 10290
"/Engine/EngineMaterials/Substrate/Glints2/dict_0001_0089" 10291
"/Engine/EngineMaterials/Substrate/Glints2/dict_0001_0090" 10292
"/Engine/EngineMaterials/Substrate/Glints2/dict_0001_0091" 10293
"../../../Engine/Content/EngineMaterials/Substrate/Glints2/dict_0001_0084.uasset" 10294
"/Engine/EngineMaterials/Substrate/Glints2/dict_0001_0092" 10295
"/Engine/EngineMaterials/Substrate/Glints2/dict_0001_0084" 10296
"../../../Engine/Content/EngineMaterials/Substrate/Glints2/dict_0001_0085.uasset" 10297
"../../../Engine/Content/EngineMaterials/Substrate/Glints2/dict_0001_0083.uasset" 10298
"/Engine/EngineMaterials/Substrate/Glints2/dict_0001_0085" 10299
"../../../Engine/Content/EngineMaterials/Substrate/Glints2/dict_0001_0081.uasset" 10300
"/Engine/EngineMaterials/Substrate/Glints2/dict_0001_0083" 10301
"/Engine/EngineMaterials/Substrate/Glints2/dict_0001_0081" 10302
"../../../Engine/Content/EngineMaterials/Substrate/Glints2/dict_0001_0082.uasset" 10303
"../../../Engine/Content/EngineMaterials/Substrate/Glints2/dict_0001_0080.uasset" 10304
"../../../Engine/Content/EngineMaterials/Substrate/Glints2/dict_0001_0087.uasset" 10305
"../../../Engine/Content/EngineMaterials/Substrate/Glints2/dict_0001_0076.uasset" 10306
"../../../Engine/Content/EngineMaterials/Substrate/Glints2/dict_0001_0075.uasset" 10307
"../../../Engine/Content/EngineMaterials/Substrate/Glints2/dict_0001_0071.uasset" 10308
"../../../Engine/Content/EngineMaterials/Substrate/Glints2/dict_0001_0074.uasset" 10309
"../../../Engine/Content/EngineMaterials/Substrate/Glints2/dict_0001_0073.uasset" 10310
"/Engine/EngineMaterials/Substrate/Glints2/dict_0001_0073" 10311
"../../../Engine/Content/EngineMaterials/Substrate/Glints2/dict_0001_0072.uasset" 10312
"/Engine/EngineMaterials/Substrate/Glints2/dict_0001_0074" 10313
"/Engine/EngineMaterials/Substrate/Glints2/dict_0001_0075" 10314
"/Engine/EngineMaterials/Substrate/Glints2/dict_0001_0076" 10315
"../../../Engine/Content/EngineMaterials/Substrate/Glints2/dict_0001_0079.uasset" 10316
"/Engine/EngineMaterials/Substrate/Glints2/dict_0001_0087" 10317
"/Engine/EngineMaterials/Substrate/Glints2/dict_0001_0071" 10318
"/Engine/EngineMaterials/Substrate/Glints2/dict_0001_0080" 10319
"/Engine/EngineMaterials/Substrate/Glints2/dict_0001_0082" 10320
"../../../Engine/Content/EngineMaterials/Substrate/Glints2/dict_0001_0068.uasset" 10321
"../../../Engine/Content/EngineMaterials/Substrate/Glints2/dict_0001_0066.uasset" 10322
"/Engine/EngineMaterials/Substrate/Glints2/dict_0001_0079" 10323
"../../../Engine/Content/EngineMaterials/Substrate/Glints2/dict_0001_0069.uasset" 10324
"/Engine/EngineMaterials/Substrate/Glints2/dict_0001_0072" 10325
"../../../Engine/Content/EngineMaterials/Substrate/Glints2/dict_0001_0078.uasset" 10326
"/Engine/EngineMaterials/Substrate/Glints2/dict_0001_0066" 10327
"/Engine/EngineMaterials/Substrate/Glints2/dict_0001_0068" 10328
"../../../Engine/Content/EngineMaterials/Substrate/Glints2/dict_0001_0065.uasset" 10329
"/Engine/EngineMaterials/Substrate/Glints2/dict_0001_0069" 10330
"../../../Engine/Content/EngineMaterials/Substrate/Glints2/dict_0001_0067.uasset" 10331
"/Engine/EngineMaterials/Substrate/Glints2/dict_0001_0065" 10332
"/Engine/EngineMaterials/Substrate/Glints2/dict_0001_0067" 10333
"/Engine/EngineMaterials/Substrate/Glints2/dict_0001_0078" 10334
"../../../Engine/Content/EngineMaterials/Substrate/Glints2/dict_0001_0077.uasset" 10335
"../../../Engine/Content/EngineMaterials/Substrate/Glints2/dict_0001_0070.uasset" 10336
"../../../Engine/Content/EngineMaterials/Substrate/Glints2/dict_0001_0064.uasset" 10337
"/Engine/EngineMaterials/Substrate/Glints2/dict_0001_0064" 10338
"/Engine/EngineMaterials/Substrate/Glints2/dict_0001_0070" 10339
"/Engine/EngineMaterials/Substrate/Glints2/dict_0001_0077" 10340
"../../../Engine/Content/EngineMaterials/Substrate/Glints2/dict_0001_0054.uasset" 10341
"../../../Engine/Content/EngineMaterials/Substrate/Glints2/dict_0001_0061.uasset" 10342
"../../../Engine/Content/EngineMaterials/Substrate/Glints2/dict_0001_0060.uasset" 10343
"../../../Engine/Content/EngineMaterials/Substrate/Glints2/dict_0001_0062.uasset" 10344
"../../../Engine/Content/EngineMaterials/Substrate/Glints2/dict_0001_0056.uasset" 10345
"../../../Engine/Content/EngineMaterials/Substrate/Glints2/dict_0001_0058.uasset" 10346
"../../../Engine/Content/EngineMaterials/Substrate/Glints2/dict_0001_0063.uasset" 10347
"../../../Engine/Content/EngineMaterials/Substrate/Glints2/dict_0001_0057.uasset" 10348
"../../../Engine/Content/EngineMaterials/Substrate/Glints2/dict_0001_0059.uasset" 10349
"../../../Engine/Content/EngineMaterials/Substrate/Glints2/dict_0001_0051.uasset" 10350
"../../../Engine/Content/EngineMaterials/Substrate/Glints2/dict_0001_0050.uasset" 10351
"../../../Engine/Content/EngineMaterials/Substrate/Glints2/dict_0001_0053.uasset" 10352
"../../../Engine/Content/EngineMaterials/Substrate/Glints2/dict_0001_0052.uasset" 10353
"/Engine/EngineMaterials/Substrate/Glints2/dict_0001_0054" 10354
"/Engine/EngineMaterials/Substrate/Glints2/dict_0001_0053" 10355
"/Engine/EngineMaterials/Substrate/Glints2/dict_0001_0056" 10356
"/Engine/EngineMaterials/Substrate/Glints2/dict_0001_0057" 10357
"/Engine/EngineMaterials/Substrate/Glints2/dict_0001_0058" 10358
"/Engine/EngineMaterials/Substrate/Glints2/dict_0001_0051" 10359
"/Engine/EngineMaterials/Substrate/Glints2/dict_0001_0050" 10360
"/Engine/EngineMaterials/Substrate/Glints2/dict_0001_0059" 10361
"/Engine/EngineMaterials/Substrate/Glints2/dict_0001_0060" 10362
"/Engine/EngineMaterials/Substrate/Glints2/dict_0001_0061" 10363
"../../../Engine/Content/EngineMaterials/Substrate/Glints2/dict_0001_0043.uasset" 10364
"../../../Engine/Content/EngineMaterials/Substrate/Glints2/dict_0001_0044.uasset" 10365
"../../../Engine/Content/EngineMaterials/Substrate/Glints2/dict_0001_0048.uasset" 10366
"/Engine/EngineMaterials/Substrate/Glints2/dict_0001_0062" 10367
"../../../Engine/Content/EngineMaterials/Substrate/Glints2/dict_0001_0041.uasset" 10368
"../../../Engine/Content/EngineMaterials/Substrate/Glints2/dict_0001_0047.uasset" 10369
"/Engine/EngineMaterials/Substrate/Glints2/dict_0001_0063" 10370
"/Engine/EngineMaterials/Substrate/Glints2/dict_0001_0043" 10371
"../../../Engine/Content/EngineMaterials/Substrate/Glints2/dict_0001_0049.uasset" 10372
"../../../Engine/Content/EngineMaterials/Substrate/Glints2/dict_0001_0042.uasset" 10373
"/Engine/EngineMaterials/Substrate/Glints2/dict_0001_0052" 10374
"/Engine/EngineMaterials/Substrate/Glints2/dict_0001_0044" 10375
"/Engine/EngineMaterials/Substrate/Glints2/dict_0001_0048" 10376
"/Engine/EngineMaterials/Substrate/Glints2/dict_0001_0041" 10377
"/Engine/EngineMaterials/Substrate/Glints2/dict_0001_0047" 10378
"/Engine/EngineMaterials/Substrate/Glints2/dict_0001_0049" 10379
"/Engine/EngineMaterials/Substrate/Glints2/dict_0001_0042" 10380
"../../../Engine/Content/EngineMaterials/Substrate/Glints2/dict_0001_0055.uasset" 10381
"../../../Engine/Content/EngineMaterials/Substrate/Glints2/dict_0001_0040.uasset" 10382
"../../../Engine/Content/EngineMaterials/Substrate/Glints2/dict_0001_0037.uasset" 10383
"../../../Engine/Content/EngineMaterials/Substrate/Glints2/dict_0001_0039.uasset" 10384
"../../../Engine/Content/EngineMaterials/Substrate/Glints2/dict_0001_0035.uasset" 10385
"../../../Engine/Content/EngineMaterials/Substrate/Glints2/dict_0001_0038.uasset" 10386
"../../../Engine/Content/EngineMaterials/Substrate/Glints2/dict_0001_0045.uasset" 10387
"../../../Engine/Content/EngineMaterials/Substrate/Glints2/dict_0001_0046.uasset" 10388
"../../../Engine/Content/EngineMaterials/Substrate/Glints2/dict_0001_0036.uasset" 10389
"/Engine/EngineMaterials/Substrate/Glints2/dict_0001_0038" 10390
"/Engine/EngineMaterials/Substrate/Glints2/dict_0001_0035" 10391
"/Engine/EngineMaterials/Substrate/Glints2/dict_0001_0036" 10392
"/Engine/EngineMaterials/Substrate/Glints2/dict_0001_0055" 10393
"/Engine/EngineMaterials/Substrate/Glints2/dict_0001_0039" 10394
"/Engine/EngineMaterials/Substrate/Glints2/dict_0001_0040" 10395
"/Engine/EngineMaterials/Substrate/Glints2/dict_0001_0045" 10396
"/Engine/EngineMaterials/Substrate/Glints2/dict_0001_0046" 10397
"/Engine/EngineMaterials/Substrate/Glints2/dict_0001_0037" 10398
"../../../Engine/Content/EngineMaterials/Substrate/Glints2/dict_0001_0032.uasset" 10399
"../../../Engine/Content/EngineMaterials/Substrate/Glints2/dict_0001_0031.uasset" 10400
"../../../Engine/Content/EngineMaterials/Substrate/Glints2/dict_0001_0034.uasset" 10401
"../../../Engine/Content/EngineMaterials/Substrate/Glints2/dict_0001_0025.uasset" 10402
"../../../Engine/Content/EngineMaterials/Substrate/Glints2/dict_0001_0030.uasset" 10403
"../../../Engine/Content/EngineMaterials/Substrate/Glints2/dict_0001_0028.uasset" 10404
"../../../Engine/Content/EngineMaterials/Substrate/Glints2/dict_0001_0029.uasset" 10405
"../../../Engine/Content/EngineMaterials/Substrate/Glints2/dict_0001_0026.uasset" 10406
"../../../Engine/Content/EngineMaterials/Substrate/Glints2/dict_0001_0033.uasset" 10407
"../../../Engine/Content/EngineMaterials/Substrate/Glints2/dict_0001_0027.uasset" 10408
"/Engine/EngineMaterials/Substrate/Glints2/dict_0001_0032" 10409
"/Engine/EngineMaterials/Substrate/Glints2/dict_0001_0033" 10410
"/Engine/EngineMaterials/Substrate/Glints2/dict_0001_0034" 10411
"/Engine/EngineMaterials/Substrate/Glints2/dict_0001_0025" 10412
"/Engine/EngineMaterials/Substrate/Glints2/dict_0001_0026" 10413
"/Engine/EngineMaterials/Substrate/Glints2/dict_0001_0027" 10414
"/Engine/EngineMaterials/Substrate/Glints2/dict_0001_0028" 10415
"/Engine/EngineMaterials/Substrate/Glints2/dict_0001_0029" 10416
"/Engine/EngineMaterials/Substrate/Glints2/dict_0001_0030" 10417
"/Engine/EngineMaterials/Substrate/Glints2/dict_0001_0031" 10418
"../../../Engine/Content/EngineMaterials/Substrate/Glints2/dict_0001_0023.uasset" 10419
"../../../Engine/Content/EngineMaterials/Substrate/Glints2/dict_0001_0024.uasset" 10420
"../../../Engine/Content/EngineMaterials/Substrate/Glints2/dict_0001_0021.uasset" 10421
"../../../Engine/Content/EngineMaterials/Substrate/Glints2/dict_0001_0018.uasset" 10422
"../../../Engine/Content/EngineMaterials/Substrate/Glints2/dict_0001_0022.uasset" 10423
"../../../Engine/Content/EngineMaterials/Substrate/Glints2/dict_0001_0019.uasset" 10424
"../../../Engine/Content/EngineMaterials/Substrate/Glints2/dict_0001_0016.uasset" 10425
"../../../Engine/Content/EngineMaterials/Substrate/Glints2/dict_0001_0017.uasset" 10426
"../../../Engine/Content/EngineMaterials/Substrate/Glints2/dict_0001_0020.uasset" 10427
"../../../Engine/Content/EngineMaterials/Substrate/Glints2/dict_0001_0015.uasset" 10428
"/Engine/EngineMaterials/Substrate/Glints2/dict_0001_0015" 10429
"/Engine/EngineMaterials/Substrate/Glints2/dict_0001_0016" 10430
"/Engine/EngineMaterials/Substrate/Glints2/dict_0001_0020" 10431
"/Engine/EngineMaterials/Substrate/Glints2/dict_0001_0021" 10432
"/Engine/EngineMaterials/Substrate/Glints2/dict_0001_0022" 10433
"/Engine/EngineMaterials/Substrate/Glints2/dict_0001_0023" 10434
"/Engine/EngineMaterials/Substrate/Glints2/dict_0001_0017" 10435
"/Engine/EngineMaterials/Substrate/Glints2/dict_0001_0024" 10436
"/Engine/EngineMaterials/Substrate/Glints2/dict_0001_0018" 10437
"/Engine/EngineMaterials/Substrate/Glints2/dict_0001_0019" 10438
"../../../Engine/Content/EngineMaterials/Substrate/Glints2/dict_0001_0014.uasset" 10439
"../../../Engine/Content/EngineMaterials/Substrate/Glints2/dict_0001_0012.uasset" 10440
"../../../Engine/Content/EngineMaterials/Substrate/Glints2/dict_0001_0013.uasset" 10441
"../../../Engine/Content/EngineMaterials/Substrate/Glints2/dict_0001_0009.uasset" 10442
"../../../Engine/Content/EngineMaterials/Substrate/Glints2/dict_0001_0005.uasset" 10443
"/Engine/EngineMaterials/Substrate/Glints2/dict_0001_0005" 10444
"../../../Engine/Content/EngineMaterials/Substrate/Glints2/dict_0001_0007.uasset" 10445
"/Engine/EngineMaterials/Substrate/Glints2/dict_0001_0009" 10446
"/Engine/EngineMaterials/Substrate/Glints2/dict_0001_0012" 10447
"../../../Engine/Content/EngineMaterials/Substrate/Glints2/dict_0001_0008.uasset" 10448
"/Engine/EngineMaterials/Substrate/Glints2/dict_0001_0013" 10449
"../../../Engine/Content/EngineMaterials/Substrate/Glints2/dict_0001_0011.uasset" 10450
"/Engine/EngineMaterials/Substrate/Glints2/dict_0001_0014" 10451
"../../../Engine/Content/EngineMaterials/Substrate/Glints2/dict_0001_0010.uasset" 10452
"../../../Engine/Content/EngineMaterials/Substrate/Glints2/dict_0001_0003.uasset" 10453
"/Engine/EngineMaterials/Substrate/Glints2/dict_0001_0007" 10454
"../../../Engine/Content/EngineMaterials/Substrate/Glints2/dict_0001_0004.uasset" 10455
"../../../Engine/Content/EngineMaterials/Substrate/Glints2/dict_0001_0002.uasset" 10456
"/Engine/EngineMaterials/Substrate/Glints2/dict_0001_0008" 10457
"../../../Engine/Content/EngineMaterials/Substrate/Glints2/dict_0001_0006.uasset" 10458
"/Engine/EngineMaterials/Substrate/Glints2/dict_0001_0010" 10459
"/Engine/EngineMaterials/Substrate/Glints2/dict_0001_0011" 10460
"/Engine/EngineMaterials/Substrate/Glints2/dict_0001_0003" 10461
"/Engine/EngineMaterials/Substrate/Glints2/dict_0001_0004" 10462
"/Engine/EngineMaterials/Substrate/Glints2/dict_0001_0006" 10463
"/Engine/EngineMaterials/Substrate/Glints2/dict_0001_0002" 10464
"../../../Engine/Content/EngineMaterials/Substrate/Glints2/dict_0000_0254.uasset" 10465
"../../../Engine/Content/EngineMaterials/Substrate/Glints2/dict_0000_0252.uasset" 10466
"../../../Engine/Content/EngineMaterials/Substrate/Glints2/dict_0001_0000.uasset" 10467
"../../../Engine/Content/EngineMaterials/Substrate/Glints2/dict_0000_0250.uasset" 10468
"../../../Engine/Content/EngineMaterials/Substrate/Glints2/dict_0001_0001.uasset" 10469
"../../../Engine/Content/EngineMaterials/Substrate/Glints2/dict_0000_0251.uasset" 10470
"../../../Engine/Content/EngineMaterials/Substrate/Glints2/dict_0000_0255.uasset" 10471
"../../../Engine/Content/EngineMaterials/Substrate/Glints2/dict_0000_0249.uasset" 10472
"../../../Engine/Content/EngineMaterials/Substrate/Glints2/dict_0000_0253.uasset" 10473
"/Engine/EngineMaterials/Substrate/Glints2/dict_0000_0249" 10474
"/Engine/EngineMaterials/Substrate/Glints2/dict_0000_0250" 10475
"/Engine/EngineMaterials/Substrate/Glints2/dict_0000_0251" 10476
"/Engine/EngineMaterials/Substrate/Glints2/dict_0000_0252" 10477
"/Engine/EngineMaterials/Substrate/Glints2/dict_0000_0253" 10478
"/Engine/EngineMaterials/Substrate/Glints2/dict_0000_0254" 10479
"/Engine/EngineMaterials/Substrate/Glints2/dict_0000_0255" 10480
"/Engine/EngineMaterials/Substrate/Glints2/dict_0001_0000" 10481
"/Engine/EngineMaterials/Substrate/Glints2/dict_0001_0001" 10482
"../../../Engine/Content/EngineMaterials/Substrate/Glints2/dict_0000_0240.uasset" 10483
"../../../Engine/Content/EngineMaterials/Substrate/Glints2/dict_0000_0247.uasset" 10484
"../../../Engine/Content/EngineMaterials/Substrate/Glints2/dict_0000_0244.uasset" 10485
"../../../Engine/Content/EngineMaterials/Substrate/Glints2/dict_0000_0245.uasset" 10486
"../../../Engine/Content/EngineMaterials/Substrate/Glints2/dict_0000_0243.uasset" 10487
"../../../Engine/Content/EngineMaterials/Substrate/Glints2/dict_0000_0242.uasset" 10488
"../../../Engine/Content/EngineMaterials/Substrate/Glints2/dict_0000_0246.uasset" 10489
"../../../Engine/Content/EngineMaterials/Substrate/Glints2/dict_0000_0248.uasset" 10490
"../../../Engine/Content/EngineMaterials/Substrate/Glints2/dict_0000_0239.uasset" 10491
"../../../Engine/Content/EngineMaterials/Substrate/Glints2/dict_0000_0241.uasset" 10492
"/Engine/EngineMaterials/Substrate/Glints2/dict_0000_0239" 10493
"/Engine/EngineMaterials/Substrate/Glints2/dict_0000_0240" 10494
"/Engine/EngineMaterials/Substrate/Glints2/dict_0000_0241" 10495
"/Engine/EngineMaterials/Substrate/Glints2/dict_0000_0242" 10496
"/Engine/EngineMaterials/Substrate/Glints2/dict_0000_0243" 10497
"/Engine/EngineMaterials/Substrate/Glints2/dict_0000_0244" 10498
"/Engine/EngineMaterials/Substrate/Glints2/dict_0000_0245" 10499
"/Engine/EngineMaterials/Substrate/Glints2/dict_0000_0246" 10500
"/Engine/EngineMaterials/Substrate/Glints2/dict_0000_0247" 10501
"/Engine/EngineMaterials/Substrate/Glints2/dict_0000_0248" 10502
"../../../Engine/Content/EngineMaterials/Substrate/Glints2/dict_0000_0235.uasset" 10503
"../../../Engine/Content/EngineMaterials/Substrate/Glints2/dict_0000_0236.uasset" 10504
"../../../Engine/Content/EngineMaterials/Substrate/Glints2/dict_0000_0238.uasset" 10505
"../../../Engine/Content/EngineMaterials/Substrate/Glints2/dict_0000_0237.uasset" 10506
"/Engine/EngineMaterials/Substrate/Glints2/dict_0000_0235" 10507
"/Engine/EngineMaterials/Substrate/Glints2/dict_0000_0236" 10508
"/Engine/EngineMaterials/Substrate/Glints2/dict_0000_0237" 10509
"/Engine/EngineMaterials/Substrate/Glints2/dict_0000_0238" 10510
"../../../Engine/Content/EngineMaterials/Substrate/Glints2/dict_0000_0226.uasset" 10511
"../../../Engine/Content/EngineMaterials/Substrate/Glints2/dict_0000_0227.uasset" 10512
"../../../Engine/Content/EngineMaterials/Substrate/Glints2/dict_0000_0228.uasset" 10513
"../../../Engine/Content/EngineMaterials/Substrate/Glints2/dict_0000_0233.uasset" 10514
"../../../Engine/Content/EngineMaterials/Substrate/Glints2/dict_0000_0234.uasset" 10515
"../../../Engine/Content/EngineMaterials/Substrate/Glints2/dict_0000_0232.uasset" 10516
"../../../Engine/Content/EngineMaterials/Substrate/Glints2/dict_0000_0225.uasset" 10517
"/Engine/EngineMaterials/Substrate/Glints2/dict_0000_0226" 10518
"/Engine/EngineMaterials/Substrate/Glints2/dict_0000_0227" 10519
"/Engine/EngineMaterials/Substrate/Glints2/dict_0000_0234" 10520
"/Engine/EngineMaterials/Substrate/Glints2/dict_0000_0228" 10521
"/Engine/EngineMaterials/Substrate/Glints2/dict_0000_0232" 10522
"../../../Engine/Content/EngineMaterials/Substrate/Glints2/dict_0000_0230.uasset" 10523
"../../../Engine/Content/EngineMaterials/Substrate/Glints2/dict_0000_0231.uasset" 10524
"/Engine/EngineMaterials/Substrate/Glints2/dict_0000_0233" 10525
"/Engine/EngineMaterials/Substrate/Glints2/dict_0000_0225" 10526
"/Engine/EngineMaterials/Substrate/Glints2/dict_0000_0231" 10527
"../../../Engine/Content/EngineMaterials/Substrate/Glints2/dict_0000_0229.uasset" 10528
"../../../Engine/Content/EngineMaterials/Substrate/Glints2/dict_0000_0224.uasset" 10529
"../../../Engine/Content/EngineMaterials/Substrate/Glints2/dict_0000_0219.uasset" 10530
"../../../Engine/Content/EngineMaterials/Substrate/Glints2/dict_0000_0223.uasset" 10531
"../../../Engine/Content/EngineMaterials/Substrate/Glints2/dict_0000_0220.uasset" 10532
"../../../Engine/Content/EngineMaterials/Substrate/Glints2/dict_0000_0222.uasset" 10533
"../../../Engine/Content/EngineMaterials/Substrate/Glints2/dict_0000_0221.uasset" 10534
"../../../Engine/Content/EngineMaterials/Substrate/Glints2/dict_0000_0218.uasset" 10535
"/Engine/EngineMaterials/Substrate/Glints2/dict_0000_0230" 10536
"/Engine/EngineMaterials/Substrate/Glints2/dict_0000_0218" 10537
"/Engine/EngineMaterials/Substrate/Glints2/dict_0000_0219" 10538
"/Engine/EngineMaterials/Substrate/Glints2/dict_0000_0220" 10539
"/Engine/EngineMaterials/Substrate/Glints2/dict_0000_0221" 10540
"/Engine/EngineMaterials/Substrate/Glints2/dict_0000_0222" 10541
"/Engine/EngineMaterials/Substrate/Glints2/dict_0000_0223" 10542
"/Engine/EngineMaterials/Substrate/Glints2/dict_0000_0224" 10543
"/Engine/EngineMaterials/Substrate/Glints2/dict_0000_0229" 10544
"../../../Engine/Content/EngineMaterials/Substrate/Glints2/dict_0000_0213.uasset" 10545
"../../../Engine/Content/EngineMaterials/Substrate/Glints2/dict_0000_0209.uasset" 10546
"../../../Engine/Content/EngineMaterials/Substrate/Glints2/dict_0000_0214.uasset" 10547
"../../../Engine/Content/EngineMaterials/Substrate/Glints2/dict_0000_0212.uasset" 10548
"../../../Engine/Content/EngineMaterials/Substrate/Glints2/dict_0000_0210.uasset" 10549
"../../../Engine/Content/EngineMaterials/Substrate/Glints2/dict_0000_0208.uasset" 10550
"../../../Engine/Content/EngineMaterials/Substrate/Glints2/dict_0000_0211.uasset" 10551
"../../../Engine/Content/EngineMaterials/Substrate/Glints2/dict_0000_0216.uasset" 10552
"../../../Engine/Content/EngineMaterials/Substrate/Glints2/dict_0000_0217.uasset" 10553
"../../../Engine/Content/EngineMaterials/Substrate/Glints2/dict_0000_0215.uasset" 10554
"/Engine/EngineMaterials/Substrate/Glints2/dict_0000_0217" 10555
"/Engine/EngineMaterials/Substrate/Glints2/dict_0000_0208" 10556
"/Engine/EngineMaterials/Substrate/Glints2/dict_0000_0209" 10557
"/Engine/EngineMaterials/Substrate/Glints2/dict_0000_0210" 10558
"/Engine/EngineMaterials/Substrate/Glints2/dict_0000_0211" 10559
"../../../Engine/Content/EngineMaterials/Substrate/Glints2/dict_0000_0206.uasset" 10560
"../../../Engine/Content/EngineMaterials/Substrate/Glints2/dict_0000_0203.uasset" 10561
"../../../Engine/Content/EngineMaterials/Substrate/Glints2/dict_0000_0204.uasset" 10562
"../../../Engine/Content/EngineMaterials/Substrate/Glints2/dict_0000_0205.uasset" 10563
"/Engine/EngineMaterials/Substrate/Glints2/dict_0000_0212" 10564
"/Engine/EngineMaterials/Substrate/Glints2/dict_0000_0213" 10565
"/Engine/EngineMaterials/Substrate/Glints2/dict_0000_0214" 10566
"../../../Engine/Content/EngineMaterials/Substrate/Glints2/dict_0000_0201.uasset" 10567
"/Engine/EngineMaterials/Substrate/Glints2/dict_0000_0215" 10568
"/Engine/EngineMaterials/Substrate/Glints2/dict_0000_0216" 10569
"../../../Engine/Content/EngineMaterials/Substrate/Glints2/dict_0000_0207.uasset" 10570
"/Engine/EngineMaterials/Substrate/Glints2/dict_0000_0207" 10571
"/Engine/EngineMaterials/Substrate/Glints2/dict_0000_0203" 10572
"../../../Engine/Content/EngineMaterials/Substrate/Glints2/dict_0000_0202.uasset" 10573
"/Engine/EngineMaterials/Substrate/Glints2/dict_0000_0204" 10574
"/Engine/EngineMaterials/Substrate/Glints2/dict_0000_0201" 10575
"/Engine/EngineMaterials/Substrate/Glints2/dict_0000_0205" 10576
"/Engine/EngineMaterials/Substrate/Glints2/dict_0000_0206" 10577
"/Engine/EngineMaterials/Substrate/Glints2/dict_0000_0202" 10578
"../../../Engine/Content/EngineMaterials/Substrate/Glints2/dict_0000_0200.uasset" 10579
"../../../Engine/Content/EngineMaterials/Substrate/Glints2/dict_0000_0196.uasset" 10580
"../../../Engine/Content/EngineMaterials/Substrate/Glints2/dict_0000_0199.uasset" 10581
"../../../Engine/Content/EngineMaterials/Substrate/Glints2/dict_0000_0197.uasset" 10582
"../../../Engine/Content/EngineMaterials/Substrate/Glints2/dict_0000_0198.uasset" 10583
"../../../Engine/Content/EngineMaterials/Substrate/Glints2/dict_0000_0194.uasset" 10584
"../../../Engine/Content/EngineMaterials/Substrate/Glints2/dict_0000_0191.uasset" 10585
"../../../Engine/Content/EngineMaterials/Substrate/Glints2/dict_0000_0195.uasset" 10586
"../../../Engine/Content/EngineMaterials/Substrate/Glints2/dict_0000_0193.uasset" 10587
"/Engine/EngineMaterials/Substrate/Glints2/dict_0000_0196" 10588
"/Engine/EngineMaterials/Substrate/Glints2/dict_0000_0197" 10589
"/Engine/EngineMaterials/Substrate/Glints2/dict_0000_0198" 10590
"/Engine/EngineMaterials/Substrate/Glints2/dict_0000_0199" 10591
"../../../Engine/Content/EngineMaterials/Substrate/Glints2/dict_0000_0184.uasset" 10592
"../../../Engine/Content/EngineMaterials/Substrate/Glints2/dict_0000_0192.uasset" 10593
"../../../Engine/Content/EngineMaterials/Substrate/Glints2/dict_0000_0187.uasset" 10594
"/Engine/EngineMaterials/Substrate/Glints2/dict_0000_0195" 10595
"../../../Engine/Content/EngineMaterials/Substrate/Glints2/dict_0000_0185.uasset" 10596
"../../../Engine/Content/EngineMaterials/Substrate/Glints2/dict_0000_0188.uasset" 10597
"../../../Engine/Content/EngineMaterials/Substrate/Glints2/dict_0000_0190.uasset" 10598
"/Engine/EngineMaterials/Substrate/Glints2/dict_0000_0200" 10599
"/Engine/EngineMaterials/Substrate/Glints2/dict_0000_0191" 10600
"../../../Engine/Content/EngineMaterials/Substrate/Glints2/dict_0000_0189.uasset" 10601
"/Engine/EngineMaterials/Substrate/Glints2/dict_0000_0193" 10602
"/Engine/EngineMaterials/Substrate/Glints2/dict_0000_0194" 10603
"../../../Engine/Content/EngineMaterials/Substrate/Glints2/dict_0000_0183.uasset" 10604
"/Engine/EngineMaterials/Substrate/Glints2/dict_0000_0187" 10605
"/Engine/EngineMaterials/Substrate/Glints2/dict_0000_0183" 10606
"/Engine/EngineMaterials/Substrate/Glints2/dict_0000_0188" 10607
"/Engine/EngineMaterials/Substrate/Glints2/dict_0000_0184" 10608
"/Engine/EngineMaterials/Substrate/Glints2/dict_0000_0185" 10609
"../../../Engine/Content/EngineMaterials/Substrate/Glints2/dict_0000_0186.uasset" 10610
"/Engine/EngineMaterials/Substrate/Glints2/dict_0000_0189" 10611
"/Engine/EngineMaterials/Substrate/Glints2/dict_0000_0190" 10612
"/Engine/EngineMaterials/Substrate/Glints2/dict_0000_0192" 10613
"/Engine/EngineMaterials/Substrate/Glints2/dict_0000_0186" 10614
"../../../Engine/Content/EngineMaterials/Substrate/Glints2/dict_0000_0179.uasset" 10615
"../../../Engine/Content/EngineMaterials/Substrate/Glints2/dict_0000_0181.uasset" 10616
"../../../Engine/Content/EngineMaterials/Substrate/Glints2/dict_0000_0178.uasset" 10617
"../../../Engine/Content/EngineMaterials/Substrate/Glints2/dict_0000_0174.uasset" 10618
"../../../Engine/Content/EngineMaterials/Substrate/Glints2/dict_0000_0177.uasset" 10619
"../../../Engine/Content/EngineMaterials/Substrate/Glints2/dict_0000_0175.uasset" 10620
"../../../Engine/Content/EngineMaterials/Substrate/Glints2/dict_0000_0176.uasset" 10621
"../../../Engine/Content/EngineMaterials/Substrate/Glints2/dict_0000_0182.uasset" 10622
"../../../Engine/Content/EngineMaterials/Substrate/Glints2/dict_0000_0180.uasset" 10623
"/Engine/EngineMaterials/Substrate/Glints2/dict_0000_0176" 10624
"../../../Engine/Content/EngineMaterials/Substrate/Glints2/dict_0000_0173.uasset" 10625
"/Engine/EngineMaterials/Substrate/Glints2/dict_0000_0177" 10626
"/Engine/EngineMaterials/Substrate/Glints2/dict_0000_0178" 10627
"/Engine/EngineMaterials/Substrate/Glints2/dict_0000_0179" 10628
"/Engine/EngineMaterials/Substrate/Glints2/dict_0000_0180" 10629
"/Engine/EngineMaterials/Substrate/Glints2/dict_0000_0181" 10630
"/Engine/EngineMaterials/Substrate/Glints2/dict_0000_0182" 10631
"/Engine/EngineMaterials/Substrate/Glints2/dict_0000_0174" 10632
"/Engine/EngineMaterials/Substrate/Glints2/dict_0000_0175" 10633
"/Engine/EngineMaterials/Substrate/Glints2/dict_0000_0173" 10634
"../../../Engine/Content/EngineMaterials/Substrate/Glints2/dict_0000_0172.uasset" 10635
"../../../Engine/Content/EngineMaterials/Substrate/Glints2/dict_0000_0170.uasset" 10636
"../../../Engine/Content/EngineMaterials/Substrate/Glints2/dict_0000_0167.uasset" 10637
"../../../Engine/Content/EngineMaterials/Substrate/Glints2/dict_0000_0164.uasset" 10638
"../../../Engine/Content/EngineMaterials/Substrate/Glints2/dict_0000_0165.uasset" 10639
"../../../Engine/Content/EngineMaterials/Substrate/Glints2/dict_0000_0163.uasset" 10640
"../../../Engine/Content/EngineMaterials/Substrate/Glints2/dict_0000_0168.uasset" 10641
"../../../Engine/Content/EngineMaterials/Substrate/Glints2/dict_0000_0169.uasset" 10642
"../../../Engine/Content/EngineMaterials/Substrate/Glints2/dict_0000_0171.uasset" 10643
"../../../Engine/Content/EngineMaterials/Substrate/Glints2/dict_0000_0166.uasset" 10644
"../../../Engine/Content/EngineMaterials/Substrate/Glints2/dict_0000_0160.uasset" 10645
"../../../Engine/Content/EngineMaterials/Substrate/Glints2/dict_0000_0159.uasset" 10646
"/Engine/EngineMaterials/Substrate/Glints2/dict_0000_0170" 10647
"../../../Engine/Content/EngineMaterials/Substrate/Glints2/dict_0000_0156.uasset" 10648
"/Engine/EngineMaterials/Substrate/Glints2/dict_0000_0160" 10649
"../../../Engine/Content/EngineMaterials/Substrate/Glints2/dict_0000_0155.uasset" 10650
"../../../Engine/Content/EngineMaterials/Substrate/Glints2/dict_0000_0157.uasset" 10651
"/Engine/EngineMaterials/Substrate/Glints2/dict_0000_0163" 10652
"../../../Engine/Content/EngineMaterials/Substrate/Glints2/dict_0000_0162.uasset" 10653
"/Engine/EngineMaterials/Substrate/Glints2/dict_0000_0164" 10654
"../../../Engine/Content/EngineMaterials/Substrate/Glints2/dict_0000_0154.uasset" 10655
"/Engine/EngineMaterials/Substrate/Glints2/dict_0000_0171" 10656
"/Engine/EngineMaterials/Substrate/Glints2/dict_0000_0165" 10657
"/Engine/EngineMaterials/Substrate/Glints2/dict_0000_0172" 10658
"../../../Engine/Content/EngineMaterials/Substrate/Glints2/dict_0000_0158.uasset" 10659
"../../../Engine/Content/EngineMaterials/Substrate/Glints2/dict_0000_0161.uasset" 10660
"/Engine/EngineMaterials/Substrate/Glints2/dict_0000_0166" 10661
"/Engine/EngineMaterials/Substrate/Glints2/dict_0000_0159" 10662
"/Engine/EngineMaterials/Substrate/Glints2/dict_0000_0167" 10663
"/Engine/EngineMaterials/Substrate/Glints2/dict_0000_0169" 10664
"/Engine/EngineMaterials/Substrate/Glints2/dict_0000_0168" 10665
"/Engine/EngineMaterials/Substrate/Glints2/dict_0000_0161" 10666
"/Engine/EngineMaterials/Substrate/Glints2/dict_0000_0162" 10667
"/Engine/EngineMaterials/Substrate/Glints2/dict_0000_0154" 10668
"/Engine/EngineMaterials/Substrate/Glints2/dict_0000_0155" 10669
"../../../Engine/Content/EngineMaterials/Substrate/Glints2/dict_0000_0153.uasset" 10670
"../../../Engine/Content/EngineMaterials/Substrate/Glints2/dict_0000_0151.uasset" 10671
"/Engine/EngineMaterials/Substrate/Glints2/dict_0000_0156" 10672
"/Engine/EngineMaterials/Substrate/Glints2/dict_0000_0157" 10673
"/Engine/EngineMaterials/Substrate/Glints2/dict_0000_0158" 10674
"/Engine/EngineMaterials/Substrate/Glints2/dict_0000_0151" 10675
"/Engine/EngineMaterials/Substrate/Glints2/dict_0000_0153" 10676
"../../../Engine/Content/EngineMaterials/Substrate/Glints2/dict_0000_0152.uasset" 10677
"../../../Engine/Content/EngineMaterials/Substrate/Glints2/dict_0000_0148.uasset" 10678
"../../../Engine/Content/EngineMaterials/Substrate/Glints2/dict_0000_0150.uasset" 10679
"../../../Engine/Content/EngineMaterials/Substrate/Glints2/dict_0000_0144.uasset" 10680
"../../../Engine/Content/EngineMaterials/Substrate/Glints2/dict_0000_0149.uasset" 10681
"../../../Engine/Content/EngineMaterials/Substrate/Glints2/dict_0000_0146.uasset" 10682
"../../../Engine/Content/EngineMaterials/Substrate/Glints2/dict_0000_0147.uasset" 10683
"../../../Engine/Content/EngineMaterials/Substrate/Glints2/dict_0000_0142.uasset" 10684
"../../../Engine/Content/EngineMaterials/Substrate/Glints2/dict_0000_0145.uasset" 10685
"../../../Engine/Content/EngineMaterials/Substrate/Glints2/dict_0000_0141.uasset" 10686
"../../../Engine/Content/EngineMaterials/Substrate/Glints2/dict_0000_0143.uasset" 10687
"/Engine/EngineMaterials/Substrate/Glints2/dict_0000_0142" 10688
"/Engine/EngineMaterials/Substrate/Glints2/dict_0000_0143" 10689
"/Engine/EngineMaterials/Substrate/Glints2/dict_0000_0144" 10690
"/Engine/EngineMaterials/Substrate/Glints2/dict_0000_0145" 10691
"/Engine/EngineMaterials/Substrate/Glints2/dict_0000_0146" 10692
"/Engine/EngineMaterials/Substrate/Glints2/dict_0000_0147" 10693
"/Engine/EngineMaterials/Substrate/Glints2/dict_0000_0148" 10694
"/Engine/EngineMaterials/Substrate/Glints2/dict_0000_0152" 10695
"/Engine/EngineMaterials/Substrate/Glints2/dict_0000_0141" 10696
"/Engine/EngineMaterials/Substrate/Glints2/dict_0000_0149" 10697
"/Engine/EngineMaterials/Substrate/Glints2/dict_0000_0150" 10698
"../../../Engine/Content/EngineMaterials/Substrate/Glints2/dict_0000_0138.uasset" 10699
"../../../Engine/Content/EngineMaterials/Substrate/Glints2/dict_0000_0132.uasset" 10700
"../../../Engine/Content/EngineMaterials/Substrate/Glints2/dict_0000_0139.uasset" 10701
"../../../Engine/Content/EngineMaterials/Substrate/Glints2/dict_0000_0140.uasset" 10702
"../../../Engine/Content/EngineMaterials/Substrate/Glints2/dict_0000_0131.uasset" 10703
"../../../Engine/Content/EngineMaterials/Substrate/Glints2/dict_0000_0135.uasset" 10704
"../../../Engine/Content/EngineMaterials/Substrate/Glints2/dict_0000_0134.uasset" 10705
"../../../Engine/Content/EngineMaterials/Substrate/Glints2/dict_0000_0133.uasset" 10706
"../../../Engine/Content/EngineMaterials/Substrate/Glints2/dict_0000_0137.uasset" 10707
"../../../Engine/Content/EngineMaterials/Substrate/Glints2/dict_0000_0136.uasset" 10708
"/Engine/EngineMaterials/Substrate/Glints2/dict_0000_0131" 10709
"/Engine/EngineMaterials/Substrate/Glints2/dict_0000_0132" 10710
"/Engine/EngineMaterials/Substrate/Glints2/dict_0000_0133" 10711
"/Engine/EngineMaterials/Substrate/Glints2/dict_0000_0134" 10712
"/Engine/EngineMaterials/Substrate/Glints2/dict_0000_0135" 10713
"/Engine/EngineMaterials/Substrate/Glints2/dict_0000_0136" 10714
"/Engine/EngineMaterials/Substrate/Glints2/dict_0000_0137" 10715
"/Engine/EngineMaterials/Substrate/Glints2/dict_0000_0138" 10716
"/Engine/EngineMaterials/Substrate/Glints2/dict_0000_0139" 10717
"/Engine/EngineMaterials/Substrate/Glints2/dict_0000_0140" 10718
"../../../Engine/Content/EngineMaterials/Substrate/Glints2/dict_0000_0124.uasset" 10719
"../../../Engine/Content/EngineMaterials/Substrate/Glints2/dict_0000_0130.uasset" 10720
"../../../Engine/Content/EngineMaterials/Substrate/Glints2/dict_0000_0125.uasset" 10721
"../../../Engine/Content/EngineMaterials/Substrate/Glints2/dict_0000_0121.uasset" 10722
"../../../Engine/Content/EngineMaterials/Substrate/Glints2/dict_0000_0122.uasset" 10723
"../../../Engine/Content/EngineMaterials/Substrate/Glints2/dict_0000_0128.uasset" 10724
"../../../Engine/Content/EngineMaterials/Substrate/Glints2/dict_0000_0129.uasset" 10725
"/Engine/EngineMaterials/Substrate/Glints2/dict_0000_0129" 10726
"/Engine/EngineMaterials/Substrate/Glints2/dict_0000_0130" 10727
"/Engine/EngineMaterials/Substrate/Glints2/dict_0000_0122" 10728
"../../../Engine/Content/EngineMaterials/Substrate/Glints2/dict_0000_0123.uasset" 10729
"/Engine/EngineMaterials/Substrate/Glints2/dict_0000_0121" 10730
"/Engine/EngineMaterials/Substrate/Glints2/dict_0000_0124" 10731
"../../../Engine/Content/EngineMaterials/Substrate/Glints2/dict_0000_0116.uasset" 10732
"../../../Engine/Content/EngineMaterials/Substrate/Glints2/dict_0000_0119.uasset" 10733
"/Engine/EngineMaterials/Substrate/Glints2/dict_0000_0125" 10734
"../../../Engine/Content/EngineMaterials/Substrate/Glints2/dict_0000_0120.uasset" 10735
"/Engine/EngineMaterials/Substrate/Glints2/dict_0000_0128" 10736
"/Engine/EngineMaterials/Substrate/Glints2/dict_0000_0123" 10737
"/Engine/EngineMaterials/Substrate/Glints2/dict_0000_0120" 10738
"/Engine/EngineMaterials/Substrate/Glints2/dict_0000_0116" 10739
"../../../Engine/Content/EngineMaterials/Substrate/Glints2/dict_0000_0115.uasset" 10740
"/Engine/EngineMaterials/Substrate/Glints2/dict_0000_0119" 10741
"/Engine/EngineMaterials/Substrate/Glints2/dict_0000_0115" 10742
"../../../Engine/Content/EngineMaterials/Substrate/Glints2/dict_0000_0126.uasset" 10743
"../../../Engine/Content/EngineMaterials/Substrate/Glints2/dict_0000_0118.uasset" 10744
"../../../Engine/Content/EngineMaterials/Substrate/Glints2/dict_0000_0114.uasset" 10745
"../../../Engine/Content/EngineMaterials/Substrate/Glints2/dict_0000_0127.uasset" 10746
"../../../Engine/Content/EngineMaterials/Substrate/Glints2/dict_0000_0112.uasset" 10747
"../../../Engine/Content/EngineMaterials/Substrate/Glints2/dict_0000_0110.uasset" 10748
"../../../Engine/Content/EngineMaterials/Substrate/Glints2/dict_0000_0109.uasset" 10749
"../../../Engine/Content/EngineMaterials/Substrate/Glints2/dict_0000_0111.uasset" 10750
"../../../Engine/Content/EngineMaterials/Substrate/Glints2/dict_0000_0117.uasset" 10751
"../../../Engine/Content/EngineMaterials/Substrate/Glints2/dict_0000_0113.uasset" 10752
"../../../Engine/Content/EngineMaterials/Substrate/Glints2/dict_0000_0105.uasset" 10753
"../../../Engine/Content/EngineMaterials/Substrate/Glints2/dict_0000_0107.uasset" 10754
"../../../Engine/Content/EngineMaterials/Substrate/Glints2/dict_0000_0106.uasset" 10755
"/Engine/EngineMaterials/Substrate/Glints2/dict_0000_0109" 10756
"/Engine/EngineMaterials/Substrate/Glints2/dict_0000_0110" 10757
"/Engine/EngineMaterials/Substrate/Glints2/dict_0000_0111" 10758
"/Engine/EngineMaterials/Substrate/Glints2/dict_0000_0112" 10759
"/Engine/EngineMaterials/Substrate/Glints2/dict_0000_0113" 10760
"/Engine/EngineMaterials/Substrate/Glints2/dict_0000_0114" 10761
"/Engine/EngineMaterials/Substrate/Glints2/dict_0000_0117" 10762
"/Engine/EngineMaterials/Substrate/Glints2/dict_0000_0126" 10763
"/Engine/EngineMaterials/Substrate/Glints2/dict_0000_0118" 10764
"/Engine/EngineMaterials/Substrate/Glints2/dict_0000_0127" 10765
"/Engine/EngineMaterials/Substrate/Glints2/dict_0000_0105" 10766
"/Engine/EngineMaterials/Substrate/Glints2/dict_0000_0106" 10767
"/Engine/EngineMaterials/Substrate/Glints2/dict_0000_0107" 10768
"../../../Engine/Content/EngineMaterials/Substrate/Glints2/dict_0000_0101.uasset" 10769
"../../../Engine/Content/EngineMaterials/Substrate/Glints2/dict_0000_0102.uasset" 10770
"../../../Engine/Content/EngineMaterials/Substrate/Glints2/dict_0000_0108.uasset" 10771
"../../../Engine/Content/EngineMaterials/Substrate/Glints2/dict_0000_0104.uasset" 10772
"../../../Engine/Content/EngineMaterials/Substrate/Glints2/dict_0000_0103.uasset" 10773
"../../../Engine/Content/EngineMaterials/Substrate/Glints2/dict_0000_0096.uasset" 10774
"../../../Engine/Content/EngineMaterials/Substrate/Glints2/dict_0000_0099.uasset" 10775
"../../../Engine/Content/EngineMaterials/Substrate/Glints2/dict_0000_0098.uasset" 10776
"/Engine/EngineMaterials/Substrate/Glints2/dict_0000_0099" 10777
"/Engine/EngineMaterials/Substrate/Glints2/dict_0000_0101" 10778
"/Engine/EngineMaterials/Substrate/Glints2/dict_0000_0102" 10779
"/Engine/EngineMaterials/Substrate/Glints2/dict_0000_0096" 10780
"/Engine/EngineMaterials/Substrate/Glints2/dict_0000_0103" 10781
"/Engine/EngineMaterials/Substrate/Glints2/dict_0000_0098" 10782
"/Engine/EngineMaterials/Substrate/Glints2/dict_0000_0104" 10783
"/Engine/EngineMaterials/Substrate/Glints2/dict_0000_0108" 10784
"../../../Engine/Content/EngineMaterials/Substrate/Glints2/dict_0000_0092.uasset" 10785
"../../../Engine/Content/EngineMaterials/Substrate/Glints2/dict_0000_0094.uasset" 10786
"../../../Engine/Content/EngineMaterials/Substrate/Glints2/dict_0000_0095.uasset" 10787
"../../../Engine/Content/EngineMaterials/Substrate/Glints2/dict_0000_0091.uasset" 10788
"../../../Engine/Content/EngineMaterials/Substrate/Glints2/dict_0000_0093.uasset" 10789
"../../../Engine/Content/EngineMaterials/Substrate/Glints2/dict_0000_0100.uasset" 10790
"../../../Engine/Content/EngineMaterials/Substrate/Glints2/dict_0000_0097.uasset" 10791
"../../../Engine/Content/EngineMaterials/Substrate/Glints2/dict_0000_0090.uasset" 10792
"../../../Engine/Content/EngineMaterials/Substrate/Glints2/dict_0000_0085.uasset" 10793
"../../../Engine/Content/EngineMaterials/Substrate/Glints2/dict_0000_0086.uasset" 10794
"../../../Engine/Content/EngineMaterials/Substrate/Glints2/dict_0000_0087.uasset" 10795
"/Engine/EngineMaterials/Substrate/Glints2/dict_0000_0092" 10796
"../../../Engine/Content/EngineMaterials/Substrate/Glints2/dict_0000_0089.uasset" 10797
"/Engine/EngineMaterials/Substrate/Glints2/dict_0000_0093" 10798
"/Engine/EngineMaterials/Substrate/Glints2/dict_0000_0094" 10799
"../../../Engine/Content/EngineMaterials/Substrate/Glints2/dict_0000_0084.uasset" 10800
"/Engine/EngineMaterials/Substrate/Glints2/dict_0000_0100" 10801
"/Engine/EngineMaterials/Substrate/Glints2/dict_0000_0087" 10802
"/Engine/EngineMaterials/Substrate/Glints2/dict_0000_0090" 10803
"/Engine/EngineMaterials/Substrate/Glints2/dict_0000_0095" 10804
"/Engine/EngineMaterials/Substrate/Glints2/dict_0000_0097" 10805
"/Engine/EngineMaterials/Substrate/Glints2/dict_0000_0085" 10806
"../../../Engine/Content/EngineMaterials/Substrate/Glints2/dict_0000_0088.uasset" 10807
"../../../Engine/Content/EngineMaterials/Substrate/Glints2/dict_0000_0080.uasset" 10808
"/Engine/EngineMaterials/Substrate/Glints2/dict_0000_0086" 10809
"../../../Engine/Content/EngineMaterials/Substrate/Glints2/dict_0000_0081.uasset" 10810
"/Engine/EngineMaterials/Substrate/Glints2/dict_0000_0091" 10811
"../../../Engine/Content/EngineMaterials/Substrate/Glints2/dict_0000_0083.uasset" 10812
"/Engine/EngineMaterials/Substrate/Glints2/dict_0000_0088" 10813
"../../../Engine/Content/EngineMaterials/Substrate/Glints2/dict_0000_0082.uasset" 10814
"/Engine/EngineMaterials/Substrate/Glints2/dict_0000_0089" 10815
"../../../Engine/Content/EngineMaterials/Substrate/Glints2/dict_0000_0079.uasset" 10816
"../../../Engine/Content/EngineMaterials/Substrate/Glints2/dict_0000_0078.uasset" 10817
"/Engine/EngineMaterials/Substrate/Glints2/dict_0000_0080" 10818
"/Engine/EngineMaterials/Substrate/Glints2/dict_0000_0081" 10819
"/Engine/EngineMaterials/Substrate/Glints2/dict_0000_0083" 10820
"/Engine/EngineMaterials/Substrate/Glints2/dict_0000_0084" 10821
"../../../Engine/Content/EngineMaterials/Substrate/Glints2/dict_0000_0077.uasset" 10822
"/Engine/EngineMaterials/Substrate/Glints2/dict_0000_0077" 10823
"/Engine/EngineMaterials/Substrate/Glints2/dict_0000_0078" 10824
"/Engine/EngineMaterials/Substrate/Glints2/dict_0000_0079" 10825
"/Engine/EngineMaterials/Substrate/Glints2/dict_0000_0082" 10826
"../../../Engine/Content/EngineMaterials/Substrate/Glints2/dict_0000_0068.uasset" 10827
"../../../Engine/Content/EngineMaterials/Substrate/Glints2/dict_0000_0072.uasset" 10828
"../../../Engine/Content/EngineMaterials/Substrate/Glints2/dict_0000_0069.uasset" 10829
"../../../Engine/Content/EngineMaterials/Substrate/Glints2/dict_0000_0067.uasset" 10830
"../../../Engine/Content/EngineMaterials/Substrate/Glints2/dict_0000_0075.uasset" 10831
"../../../Engine/Content/EngineMaterials/Substrate/Glints2/dict_0000_0076.uasset" 10832
"../../../Engine/Content/EngineMaterials/Substrate/Glints2/dict_0000_0071.uasset" 10833
"../../../Engine/Content/EngineMaterials/Substrate/Glints2/dict_0000_0073.uasset" 10834
"/Engine/EngineMaterials/Substrate/Glints2/dict_0000_0075" 10835
"/Engine/EngineMaterials/Substrate/Glints2/dict_0000_0076" 10836
"/Engine/EngineMaterials/Substrate/Glints2/dict_0000_0067" 10837
"../../../Engine/Content/EngineMaterials/Substrate/Glints2/dict_0000_0074.uasset" 10838
"/Engine/EngineMaterials/Substrate/Glints2/dict_0000_0068" 10839
"/Engine/EngineMaterials/Substrate/Glints2/dict_0000_0069" 10840
"/Engine/EngineMaterials/Substrate/Glints2/dict_0000_0071" 10841
"/Engine/EngineMaterials/Substrate/Glints2/dict_0000_0072" 10842
"../../../Engine/Content/EngineMaterials/Substrate/Glints2/dict_0000_0070.uasset" 10843
"/Engine/EngineMaterials/Substrate/Glints2/dict_0000_0074" 10844
"/Engine/EngineMaterials/Substrate/Glints2/dict_0000_0073" 10845
"/Engine/EngineMaterials/Substrate/Glints2/dict_0000_0070" 10846
"../../../Engine/Content/EngineMaterials/Substrate/Glints2/dict_0000_0065.uasset" 10847
"../../../Engine/Content/EngineMaterials/Substrate/Glints2/dict_0000_0060.uasset" 10848
"../../../Engine/Content/EngineMaterials/Substrate/Glints2/dict_0000_0057.uasset" 10849
"../../../Engine/Content/EngineMaterials/Substrate/Glints2/dict_0000_0064.uasset" 10850
"../../../Engine/Content/EngineMaterials/Substrate/Glints2/dict_0000_0063.uasset" 10851
"../../../Engine/Content/EngineMaterials/Substrate/Glints2/dict_0000_0062.uasset" 10852
"../../../Engine/Content/EngineMaterials/Substrate/Glints2/dict_0000_0066.uasset" 10853
"../../../Engine/Content/EngineMaterials/Substrate/Glints2/dict_0000_0061.uasset" 10854
"../../../Engine/Content/EngineMaterials/Substrate/Glints2/dict_0000_0058.uasset" 10855
"../../../Engine/Content/EngineMaterials/Substrate/Glints2/dict_0000_0059.uasset" 10856
"../../../Engine/Content/EngineMaterials/Substrate/Glints2/dict_0000_0054.uasset" 10857
"../../../Engine/Content/EngineMaterials/Substrate/Glints2/dict_0000_0055.uasset" 10858
"/Engine/EngineMaterials/Substrate/Glints2/dict_0000_0055" 10859
"/Engine/EngineMaterials/Substrate/Glints2/dict_0000_0057" 10860
"/Engine/EngineMaterials/Substrate/Glints2/dict_0000_0066" 10861
"/Engine/EngineMaterials/Substrate/Glints2/dict_0000_0058" 10862
"/Engine/EngineMaterials/Substrate/Glints2/dict_0000_0059" 10863
"/Engine/EngineMaterials/Substrate/Glints2/dict_0000_0060" 10864
"/Engine/EngineMaterials/Substrate/Glints2/dict_0000_0061" 10865
"/Engine/EngineMaterials/Substrate/Glints2/dict_0000_0062" 10866
"/Engine/EngineMaterials/Substrate/Glints2/dict_0000_0054" 10867
"/Engine/EngineMaterials/Substrate/Glints2/dict_0000_0063" 10868
"/Engine/EngineMaterials/Substrate/Glints2/dict_0000_0064" 10869
"/Engine/EngineMaterials/Substrate/Glints2/dict_0000_0065" 10870
"../../../Engine/Content/EngineMaterials/Substrate/Glints2/dict_0000_0045.uasset" 10871
"../../../Engine/Content/EngineMaterials/Substrate/Glints2/dict_0000_0050.uasset" 10872
"../../../Engine/Content/EngineMaterials/Substrate/Glints2/dict_0000_0046.uasset" 10873
"../../../Engine/Content/EngineMaterials/Substrate/Glints2/dict_0000_0052.uasset" 10874
"../../../Engine/Content/EngineMaterials/Substrate/Glints2/dict_0000_0056.uasset" 10875
"../../../Engine/Content/EngineMaterials/Substrate/Glints2/dict_0000_0051.uasset" 10876
"../../../Engine/Content/EngineMaterials/Substrate/Glints2/dict_0000_0048.uasset" 10877
"../../../Engine/Content/EngineMaterials/Substrate/Glints2/dict_0000_0047.uasset" 10878
"../../../Engine/Content/EngineMaterials/Substrate/Glints2/dict_0000_0053.uasset" 10879
"../../../Engine/Content/EngineMaterials/Substrate/Glints2/dict_0000_0049.uasset" 10880
"/Engine/EngineMaterials/Substrate/Glints2/dict_0000_0056" 10881
"/Engine/EngineMaterials/Substrate/Glints2/dict_0000_0045" 10882
"/Engine/EngineMaterials/Substrate/Glints2/dict_0000_0049" 10883
"/Engine/EngineMaterials/Substrate/Glints2/dict_0000_0046" 10884
"../../../Engine/Content/EngineMaterials/Substrate/Glints2/dict_0000_0042.uasset" 10885
"/Engine/EngineMaterials/Substrate/Glints2/dict_0000_0050" 10886
"../../../Engine/Content/EngineMaterials/Substrate/Glints2/dict_0000_0043.uasset" 10887
"../../../Engine/Content/EngineMaterials/Substrate/Glints2/dict_0000_0040.uasset" 10888
"../../../Engine/Content/EngineMaterials/Substrate/Glints2/dict_0000_0044.uasset" 10889
"/Engine/EngineMaterials/Substrate/Glints2/dict_0000_0047" 10890
"/Engine/EngineMaterials/Substrate/Glints2/dict_0000_0051" 10891
"/Engine/EngineMaterials/Substrate/Glints2/dict_0000_0052" 10892
"/Engine/EngineMaterials/Substrate/Glints2/dict_0000_0048" 10893
"/Engine/EngineMaterials/Substrate/Glints2/dict_0000_0053" 10894
"/Engine/EngineMaterials/Substrate/Glints2/dict_0000_0040" 10895
"/Engine/EngineMaterials/Substrate/Glints2/dict_0000_0042" 10896
"/Engine/EngineMaterials/Substrate/Glints2/dict_0000_0043" 10897
"/Engine/EngineMaterials/Substrate/Glints2/dict_0000_0044" 10898
"../../../Engine/Content/EngineMaterials/Substrate/Glints2/dict_0000_0036.uasset" 10899
"../../../Engine/Content/EngineMaterials/Substrate/Glints2/dict_0000_0031.uasset" 10900
"../../../Engine/Content/EngineMaterials/Substrate/Glints2/dict_0000_0032.uasset" 10901
"../../../Engine/Content/EngineMaterials/Substrate/Glints2/dict_0000_0033.uasset" 10902
"../../../Engine/Content/EngineMaterials/Substrate/Glints2/dict_0000_0034.uasset" 10903
"../../../Engine/Content/EngineMaterials/Substrate/Glints2/dict_0000_0039.uasset" 10904
"../../../Engine/Content/EngineMaterials/Substrate/Glints2/dict_0000_0041.uasset" 10905
"../../../Engine/Content/EngineMaterials/Substrate/Glints2/dict_0000_0035.uasset" 10906
"../../../Engine/Content/EngineMaterials/Substrate/Glints2/dict_0000_0038.uasset" 10907
"../../../Engine/Content/EngineMaterials/Substrate/Glints2/dict_0000_0037.uasset" 10908
"../../../Engine/Content/EngineMaterials/Substrate/Glints2/dict_0000_0028.uasset" 10909
"../../../Engine/Content/EngineMaterials/Substrate/Glints2/dict_0000_0029.uasset" 10910
"../../../Engine/Content/EngineMaterials/Substrate/Glints2/dict_0000_0030.uasset" 10911
"../../../Engine/Content/EngineMaterials/Substrate/Glints2/dict_0000_0026.uasset" 10912
"/Engine/EngineMaterials/Substrate/Glints2/dict_0000_0036" 10913
"../../../Engine/Content/EngineMaterials/Substrate/Glints2/dict_0000_0027.uasset" 10914
"/Engine/EngineMaterials/Substrate/Glints2/dict_0000_0038" 10915
"/Engine/EngineMaterials/Substrate/Glints2/dict_0000_0039" 10916
"/Engine/EngineMaterials/Substrate/Glints2/dict_0000_0028" 10917
"/Engine/EngineMaterials/Substrate/Glints2/dict_0000_0041" 10918
"/Engine/EngineMaterials/Substrate/Glints2/dict_0000_0029" 10919
"/Engine/EngineMaterials/Substrate/Glints2/dict_0000_0035" 10920
"/Engine/EngineMaterials/Substrate/Glints2/dict_0000_0030" 10921
"/Engine/EngineMaterials/Substrate/Glints2/dict_0000_0031" 10922
"/Engine/EngineMaterials/Substrate/Glints2/dict_0000_0032" 10923
"/Engine/EngineMaterials/Substrate/Glints2/dict_0000_0033" 10924
"/Engine/EngineMaterials/Substrate/Glints2/dict_0000_0037" 10925
"/Engine/EngineMaterials/Substrate/Glints2/dict_0000_0034" 10926
"/Engine/EngineMaterials/Substrate/Glints2/dict_0000_0026" 10927
"/Engine/EngineMaterials/Substrate/Glints2/dict_0000_0027" 10928
"../../../Engine/Content/EngineMaterials/Substrate/Glints2/dict_0000_0018.uasset" 10929
"../../../Engine/Content/EngineMaterials/Substrate/Glints2/dict_0000_0025.uasset" 10930
"../../../Engine/Content/EngineMaterials/Substrate/Glints2/dict_0000_0016.uasset" 10931
"../../../Engine/Content/EngineMaterials/Substrate/Glints2/dict_0000_0019.uasset" 10932
"../../../Engine/Content/EngineMaterials/Substrate/Glints2/dict_0000_0023.uasset" 10933
"../../../Engine/Content/EngineMaterials/Substrate/Glints2/dict_0000_0017.uasset" 10934
"../../../Engine/Content/EngineMaterials/Substrate/Glints2/dict_0000_0024.uasset" 10935
"../../../Engine/Content/EngineMaterials/Substrate/Glints2/dict_0000_0022.uasset" 10936
"../../../Engine/Content/EngineMaterials/Substrate/Glints2/dict_0000_0020.uasset" 10937
"/Engine/EngineMaterials/Substrate/Glints2/dict_0000_0023" 10938
"/Engine/EngineMaterials/Substrate/Glints2/dict_0000_0024" 10939
"/Engine/EngineMaterials/Substrate/Glints2/dict_0000_0025" 10940
"/Engine/EngineMaterials/Substrate/Glints2/dict_0000_0016" 10941
"/Engine/EngineMaterials/Substrate/Glints2/dict_0000_0017" 10942
"/Engine/EngineMaterials/Substrate/Glints2/dict_0000_0018" 10943
"/Engine/EngineMaterials/Substrate/Glints2/dict_0000_0019" 10944
"/Engine/EngineMaterials/Substrate/Glints2/dict_0000_0020" 10945
"/Engine/EngineMaterials/Substrate/Glints2/dict_0000_0022" 10946
"../../../Engine/Content/EngineMaterials/Substrate/Glints2/dict_0000_0015.uasset" 10947
"../../../Engine/Content/EngineMaterials/Substrate/Glints2/dict_0000_0008.uasset" 10948
"../../../Engine/Content/EngineMaterials/Substrate/Glints2/dict_0000_0021.uasset" 10949
"../../../Engine/Content/EngineMaterials/Substrate/Glints2/dict_0000_0012.uasset" 10950
"../../../Engine/Content/EngineMaterials/Substrate/Glints2/dict_0000_0014.uasset" 10951
"../../../Engine/Content/EngineMaterials/Substrate/Glints2/dict_0000_0011.uasset" 10952
"../../../Engine/Content/EngineMaterials/Substrate/Glints2/dict_0000_0009.uasset" 10953
"../../../Engine/Content/EngineMaterials/Substrate/Glints2/dict_0000_0005.uasset" 10954
"../../../Engine/Content/EngineMaterials/Substrate/Glints2/dict_0000_0013.uasset" 10955
"../../../Engine/Content/EngineMaterials/Substrate/Glints2/dict_0000_0006.uasset" 10956
"../../../Engine/Content/EngineMaterials/Substrate/Volume/SubstrateSimpleVolumeLUT3D.uasset" 10957
"../../../Engine/Content/EngineMaterials/Substrate/Volume/SubstrateSimpleVolumeLUT2D.uasset" 10958
"../../../Engine/Content/EngineMaterials/Substrate/Volume/SubstrateSimpleVolumeEnvLUT2D.uasset" 10959
"../../../Engine/Content/EngineMaterials/Substrate/Volume/SubstrateSimpleVolumeEnvLUT3D.uasset" 10960
"../../../Engine/Content/EngineMaterials/Substrate/Glints2/dict_0000_0010.uasset" 10961
"../../../Engine/Content/EngineMaterials/Substrate/Glints2/dict_0000_0003.uasset" 10962
"/Engine/EngineMaterials/Substrate/Volume/SubstrateSimpleVolumeEnvLUT2D" 10963
"/Engine/EngineMaterials/Substrate/Volume/SubstrateSimpleVolumeLUT3D" 10964
"/Engine/EngineMaterials/Substrate/Glints2/dict_0000_0013" 10965
"/Engine/EngineMaterials/Substrate/Glints2/dict_0000_0014" 10966
"/Engine/EngineMaterials/Substrate/Glints2/dict_0000_0015" 10967
"/Engine/EngineMaterials/Substrate/Volume/SubstrateSimpleVolumeEnvLUT3D" 10968
"/Engine/EngineMaterials/Substrate/Glints2/dict_0000_0009" 10969
"../../../Engine/Content/EngineMaterials/Substrate/Glints2/dict_0000_0002.uasset" 10970
"/Engine/EngineMaterials/Substrate/Glints2/dict_0000_0010" 10971
"../../../Engine/Content/EngineMaterials/Substrate/Glints2/dict_0000_0007.uasset" 10972
"../../../Engine/Content/EngineMaterials/Substrate/Glints2/AGlintTex2dArray2.uasset" 10973
"/Engine/EngineMaterials/Substrate/Glints2/dict_0000_0021" 10974
"../../../Engine/Content/MobileResources/HUD/VirtualJoystick_Thumb.uasset" 10975
"../../../Engine/Content/MobileResources/HUD/VirtualJoystick_Background.uasset" 10976
"/Engine/EngineMaterials/Substrate/Glints2/dict_0000_0011" 10977
"../../../Engine/Content/EngineMaterials/Substrate/Glints2/dict_0000_0004.uasset" 10978
"/Engine/EngineMaterials/Substrate/Glints2/dict_0000_0012" 10979
"/Engine/EngineMaterials/Substrate/Glints2/dict_0000_0005" 10980
"../../../Engine/Content/EngineMaterials/Substrate/Glints2/dict_0000_0000.uasset" 10981
"../../../Engine/Content/EngineMaterials/Substrate/Glints2/dict_0000_0001.uasset" 10982
"/Engine/EngineMaterials/Substrate/Glints2/dict_0000_0006" 10983
"/Engine/EngineMaterials/Substrate/Glints2/dict_0000_0008" 10984
"/Engine/MobileResources/HUD/VirtualJoystick_Thumb" 10985
"/Engine/EngineMaterials/Substrate/Glints2/AGlintTex2dArray2" 10986
"../../../Engine/Content/MobileResources/HUD/DefaultVirtualJoysticks.uasset" 10987
"../../../Engine/Content/Functions/MaterialLayerFunctions/MatLayerBlend_OverrideOpacity.uasset" 10988
"../../../Engine/Content/EngineMaterials/DefaultCalibrationColor.uasset" 10989
"../../../Engine/Plugins/Interchange/Assets/Content/Functions/MX_Surface.uasset" 10990
"../../../Engine/Content/Functions/Engine_MaterialFunctions03/Procedurals/HeightToNormalSmooth.uasset" 10991
"../../../Engine/Content/EngineMaterials/PPM_DefaultCalibrationGrayscale.uasset" 10992
"../../../Engine/Content/Functions/Engine_MaterialFunctions02/Utility/BlendAngleCorrectedNormals.uasset" 10993
"../../../Engine/Plugins/NNE/NNEDenoiser/Content/NNEDIM_ColorAlbedoNormal_Default.uasset" 10994
"../../../Engine/Content/EngineMaterials/DefaultCalibrationGrayscale.uasset" 10995
"/Engine/MobileResources/HUD/VirtualJoystick_Background" 10996
"/Engine/Functions/Engine_MaterialFunctions03/Procedurals/HeightToNormalSmooth" 10997
"../../../Engine/Plugins/Interchange/Assets/Content/Functions/MX_Displacement.uasset" 10998
"../../../Engine/Plugins/NNE/NNEDenoiser/Content/NNEDTIM_ColorAlbedoNormal_Alpha.uasset" 10999
"../../../Engine/Content/EngineMaterials/PPM_DefaultCalibrationColor.uasset" 11000
"../../../Engine/Plugins/NNE/NNEDenoiser/Content/NNEDIM_HighQuality_Default.uasset" 11001
"/InterchangeAssets/Functions/MX_Surface" 11002
"/Engine/EngineMaterials/PPM_DefaultCalibrationGrayscale" 11003
"/Engine/EngineMaterials/DefaultCalibrationColor" 11004
"/Engine/MobileResources/HUD/DefaultVirtualJoysticks" 11005
"/NNEDenoiser/NNEDIM_ColorAlbedoNormal_Default" 11006
"../../../Engine/Plugins/NNE/NNEDenoiser/Content/NNEDIM_ColorAlbedoNormal_Alpha.uasset" 11007
"../../../Engine/Plugins/NNE/NNEDenoiser/Content/NNEDOM_Output_Default.uasset" 11008
"../../../Engine/Plugins/NNE/NNEDenoiser/Content/NNEDTIM_ColorAlbedoNormal_Default.uasset" 11009
"../../../Engine/Plugins/NNE/NNEDenoiser/Content/NNEDTOM_Output_Alpha.uasset" 11010
"../../../Engine/Plugins/NNE/NNEDenoiser/Content/NNEDT_Oidn2-3_Balanced.uasset" 11011
"../../../Engine/Plugins/NNE/NNEDenoiser/Content/NNEDTOM_Output_Default.uasset" 11012
"../../../Engine/Plugins/NNE/NNEDenoiser/Content/NNEDT_Oidn2-3_Balanced_Alpha.uasset" 11013
"../../../Engine/Plugins/NNE/NNEDenoiser/Content/NNEDIM_HighQuality_Alpha.uasset" 11014
"/Engine/Functions/Engine_MaterialFunctions02/Utility/BlendAngleCorrectedNormals" 11015
"/NNEDenoiser/NNEDT_Oidn2-3_Balanced_Alpha" 11016
"/NNEDenoiser/NNEDT_Oidn2-3_Balanced" 11017
"/NNEDenoiser/NNEDTOM_Output_Default" 11018
"/NNEDenoiser/NNEDTOM_Output_Alpha" 11019
"/NNEDenoiser/NNEDTIM_ColorAlbedoNormal_Default" 11020
"../../../Engine/Plugins/NNE/NNEDenoiser/Content/NNED_Oidn2-3_HighQuality_Alpha.uasset" 11021
"../../../Engine/Plugins/NNE/NNEDenoiser/Content/NNED_Oidn2-3_HighQuality.uasset" 11022
"../../../Engine/Plugins/NNE/NNEDenoiser/Content/NNED_Oidn2-3_Balanced.uasset" 11023
"../../../Engine/Plugins/NNE/NNEDenoiser/Content/NNE_oidn2-3-0_rt_hdr_alb_nrm_small__dyn__fp16_opset11_DenoiseAlpha.uasset" 11024
"../../../Engine/Content/EditorResources/BSPVertex.uasset" 11025
"../../../Engine/Plugins/NNE/NNEDenoiser/Content/NNE_oidn2-3-0_rt_hdr_alb_nrm__dyn__fp16_opset11_DenoiseAlpha.uasset" 11026
"../../../Engine/Content/EngineMaterials/DefaultBloomKernel.uasset" 11027
"/Engine/EngineMaterials/PPM_DefaultCalibrationColor" 11028
"../../../Engine/Plugins/NNE/NNEDenoiser/Content/NNED_Oidn2-3_Fast.uasset" 11029
"/NNEDenoiser/NNEDTIM_ColorAlbedoNormal_Alpha" 11030
"../../../Engine/Content/EngineDebugMaterials/DebugEditorMaterial.uasset" 11031
"../../../Engine/Content/EngineMaterials/FastBlueNoise_scalar_128x128x64.uasset" 11032
"/NNEDenoiser/NNEDOM_Output_Default" 11033
"/NNEDenoiser/NNEDIM_HighQuality_Default" 11034
"/NNEDenoiser/NNEDIM_HighQuality_Alpha" 11035
"/NNEDenoiser/NNEDIM_ColorAlbedoNormal_Alpha" 11036
"/InterchangeAssets/Functions/MX_Displacement" 11037
"/NNEDenoiser/NNED_Oidn2-3_Balanced" 11038
"/Engine/EngineMaterials/FastBlueNoise_scalar_128x128x64" 11039
"/Engine/EngineDebugMaterials/DebugEditorMaterial" 11040
"../../../Engine/Plugins/NNE/NNEDenoiser/Content/NNE_oidn2-3-0_rt_hdr_alb_nrm__dyn__fp16_opset11_ForwardAlpha.uasset" 11041
"../../../Engine/Content/EngineMaterials/FastBlueNoise_vec2_128x128x64.uasset" 11042
"/NNEDenoiser/NNE_oidn2-3-0_rt_hdr_alb_nrm__dyn__fp16_opset11_DenoiseAlpha" 11043
"../../../Engine/Content/EngineMaterials/EnergyConservation/SheenLegacy_Energy.uasset" 11044
"../../../Engine/Plugins/NNE/NNEDenoiser/Content/NNEDOM_Output_Alpha.uasset" 11045
"../../../Engine/Plugins/NNE/NNEDenoiser/Content/NNED_Oidn2-3_Balanced_Alpha.uasset" 11046
"../../../Engine/Content/EngineSounds/Master.uasset" 11047
"../../../Engine/Plugins/NNE/NNEDenoiser/Content/NNE_oidn2-3-0_rt_hdr_calb_cnrm_large__dyn__fp16_opset11_DenoiseAlpha.uasset" 11048
"../../../Engine/Plugins/NNE/NNEDenoiser/Content/NNED_Oidn2-3_Fast_Alpha.uasset" 11049
"/NNEDenoiser/NNE_oidn2-3-0_rt_hdr_alb_nrm_small__dyn__fp16_opset11_DenoiseAlpha" 11050
"../../../Engine/Content/EngineResources/FilmGrains/Marcie_Grain_v3_128_M2_000.uasset" 11051
"../../../Engine/Content/EngineResources/Development/ZenLogo_64.uasset" 11052
"/NNEDenoiser/NNED_Oidn2-3_HighQuality_Alpha" 11053
"/Engine/EngineMaterials/DefaultBloomKernel" 11054
"/NNEDenoiser/NNED_Oidn2-3_HighQuality" 11055
"/Engine/EditorResources/BSPVertex" 11056
"../../../Engine/Content/EngineMaterials/FastBlueNoise_scalar_128x128x8.uasset" 11057
"../../../Engine/Content/EngineMaterials/SMAAAreaTex.uasset" 11058
"../../../Engine/Plugins/NNE/NNEDenoiser/Content/NNE_oidn2-3-0_rt_hdr_alb_nrm_small__dyn__fp16_opset11_ForwardAlpha.uasset" 11059
"../../../Engine/Plugins/NNE/NNEDenoiser/Content/NNE_oidn2-3-0_rt_hdr_calb_cnrm_large__dyn__fp16_opset11_ForwardAlpha.uasset" 11060
"../../../Engine/Plugins/Interchange/Runtime/Content/Pipelines/DefaultGLTFAssetsPipeline.uasset" 11061
"../../../Engine/Plugins/Interchange/Runtime/Content/Pipelines/DefaultMaterialPipeline.uasset" 11062
"../../../Engine/Plugins/Interchange/Runtime/Content/Pipelines/DefaultTexturePipeline.uasset" 11063
"../../../Engine/Content/EngineMaterials/SMAASearchTex.uasset" 11064
"../../../Engine/Plugins/Interchange/Runtime/Content/Pipelines/DefaultGLTFPipeline.uasset" 11065
"../../../Engine/Plugins/Interchange/Runtime/Content/Pipelines/DefaultAudioPipeline.uasset" 11066
"../../../Engine/Plugins/Interchange/Runtime/Content/Pipelines/DefaultAssetsPipeline.uasset" 11067
"../../../Engine/Plugins/Interchange/Runtime/Content/Pipelines/DefaultMaterialXPipeline.uasset" 11068
"C:/Users/cjoyn/OneDrive/Documents/Unreal Projects/CIS488UnrealProject/TheMarbelousAscent/Intermediate/ORTOptimizerPass_Optimized7296F4434F7635A9852F9987C44785EB.onnx" 11069
"C:/Users/cjoyn/OneDrive/Documents/Unreal Projects/CIS488UnrealProject/TheMarbelousAscent/Intermediate/ORTOptimizerPass_Optimized201966B1448787BEEDB6F7A1A15209FA.onnx" 11070
"C:/Users/cjoyn/OneDrive/Documents/Unreal Projects/CIS488UnrealProject/TheMarbelousAscent/Intermediate/ORTOptimizerPass_Optimized8CE10A724D25D092A971AFB03F0015EA.onnx" 11071
"C:/Users/cjoyn/OneDrive/Documents/Unreal Projects/CIS488UnrealProject/TheMarbelousAscent/Intermediate/ORTOptimizerPass_Optimized45B8B74F480AE54984E82CB21071BD8D.onnx" 11072
"/NNEDenoiser/NNED_Oidn2-3_Fast" 11073
"/Engine/EngineMaterials/FastBlueNoise_scalar_128x128x8" 11074
"/Interchange/Pipelines/DefaultAudioPipeline" 11075
"/Interchange/Pipelines/DefaultTexturePipeline" 11076
"/Interchange/Pipelines/DefaultMaterialPipeline" 11077
"/Interchange/Pipelines/DefaultGLTFPipeline" 11078
"/Interchange/Pipelines/DefaultGLTFAssetsPipeline" 11079
"/Engine/EngineResources/Development/ZenLogo_64" 11080
"/Engine/EngineResources/FilmGrains/Marcie_Grain_v3_128_M2_000" 11081
"/Interchange/Pipelines/DefaultMaterialXPipeline" 11082
"/NNEDenoiser/NNE_oidn2-3-0_rt_hdr_alb_nrm__dyn__fp16_opset11_ForwardAlpha" 11083
"/Interchange/Pipelines/DefaultAssetsPipeline" 11084
"../../../Engine/Plugins/Interchange/Runtime/Content/Pipelines/DefaultSceneLevelPipeline.uasset" 11085
"/Engine/EngineSounds/Master" 11086
"/NNEDenoiser/NNE_oidn2-3-0_rt_hdr_alb_nrm_small__dyn__fp16_opset11_ForwardAlpha" 11087
"/NNEDenoiser/NNEDOM_Output_Alpha" 11088
"../../../Engine/Plugins/Interchange/Runtime/Content/Pipelines/DefaultSceneAssetsPipeline.uasset" 11089
"/Engine/EngineMaterials/SMAASearchTex" 11090
"../../../Engine/Plugins/Interchange/Assets/Content/Functions/MX_UsdPreviewSurface.uasset" 11091
"../../../Engine/Plugins/Interchange/Assets/Content/Functions/MX_SurfaceUnlit.uasset" 11092
"../../../Engine/Plugins/Interchange/Assets/Content/Functions/MX_OrenNayarBSDF.uasset" 11093
"../../../Engine/Plugins/Interchange/Runtime/Content/Pipelines/DefaultGLTFSceneAssetsPipeline.uasset" 11094
"../../../Engine/Plugins/Interchange/Assets/Content/Substrate/MX_SimpleVolume.uasset" 11095
"../../../Engine/Plugins/Interchange/Assets/Content/Functions/MX_TranslucentBSDF.uasset" 11096
"../../../Engine/Plugins/Interchange/Assets/Content/Functions/MX_DielectricBSDF.uasset" 11097
"../../../Engine/Plugins/Interchange/Assets/Content/Functions/MX_BurleyDiffuseBSDF.uasset" 11098
"C:/Users/cjoyn/OneDrive/Documents/Unreal Projects/CIS488UnrealProject/TheMarbelousAscent/Intermediate/ORTOptimizerPass_Optimized1F52F2A440FDB6A54D93B39BA5EE8479.onnx" 11099
"C:/Users/cjoyn/OneDrive/Documents/Unreal Projects/CIS488UnrealProject/TheMarbelousAscent/Intermediate/ORTOptimizerPass_Optimized71573EE046C77A35BD77AE95C140F75D.onnx" 11100
"/NNEDenoiser/NNED_Oidn2-3_Fast_Alpha" 11101
"/Engine/EngineMaterials/SMAAAreaTex" 11102
"/NNEDenoiser/NNE_oidn2-3-0_rt_hdr_calb_cnrm_large__dyn__fp16_opset11_ForwardAlpha" 11103
"/Engine/EngineMaterials/EnergyConservation/SheenLegacy_Energy" 11104
"/Engine/EngineMaterials/FastBlueNoise_vec2_128x128x64" 11105
"/NNEDenoiser/NNED_Oidn2-3_Balanced_Alpha" 11106
"/NNEDenoiser/NNE_oidn2-3-0_rt_hdr_calb_cnrm_large__dyn__fp16_opset11_DenoiseAlpha" 11107
"/InterchangeAssets/Functions/MX_DielectricBSDF" 11108
"/InterchangeAssets/Functions/MX_TranslucentBSDF" 11109
"/InterchangeAssets/Functions/MX_BurleyDiffuseBSDF" 11110
"/InterchangeAssets/Functions/MX_OrenNayarBSDF" 11111
"/InterchangeAssets/Substrate/MX_SimpleVolume" 11112
"/InterchangeAssets/Functions/MX_UsdPreviewSurface" 11113
"/InterchangeAssets/Functions/MX_SurfaceUnlit" 11114
"/Interchange/Pipelines/DefaultGLTFSceneAssetsPipeline" 11115
"/Interchange/Pipelines/DefaultSceneLevelPipeline" 11116
"../../../Engine/Plugins/Interchange/Assets/Content/Functions/MX_ChiangHairBSDF.uasset" 11117
"../../../Engine/Plugins/Interchange/Assets/Content/Functions/MX_SubsurfaceBSDF.uasset" 11118
"../../../Engine/Plugins/Interchange/Assets/Content/Functions/MX_SheenBSDF.uasset" 11119
"../../../Engine/Plugins/Interchange/Assets/Content/Functions/MX_ConductorBSDF.uasset" 11120
"../../../Engine/Plugins/Interchange/Assets/Content/Functions/MX_GeneralizedSchlickBSDF.uasset" 11121
"../../../Engine/Plugins/Interchange/Assets/Content/Functions/MX_UniformEDF.uasset" 11122
"../../../Engine/Plugins/Interchange/Assets/Content/Functions/MX_ConicalEDF.uasset" 11123
"../../../Engine/Plugins/Interchange/Assets/Content/Functions/MX_MeasuredEDF.uasset" 11124
"../../../Engine/Plugins/Interchange/Assets/Content/Functions/MX_AbsorptionVDF.uasset" 11125
"../../../Engine/Plugins/Interchange/Assets/Content/Functions/MX_AnisotropicVDF.uasset" 11126
"C:/Users/cjoyn/OneDrive/Documents/Unreal Projects/CIS488UnrealProject/TheMarbelousAscent/Intermediate/ORTOptimizerPass_Optimized1CED110C4BB531243E362686E7DE5A96.onnx" 11127
"../../../Engine/Plugins/Animation/ControlRig/Content/Controls/ControlRigGizmoMaterial.uasset" 11128
"C:/Users/cjoyn/OneDrive/Documents/Unreal Projects/CIS488UnrealProject/TheMarbelousAscent/Intermediate/ORTOptimizerPass_Optimized659FB78347231053C3378D9C2CE02E40.onnx" 11129
"C:/Users/cjoyn/OneDrive/Documents/Unreal Projects/CIS488UnrealProject/TheMarbelousAscent/Intermediate/ORTOptimizerPass_OptimizedCE56CA6141A7B143F7820485B0349904.onnx" 11130
"C:/Users/cjoyn/OneDrive/Documents/Unreal Projects/CIS488UnrealProject/TheMarbelousAscent/Intermediate/ORTOptimizerPass_Optimized88740D444E3B308487D365BE9D7D3B48.onnx" 11131
"C:/Users/cjoyn/OneDrive/Documents/Unreal Projects/CIS488UnrealProject/TheMarbelousAscent/Intermediate/ORTOptimizerPass_Optimized6431E48547BACE92B826218C35782A6D.onnx" 11132
"C:/Users/cjoyn/OneDrive/Documents/Unreal Projects/CIS488UnrealProject/TheMarbelousAscent/Intermediate/ORTOptimizerPass_Optimized64D1429446071AD6A9E4B2B9CD959CF7.onnx" 11133
"/Interchange/Pipelines/DefaultSceneAssetsPipeline" 11134
"/ControlRig/Controls/ControlRigGizmoMaterial" 11135
"/InterchangeAssets/Functions/MX_AnisotropicVDF" 11136
"/InterchangeAssets/Functions/MX_AbsorptionVDF" 11137
"/InterchangeAssets/Functions/MX_MeasuredEDF" 11138
"/InterchangeAssets/Functions/MX_ConicalEDF" 11139
"/InterchangeAssets/Functions/MX_UniformEDF" 11140
"/InterchangeAssets/Functions/MX_ChiangHairBSDF" 11141
"/InterchangeAssets/Functions/MX_SheenBSDF" 11142
"/InterchangeAssets/Functions/MX_SubsurfaceBSDF" 11143
"/InterchangeAssets/Functions/MX_GeneralizedSchlickBSDF" 11144
"/InterchangeAssets/Functions/MX_ConductorBSDF" 11145
"C:/Users/cjoyn/OneDrive/Documents/Unreal Projects/CIS488UnrealProject/TheMarbelousAscent/Saved/Cooked/Windows/TheMarbelousAscent/Metadata/CookedSettings.txt" 11146
